account,symbol,execution_price,size,side,time,start_position,event,closedPnL,leverage,dir
0x0af6790523dd0af40c1c3a03a4c1a0df6067eba2,BTC,24573.3627,0.4595,BUY,2023-01-01 06:50:00,0.1228,OPEN,0.0,10,Long
0x4939835272851ed4624ebeef2cd55b020d083576,OP,1.4541,0.1265,SELL,2023-01-01 08:46:00,-0.057,CLOSE,-7.59,20,Short
0x6121a1650753afb98b8a066940907804424fc225,AVAX,14.322,0.0227,SELL,2023-01-01 10:12:00,0.0029,OPEN,0.0,1,Short
0x6262afa887ea89b1b66c12e70d25de9412bdf3dd,DOGE,0.0646,0.3598,SELL,2023-01-01 14:41:00,0.2708,OPEN,0.0,5,Short
0x5adebdbe4ffde843c5c0942476dafed98f4081ed,MATIC,0.8685,0.7359,SELL,2023-01-01 15:55:00,-0.3627,CLOSE,-4.68,10,Short
0xbb4e5487f3cf95039e0674754240ffcd91dcb7b6,DOGE,0.0654,0.4003,SELL,2023-01-01 23:02:00,-0.0453,CLOSE,4.3,5,Short
0xedbe03d7cf3f6121ea929dfa1841270856f03d2b,LINK,5.8112,0.3783,BUY,2023-01-02 03:17:00,-0.1337,OPEN,0.0,5,Long
0xc87fa1c370a4cdce8a3de02aecd8246696f21820,BNB,201.5666,0.3087,BUY,2023-01-02 04:16:00,-0.0812,OPEN,0.0,50,Long
0xbdd2a8dc587fa386779f90becc9694c9586d3ce5,ARB,1.0904,0.493,BUY,2023-01-02 06:54:00,-0.3784,OPEN,0.0,3,Long
0xea061b83a2dc03d04b9b22920149ea6f5465fa27,MATIC,0.8844,0.341,BUY,2023-01-02 07:13:00,0.0606,CLOSE,5.66,2,Long
0x3be2f0013aec35a8fd588a7ee15b7c917e04dd75,ETH,1670.8581,0.4393,BUY,2023-01-02 10:00:00,-0.0925,CLOSE,4.98,5,Long
0xea061b83a2dc03d04b9b22920149ea6f5465fa27,ETH,1609.2477,0.5574,SELL,2023-01-02 13:59:00,-0.0083,OPEN,0.0,10,Short
0xb5165416bd5e31205f5eebdb26cd1592ebddca2e,BTC,25860.4338,0.7739,SELL,2023-01-02 18:41:00,0.3714,OPEN,0.0,50,Short
0x1d186cb24f764ddad17b04d51d4a66b0c92ad716,OP,1.591,0.771,SELL,2023-01-02 21:27:00,0.2054,OPEN,0.0,2,Short
0x0328d5d04ef6b199bde888fc75394a7e49cbb2e3,SOL,19.1599,0.075,BUY,2023-01-03 03:57:00,0.0989,OPEN,0.0,10,Long
0xa2a2e9a7468bbcd27e0f039d47476b02aac10637,ETH,1727.9244,0.2746,BUY,2023-01-03 08:59:00,0.0773,OPEN,0.0,10,Long
0xee391c2f221fd53d6a55604791a2377121504c19,OP,1.5789,0.1739,SELL,2023-01-03 10:58:00,0.0403,CLOSE,-2.83,5,Short
0x30cf07144e7941c6c51824aa794607d5a2f34311,BTC,25264.849,0.2263,BUY,2023-01-03 11:59:00,-0.029,OPEN,0.0,1,Long
0x4939835272851ed4624ebeef2cd55b020d083576,SOL,22.1103,0.0644,SELL,2023-01-03 12:01:00,-0.0201,CLOSE,0.4,1,Short
0x987c1d0a09e6109925ce9325a327c9bc34db8d33,ETH,1501.9057,0.9873,SELL,2023-01-03 16:28:00,1.0844,OPEN,0.0,10,Short
0x0285eb8e3dcc5302124dd67b15b3a223cf2bd3b2,BTC,26506.1537,0.7079,BUY,2023-01-03 18:38:00,-0.4236,OPEN,0.0,1,Long
0x987c1d0a09e6109925ce9325a327c9bc34db8d33,LINK,6.3497,0.8987,SELL,2023-01-03 20:48:00,-0.4565,OPEN,0.0,2,Short
0x4939835272851ed4624ebeef2cd55b020d083576,MATIC,0.8917,0.053,SELL,2023-01-03 22:02:00,-0.0451,OPEN,0.0,50,Short
0x6121a1650753afb98b8a066940907804424fc225,SOL,20.9894,0.1182,SELL,2023-01-04 00:11:00,-0.0692,OPEN,0.0,1,Short
0x744cb7ef9bc0528b331a9c8cbdd555eeda37cf0e,BTC,26802.2567,0.0801,BUY,2023-01-04 02:11:00,0.0173,CLOSE,15.79,10,Long
0xd45a1cd4a5790cb05bf8c66c9c2a4154c047bb63,ETH,1706.6911,0.5004,BUY,2023-01-04 02:13:00,0.2856,CLOSE,-5.82,3,Long
0x744cb7ef9bc0528b331a9c8cbdd555eeda37cf0e,ARB,1.2052,1.4261,SELL,2023-01-04 04:28:00,-1.5825,CLOSE,4.46,2,Short
0xe921971dbc1ec5636c7872b4ccfded69e5a45abe,ARB,1.0986,0.3211,SELL,2023-01-04 08:28:00,-0.1396,OPEN,0.0,2,Short
0xc61546b61eada8292e6df67fbf85809118265b37,MATIC,0.9275,0.8314,BUY,2023-01-04 09:14:00,0.5347,OPEN,0.0,3,Long
0xa2a2e9a7468bbcd27e0f039d47476b02aac10637,LINK,6.439,0.9896,SELL,2023-01-04 09:51:00,0.1808,OPEN,0.0,50,Short
0x6121a1650753afb98b8a066940907804424fc225,ARB,1.0892,0.2634,BUY,2023-01-04 11:00:00,-0.1224,CLOSE,-77.85,50,Long
0x23be95267b9414f864c908abccf5f987e42ce22c,BNB,214.3431,0.818,SELL,2023-01-04 14:01:00,0.405,CLOSE,-3.34,3,Short
0xcfd86a92699b4e78a9d76f77c3658a5933d981e1,SOL,19.2199,0.5924,SELL,2023-01-04 14:16:00,0.1477,OPEN,0.0,50,Short
0xb4d87bd4dc83166db001549b0f7dd10ed8172a97,BNB,198.4037,0.1157,BUY,2023-01-04 19:29:00,0.0535,CLOSE,-2.87,3,Long
0xb5165416bd5e31205f5eebdb26cd1592ebddca2e,OP,1.4634,0.0997,SELL,2023-01-05 00:43:00,-0.0216,CLOSE,23.74,20,Short
0x37d65217f9a89b91d3d82602fe21b9178f03dce8,BNB,208.814,0.2079,BUY,2023-01-05 01:36:00,-0.0434,CLOSE,-1.34,20,Long
0xc61546b61eada8292e6df67fbf85809118265b37,AVAX,13.7601,0.9995,SELL,2023-01-05 07:05:00,-0.1856,OPEN,0.0,20,Short
0xb5165416bd5e31205f5eebdb26cd1592ebddca2e,BNB,202.3191,0.1912,BUY,2023-01-05 07:47:00,-0.0978,CLOSE,7.29,5,Long
0x0285eb8e3dcc5302124dd67b15b3a223cf2bd3b2,DOGE,0.0704,0.6622,SELL,2023-01-05 10:44:00,0.168,OPEN,0.0,1,Short
0xeea684c1f340e7d01d339e94e345a318e63f4345,SOL,19.2039,0.7832,BUY,2023-01-05 10:54:00,-0.0618,OPEN,0.0,50,Long
0xb5165416bd5e31205f5eebdb26cd1592ebddca2e,OP,1.477,0.2815,SELL,2023-01-05 12:59:00,-0.0185,OPEN,0.0,5,Short
0x0285eb8e3dcc5302124dd67b15b3a223cf2bd3b2,SOL,20.8307,0.289,SELL,2023-01-05 15:51:00,-0.147,OPEN,0.0,20,Short
0xc599099a389d38c5d9c8b5481edbeba0598102b1,OP,1.4567,0.1679,BUY,2023-01-05 17:50:00,0.0286,CLOSE,7.94,5,Long
0xe921971dbc1ec5636c7872b4ccfded69e5a45abe,SOL,21.3693,0.0423,BUY,2023-01-05 17:54:00,-0.0241,OPEN,0.0,5,Long
0xc4dea9884019946f0c0617e568292cdd487b5de4,OP,1.3905,0.1892,SELL,2023-01-05 18:42:00,0.1127,OPEN,0.0,50,Short
0x4ccba13ed55148644802487bce53eb55921ba0fe,DOGE,0.0691,0.3549,SELL,2023-01-05 22:59:00,-0.0484,CLOSE,17.09,10,Short
0xe921971dbc1ec5636c7872b4ccfded69e5a45abe,LINK,5.7545,0.3109,BUY,2023-01-06 00:33:00,-0.0404,CLOSE,-8.72,3,Long
0x4379bda828db78e0c9e1b8c145905c0b109af197,BNB,208.2523,0.2006,SELL,2023-01-06 01:18:00,-0.0628,OPEN,0.0,20,Short
0x26e94b906f96d22acf1132f3c95ef725e7f49365,AVAX,15.2073,0.9237,BUY,2023-01-06 03:24:00,-0.7173,OPEN,0.0,3,Long
0x9c453737aa43460414e9164eba11d3f5579cf2f1,BNB,224.7042,0.3805,BUY,2023-01-06 05:42:00,0.1054,OPEN,0.0,3,Long
0x0af6790523dd0af40c1c3a03a4c1a0df6067eba2,MATIC,0.8588,0.7733,BUY,2023-01-06 09:35:00,-0.2669,OPEN,0.0,10,Long
0x1df10b04fc8b7bb56232fbf467593f3d4db7f636,MATIC,0.8673,0.0299,BUY,2023-01-06 09:46:00,0.0156,OPEN,0.0,50,Long
0x23be95267b9414f864c908abccf5f987e42ce22c,ARB,1.2584,0.2381,SELL,2023-01-06 13:52:00,-0.1181,CLOSE,-20.15,20,Short
0x6262afa887ea89b1b66c12e70d25de9412bdf3dd,OP,1.5888,0.0475,SELL,2023-01-06 17:05:00,0.0073,CLOSE,0.78,1,Short
0xee391c2f221fd53d6a55604791a2377121504c19,LINK,5.9272,0.0206,SELL,2023-01-06 17:50:00,-0.0039,CLOSE,-10.56,50,Short
0xf547770f567ab48950b47158a6efc236cb73d8c1,DOGE,0.0715,0.3253,BUY,2023-01-06 19:58:00,0.1183,CLOSE,-8.04,2,Long
0x14fb2d0de7f331f4ab61b71a9d5c4c8e4ef8c0e5,ETH,1704.9766,0.9943,BUY,2023-01-06 20:19:00,-0.1059,CLOSE,-20.88,10,Long
0x30cf07144e7941c6c51824aa794607d5a2f34311,BTC,24943.6949,0.8363,BUY,2023-01-06 21:45:00,-0.2085,OPEN,0.0,10,Long
0xaa624205b23ee2d620474b557ab013e55b55c926,LINK,5.5814,0.1142,BUY,2023-01-07 00:38:00,0.026,CLOSE,-0.65,20,Long
0x4379bda828db78e0c9e1b8c145905c0b109af197,BNB,218.5952,0.6625,SELL,2023-01-07 01:31:00,-0.2,CLOSE,3.02,1,Short
0xcfd86a92699b4e78a9d76f77c3658a5933d981e1,AVAX,14.7614,0.0802,BUY,2023-01-07 06:53:00,0.0277,OPEN,0.0,3,Long
0xa2e1a7b77321268164f1cab8f52cd112cfe0f364,ARB,1.1874,0.3273,BUY,2023-01-07 09:15:00,0.3726,CLOSE,-4.74,2,Long
0x525162b29a67219a10418bb3be42f9213b57465d,DOGE,0.0714,0.0903,SELL,2023-01-07 09:20:00,0.0193,CLOSE,18.31,10,Short
0xeebc475a7fbdf24e9a015d16ca79c7f443e7ab81,BTC,26093.4245,0.0807,BUY,2023-01-07 13:50:00,-0.0124,OPEN,0.0,3,Long
0x4939835272851ed4624ebeef2cd55b020d083576,BNB,210.4158,0.6233,SELL,2023-01-07 14:47:00,0.3736,OPEN,0.0,10,Short
0x2e380d92bab460b09297a542e4b0198e2c87e43c,AVAX,12.6115,1.4819,BUY,2023-01-07 20:18:00,0.3999,CLOSE,-1.8,1,Long
0xc87fa1c370a4cdce8a3de02aecd8246696f21820,AVAX,14.0702,0.3898,SELL,2023-01-07 21:04:00,-0.0417,OPEN,0.0,2,Short
0x0e414a03aedcefa5c05276b7aa873350baf6378b,MATIC,0.8646,0.7956,BUY,2023-01-07 21:11:00,-0.1869,OPEN,0.0,1,Long
0x2e380d92bab460b09297a542e4b0198e2c87e43c,SOL,19.1396,0.0358,SELL,2023-01-07 21:15:00,0.0023,OPEN,0.0,10,Short
0xa2a2e9a7468bbcd27e0f039d47476b02aac10637,ARB,1.1518,0.0874,SELL,2023-01-08 00:09:00,-0.0097,OPEN,0.0,1,Short
0xcfd86a92699b4e78a9d76f77c3658a5933d981e1,OP,1.4969,1.5117,BUY,2023-01-08 01:51:00,0.193,OPEN,0.0,20,Long
0x2d1a95b8825f9bbc7b309def655febd63cc1029d,OP,1.4724,0.4187,SELL,2023-01-08 04:56:00,-0.0405,CLOSE,3.18,2,Short
0x2e380d92bab460b09297a542e4b0198e2c87e43c,ETH,1483.4262,1.3057,SELL,2023-01-08 07:15:00,-0.1054,CLOSE,243.2,50,Short
0x6ae91f9044b365bc545fbaefecc120afb3f0e0b8,DOGE,0.0688,0.0209,BUY,2023-01-08 09:05:00,0.0025,CLOSE,-36.38,5,Long
0x8528643b6c996c090947e88b00fe1763200c3698,DOGE,0.073,0.5929,BUY,2023-01-08 09:28:00,0.0575,CLOSE,0.6,5,Long
0x9c453737aa43460414e9164eba11d3f5579cf2f1,LINK,5.5998,0.116,SELL,2023-01-08 13:50:00,-0.0165,OPEN,0.0,3,Short
0x1d186cb24f764ddad17b04d51d4a66b0c92ad716,ARB,1.0669,0.3068,SELL,2023-01-08 16:03:00,0.371,OPEN,0.0,5,Short
0x9f46469dacc43d56c35b79bae4905b54b673b96f,BTC,25497.0469,0.0128,SELL,2023-01-08 21:46:00,0.0006,OPEN,0.0,10,Short
0x1df10b04fc8b7bb56232fbf467593f3d4db7f636,MATIC,0.9448,0.5,SELL,2023-01-08 23:27:00,-0.1892,CLOSE,-7.22,3,Short
0x23be95267b9414f864c908abccf5f987e42ce22c,SOL,20.2739,0.0752,SELL,2023-01-09 00:18:00,-0.0104,OPEN,0.0,5,Short
0xebf28c699b1e7f2ad3e31316d86da0df789a475b,OP,1.4725,0.0854,SELL,2023-01-09 02:30:00,0.0546,OPEN,0.0,20,Short
0x925c717311ca9170b4ac3e9b636d21179e3359dd,SOL,22.2524,0.2488,BUY,2023-01-09 04:46:00,0.0074,OPEN,0.0,20,Long
0xd070b332429151e576014d456b91028526f824b6,ETH,1671.6798,0.3521,BUY,2023-01-09 06:21:00,0.0257,OPEN,0.0,10,Long
0xee391c2f221fd53d6a55604791a2377121504c19,BNB,204.4461,0.3147,SELL,2023-01-09 07:41:00,-0.0008,OPEN,0.0,2,Short
0x4ccba13ed55148644802487bce53eb55921ba0fe,AVAX,14.6266,0.842,BUY,2023-01-09 07:57:00,0.3583,CLOSE,5.1,2,Long
0x47484e135be5cc29287e7165fb9c975996f6a214,BNB,203.298,0.1279,SELL,2023-01-09 10:17:00,0.0522,CLOSE,73.2,50,Short
0xeea684c1f340e7d01d339e94e345a318e63f4345,SOL,19.2358,0.7389,BUY,2023-01-09 12:30:00,0.3237,OPEN,0.0,1,Long
0x09fceb2336574e225ea891b132998c73f4696abe,SOL,20.2062,0.5903,SELL,2023-01-09 13:07:00,-0.1437,CLOSE,-0.76,2,Short
0xb77e6e8c09d1faa2d9fa8746ce75c51abe7252be,SOL,20.4807,0.1133,SELL,2023-01-09 14:20:00,0.0848,CLOSE,-4.42,5,Short
0xa2e1a7b77321268164f1cab8f52cd112cfe0f364,BNB,222.545,0.4379,BUY,2023-01-09 18:43:00,0.1959,OPEN,0.0,50,Long
0x7d320effc2b28f577dcd364c61661834374cb1ee,LINK,5.8802,0.5664,SELL,2023-01-09 19:17:00,-0.0019,CLOSE,1.99,1,Short
0xc61546b61eada8292e6df67fbf85809118265b37,BTC,25124.1423,0.99,BUY,2023-01-09 19:23:00,-0.354,OPEN,0.0,1,Long
0x3be2f0013aec35a8fd588a7ee15b7c917e04dd75,OP,1.4787,0.4107,SELL,2023-01-09 19:49:00,0.1547,CLOSE,-83.6,50,Short
0x26e94b906f96d22acf1132f3c95ef725e7f49365,BNB,197.7205,0.3376,SELL,2023-01-09 22:04:00,-0.1217,OPEN,0.0,10,Short
0x4ccba13ed55148644802487bce53eb55921ba0fe,BTC,25103.1409,0.0478,BUY,2023-01-09 22:12:00,-0.0384,OPEN,0.0,50,Long
0x4379bda828db78e0c9e1b8c145905c0b109af197,DOGE,0.0667,0.3225,SELL,2023-01-09 23:55:00,-0.059,CLOSE,-0.04,1,Short
0x4379bda828db78e0c9e1b8c145905c0b109af197,SOL,20.1663,0.4142,SELL,2023-01-10 10:05:00,0.256,OPEN,0.0,1,Short
0x453dd2d9eed5ff86eb409796ee5f1e1d285c33d4,LINK,6.4837,0.2505,BUY,2023-01-10 11:20:00,0.0438,CLOSE,13.34,5,Long
0x5f3203e5a82554fb4ff75ee00ec09483e2ae0341,BTC,22746.9889,0.3628,SELL,2023-01-10 15:58:00,-0.1173,OPEN,0.0,20,Short
0xb2ad781ab883a8f93650bcd708f6c9529a07f690,BNB,198.7525,0.3685,SELL,2023-01-10 19:25:00,0.2456,CLOSE,24.46,10,Short
0xb5165416bd5e31205f5eebdb26cd1592ebddca2e,DOGE,0.0698,0.0952,SELL,2023-01-10 20:39:00,-0.0439,OPEN,0.0,50,Short
0xd45a1cd4a5790cb05bf8c66c9c2a4154c047bb63,LINK,5.9017,0.0817,SELL,2023-01-10 21:20:00,0.0299,CLOSE,69.13,20,Short
0xb2ad781ab883a8f93650bcd708f6c9529a07f690,ETH,1587.6802,1.452,BUY,2023-01-11 03:08:00,0.5163,CLOSE,-18.72,5,Long
0x5adebdbe4ffde843c5c0942476dafed98f4081ed,MATIC,0.896,0.4538,SELL,2023-01-11 03:52:00,-0.0085,OPEN,0.0,5,Short
0xea061b83a2dc03d04b9b22920149ea6f5465fa27,ARB,1.226,0.4212,SELL,2023-01-11 04:40:00,-0.3175,CLOSE,8.02,5,Short
0xbdd2a8dc587fa386779f90becc9694c9586d3ce5,AVAX,14.3059,0.7073,BUY,2023-01-11 05:40:00,-0.0975,OPEN,0.0,1,Long
0x9c453737aa43460414e9164eba11d3f5579cf2f1,BNB,215.6899,0.6725,BUY,2023-01-11 07:26:00,-0.1581,OPEN,0.0,5,Long
0xedbe03d7cf3f6121ea929dfa1841270856f03d2b,MATIC,0.9485,0.6663,BUY,2023-01-11 09:01:00,0.5704,CLOSE,-33.95,10,Long
0x79734a87ec5efa730c4a5d0ff563bac34e411e6b,ARB,1.2298,0.6684,SELL,2023-01-11 21:00:00,-0.0462,CLOSE,-21.24,10,Short
0xb429f0db71443a6dc3b6dd7fc8a7ccec4aa6dfca,BTC,24660.4311,0.467,SELL,2023-01-11 21:08:00,0.3499,OPEN,0.0,1,Short
0x744cb7ef9bc0528b331a9c8cbdd555eeda37cf0e,LINK,6.353,0.3669,BUY,2023-01-11 22:02:00,-0.1071,CLOSE,2.57,3,Long
0x1d186cb24f764ddad17b04d51d4a66b0c92ad716,AVAX,13.9704,0.1856,SELL,2023-01-12 01:01:00,-0.1082,OPEN,0.0,2,Short
0x4f4a940690ae223310632fab09b9ce1d1115fe6b,LINK,5.7806,0.1786,BUY,2023-01-12 02:08:00,-0.0039,OPEN,0.0,2,Long
0x4379bda828db78e0c9e1b8c145905c0b109af197,MATIC,0.878,0.2136,SELL,2023-01-12 02:34:00,-0.1196,OPEN,0.0,2,Short
0xedbe03d7cf3f6121ea929dfa1841270856f03d2b,BTC,22402.0292,0.4201,BUY,2023-01-12 05:06:00,-0.2606,OPEN,0.0,10,Long
0x0af6790523dd0af40c1c3a03a4c1a0df6067eba2,AVAX,14.5253,0.6461,BUY,2023-01-12 06:06:00,-0.0171,CLOSE,1.51,1,Long
0x9f46469dacc43d56c35b79bae4905b54b673b96f,ARB,1.2089,0.2737,BUY,2023-01-12 07:12:00,-0.0234,OPEN,0.0,2,Long
0x24a05b6a280881d9f48b32588c8c89018988a3b9,ARB,1.1748,0.4927,SELL,2023-01-12 09:08:00,-0.0137,OPEN,0.0,1,Short
0x0285eb8e3dcc5302124dd67b15b3a223cf2bd3b2,ETH,1693.4008,0.2935,SELL,2023-01-12 09:49:00,-0.1062,CLOSE,89.54,20,Short
0x6262afa887ea89b1b66c12e70d25de9412bdf3dd,DOGE,0.0694,0.2721,SELL,2023-01-12 15:50:00,-0.1618,OPEN,0.0,20,Short
0x4ccba13ed55148644802487bce53eb55921ba0fe,BTC,26183.1892,0.1349,SELL,2023-01-12 17:18:00,0.0554,OPEN,0.0,50,Short
0xb77e6e8c09d1faa2d9fa8746ce75c51abe7252be,OP,1.7195,0.1917,BUY,2023-01-12 17:37:00,-0.0953,CLOSE,-3.36,2,Long
0xc61546b61eada8292e6df67fbf85809118265b37,SOL,21.7693,0.2964,BUY,2023-01-12 17:43:00,0.0296,OPEN,0.0,3,Long
0x1d186cb24f764ddad17b04d51d4a66b0c92ad716,SOL,20.327,0.4287,SELL,2023-01-12 17:44:00,-0.179,CLOSE,-2.6,3,Short
0xb4d87bd4dc83166db001549b0f7dd10ed8172a97,BNB,220.158,0.6482,BUY,2023-01-12 19:19:00,0.4679,OPEN,0.0,3,Long
0xeea684c1f340e7d01d339e94e345a318e63f4345,SOL,18.9588,1.1581,SELL,2023-01-12 20:36:00,1.1093,CLOSE,6.57,3,Short
0x6262afa887ea89b1b66c12e70d25de9412bdf3dd,DOGE,0.0683,0.7869,BUY,2023-01-13 04:30:00,0.0885,CLOSE,0.22,1,Long
0xb2ad781ab883a8f93650bcd708f6c9529a07f690,BTC,23906.5297,0.2739,SELL,2023-01-13 05:59:00,0.0805,OPEN,0.0,10,Short
0x0f2f77b9475059e62105e77b8d130a7cd6f85ea9,ARB,1.2632,0.0148,SELL,2023-01-13 06:58:00,-0.0035,OPEN,0.0,50,Short
0x987c1d0a09e6109925ce9325a327c9bc34db8d33,OP,1.4142,0.5661,SELL,2023-01-13 07:54:00,0.0162,CLOSE,145.34,50,Short
0xbdd2a8dc587fa386779f90becc9694c9586d3ce5,LINK,6.2981,0.1867,SELL,2023-01-13 08:29:00,-0.0384,OPEN,0.0,1,Short
0xb5165416bd5e31205f5eebdb26cd1592ebddca2e,MATIC,0.8883,1.8667,SELL,2023-01-13 11:31:00,0.1005,OPEN,0.0,50,Short
0xb5165416bd5e31205f5eebdb26cd1592ebddca2e,OP,1.4714,1.7116,SELL,2023-01-13 11:54:00,0.4675,CLOSE,3.24,2,Short
0xe2c1562bb67f7a529b76e91f7196d63f54ccddaf,BTC,25727.6221,0.073,BUY,2023-01-13 12:39:00,0.0419,OPEN,0.0,3,Long
0xb4d87bd4dc83166db001549b0f7dd10ed8172a97,ARB,1.3201,0.656,SELL,2023-01-13 15:57:00,0.3538,OPEN,0.0,10,Short
0x2e380d92bab460b09297a542e4b0198e2c87e43c,DOGE,0.0697,0.6435,BUY,2023-01-13 16:20:00,-0.4,CLOSE,7.7,5,Long
0x5cc6e86a6eb53b1f13feb35d2a7d10c872850f05,AVAX,12.9609,0.341,SELL,2023-01-13 16:47:00,-0.0482,CLOSE,-0.0,3,Short
0xe2f5ee794b96897c7d576413e0148b2e8f9fa655,SOL,18.934,0.1306,SELL,2023-01-13 17:10:00,-0.0034,OPEN,0.0,3,Short
0x6121a1650753afb98b8a066940907804424fc225,BTC,26586.4841,0.0907,BUY,2023-01-13 17:49:00,-0.0211,CLOSE,29.48,10,Long
0x0af6790523dd0af40c1c3a03a4c1a0df6067eba2,BTC,25973.6706,0.6592,SELL,2023-01-13 18:51:00,0.2088,CLOSE,13.8,50,Short
0xee391c2f221fd53d6a55604791a2377121504c19,LINK,5.6401,1.009,BUY,2023-01-13 22:13:00,0.3526,CLOSE,11.63,5,Long
0x7968a5f8676e6b77d71e6dadf79e40929b9c9eb0,ETH,1698.8345,0.676,SELL,2023-01-13 23:18:00,0.5799,CLOSE,2.87,10,Short
0x525162b29a67219a10418bb3be42f9213b57465d,AVAX,14.75,0.4683,SELL,2023-01-13 23:54:00,0.0293,OPEN,0.0,5,Short
0x47484e135be5cc29287e7165fb9c975996f6a214,BNB,210.8613,0.8075,BUY,2023-01-14 04:59:00,-0.1136,OPEN,0.0,5,Long
0x0af6790523dd0af40c1c3a03a4c1a0df6067eba2,BTC,26531.4154,1.9441,SELL,2023-01-14 05:24:00,-0.8784,OPEN,0.0,20,Short
0x5adebdbe4ffde843c5c0942476dafed98f4081ed,OP,1.4093,0.3335,BUY,2023-01-14 08:34:00,0.3308,OPEN,0.0,50,Long
0x893c0ce1b001bed43dbe9f36ff779cf9df99e513,AVAX,14.1388,0.043,BUY,2023-01-14 12:30:00,0.007,CLOSE,1.12,2,Long
0x24a05b6a280881d9f48b32588c8c89018988a3b9,BNB,218.581,1.0788,SELL,2023-01-14 18:39:00,1.0465,CLOSE,4.75,3,Short
0xea061b83a2dc03d04b9b22920149ea6f5465fa27,LINK,5.734,0.1381,SELL,2023-01-14 19:10:00,-0.0686,OPEN,0.0,3,Short
0x5a1966353c437c4a9bafc506875acdf42fc8ff65,BTC,22625.4121,0.5182,BUY,2023-01-14 21:44:00,-0.0332,OPEN,0.0,50,Long
0xb5165416bd5e31205f5eebdb26cd1592ebddca2e,OP,1.5526,0.7304,BUY,2023-01-14 23:50:00,-0.3202,OPEN,0.0,2,Long
0x7d320effc2b28f577dcd364c61661834374cb1ee,ARB,1.1333,0.505,BUY,2023-01-15 00:21:00,-0.2768,OPEN,0.0,5,Long
0xc4dea9884019946f0c0617e568292cdd487b5de4,DOGE,0.068,0.4016,SELL,2023-01-15 02:29:00,0.051,OPEN,0.0,2,Short
0x23be95267b9414f864c908abccf5f987e42ce22c,DOGE,0.0755,0.1605,SELL,2023-01-15 04:09:00,-0.0815,CLOSE,6.89,5,Short
0xee391c2f221fd53d6a55604791a2377121504c19,MATIC,0.9274,0.1421,BUY,2023-01-15 08:15:00,0.0956,OPEN,0.0,50,Long
0xb4d87bd4dc83166db001549b0f7dd10ed8172a97,ARB,1.2456,0.126,SELL,2023-01-15 08:50:00,-0.0129,OPEN,0.0,2,Short
0x9f46469dacc43d56c35b79bae4905b54b673b96f,BNB,205.2352,0.8208,SELL,2023-01-15 09:29:00,-0.2841,CLOSE,-7.68,2,Short
0x7968a5f8676e6b77d71e6dadf79e40929b9c9eb0,BNB,207.1319,0.4144,SELL,2023-01-15 10:34:00,0.2785,OPEN,0.0,50,Short
0x4ccba13ed55148644802487bce53eb55921ba0fe,ARB,1.1434,1.431,SELL,2023-01-15 15:06:00,-0.3613,OPEN,0.0,1,Short
0x5a1966353c437c4a9bafc506875acdf42fc8ff65,OP,1.4796,0.0482,BUY,2023-01-15 15:57:00,0.0019,CLOSE,-4.93,2,Long
0x43daceb7e014b2c8f1e1dea64bf293277027181b,BTC,25325.3284,0.8063,SELL,2023-01-15 16:11:00,0.355,CLOSE,0.77,1,Short
0x23be95267b9414f864c908abccf5f987e42ce22c,OP,1.4254,0.3495,BUY,2023-01-15 17:37:00,0.1361,CLOSE,-4.72,1,Long
0x5adebdbe4ffde843c5c0942476dafed98f4081ed,BTC,23404.5801,0.5893,SELL,2023-01-15 18:36:00,-0.2446,CLOSE,-4.3,3,Short
0xc599099a389d38c5d9c8b5481edbeba0598102b1,OP,1.5853,0.0957,BUY,2023-01-15 21:48:00,0.0191,OPEN,0.0,2,Long
0x893c0ce1b001bed43dbe9f36ff779cf9df99e513,SOL,21.3639,0.1484,SELL,2023-01-15 21:56:00,0.1884,CLOSE,6.2,10,Short
0x6772ce2c78ad77d185e724baf3c73fc855e0c397,ETH,1579.1834,1.4187,BUY,2023-01-16 00:45:00,-0.6175,OPEN,0.0,1,Long
0x4f4a940690ae223310632fab09b9ce1d1115fe6b,BTC,25292.5766,0.5246,BUY,2023-01-16 01:41:00,0.0773,OPEN,0.0,2,Long
0x37d65217f9a89b91d3d82602fe21b9178f03dce8,DOGE,0.0709,0.6016,SELL,2023-01-16 08:04:00,0.2775,OPEN,0.0,20,Short
0x646d2815b93dc22b981b7152e79d208287e60827,LINK,6.1241,0.3882,SELL,2023-01-16 08:29:00,0.0591,CLOSE,-52.72,50,Short
0x79734a87ec5efa730c4a5d0ff563bac34e411e6b,BNB,213.3994,0.5016,SELL,2023-01-16 10:13:00,0.3176,OPEN,0.0,3,Short
0x24a05b6a280881d9f48b32588c8c89018988a3b9,ETH,1660.2661,2.8143,SELL,2023-01-16 10:24:00,0.0535,OPEN,0.0,50,Short
0x37d65217f9a89b91d3d82602fe21b9178f03dce8,OP,1.4995,0.5699,SELL,2023-01-16 11:10:00,0.0629,OPEN,0.0,3,Short
0xdb5102ee19e81b7181b47ffb28758462bdc6a2f6,SOL,18.389,0.061,SELL,2023-01-16 15:35:00,-0.0281,CLOSE,-184.03,50,Short
0xeebc475a7fbdf24e9a015d16ca79c7f443e7ab81,AVAX,12.9656,0.5332,SELL,2023-01-16 16:36:00,0.3046,OPEN,0.0,20,Short
0xdb5102ee19e81b7181b47ffb28758462bdc6a2f6,BTC,25101.5319,0.1288,BUY,2023-01-16 16:40:00,-0.0095,CLOSE,-2.36,2,Long
0xea061b83a2dc03d04b9b22920149ea6f5465fa27,BTC,24002.1284,0.2432,SELL,2023-01-16 17:17:00,0.1075,CLOSE,-90.07,50,Short
0xa2e1a7b77321268164f1cab8f52cd112cfe0f364,ETH,1758.0589,0.0487,BUY,2023-01-16 19:03:00,-0.0264,OPEN,0.0,50,Long
0x453dd2d9eed5ff86eb409796ee5f1e1d285c33d4,MATIC,0.9412,0.2104,BUY,2023-01-16 23:10:00,-0.0158,CLOSE,-0.55,1,Long
0x646d2815b93dc22b981b7152e79d208287e60827,BTC,25952.0902,0.1968,SELL,2023-01-17 04:18:00,0.0813,OPEN,0.0,2,Short
0x646d2815b93dc22b981b7152e79d208287e60827,LINK,6.1043,0.3526,BUY,2023-01-17 04:25:00,-0.1947,OPEN,0.0,10,Long
0x3be2f0013aec35a8fd588a7ee15b7c917e04dd75,ETH,1835.4439,0.3964,SELL,2023-01-17 06:44:00,0.1436,CLOSE,26.76,20,Short
0xc4dea9884019946f0c0617e568292cdd487b5de4,ARB,1.2321,0.1902,BUY,2023-01-17 08:24:00,-0.0691,CLOSE,-1.81,1,Long
0x0e414a03aedcefa5c05276b7aa873350baf6378b,BNB,207.7017,0.4963,BUY,2023-01-17 15:18:00,0.0603,OPEN,0.0,10,Long
0xb429f0db71443a6dc3b6dd7fc8a7ccec4aa6dfca,LINK,6.0536,0.1149,SELL,2023-01-17 15:59:00,0.0706,OPEN,0.0,2,Short
0x23be95267b9414f864c908abccf5f987e42ce22c,DOGE,0.0649,0.7555,SELL,2023-01-17 19:11:00,0.7947,OPEN,0.0,20,Short
0x987c1d0a09e6109925ce9325a327c9bc34db8d33,SOL,17.7063,0.0425,SELL,2023-01-17 19:45:00,-0.0164,CLOSE,1.19,1,Short
0x525162b29a67219a10418bb3be42f9213b57465d,ARB,1.3055,0.1883,BUY,2023-01-17 20:45:00,0.0768,OPEN,0.0,50,Long
0xee391c2f221fd53d6a55604791a2377121504c19,LINK,6.0197,2.5607,BUY,2023-01-18 00:30:00,-0.6964,CLOSE,17.52,10,Long
0x5a1966353c437c4a9bafc506875acdf42fc8ff65,SOL,20.6301,0.0209,SELL,2023-01-18 00:33:00,-0.0068,CLOSE,-12.51,50,Short
0xd070b332429151e576014d456b91028526f824b6,SOL,21.4795,0.7204,BUY,2023-01-18 01:38:00,-0.4811,OPEN,0.0,50,Long
0x4379bda828db78e0c9e1b8c145905c0b109af197,ETH,1488.9166,0.4032,BUY,2023-01-18 04:57:00,-0.3226,OPEN,0.0,2,Long
0x4f4a940690ae223310632fab09b9ce1d1115fe6b,ETH,1424.3098,1.2115,SELL,2023-01-18 08:17:00,-0.0982,OPEN,0.0,50,Short
0x744cb7ef9bc0528b331a9c8cbdd555eeda37cf0e,AVAX,13.7587,0.4674,SELL,2023-01-18 11:10:00,-0.4375,OPEN,0.0,20,Short
0x5cc6e86a6eb53b1f13feb35d2a7d10c872850f05,MATIC,0.8897,0.2946,BUY,2023-01-18 11:23:00,-0.0979,CLOSE,-1.38,1,Long
0xeebc475a7fbdf24e9a015d16ca79c7f443e7ab81,BNB,204.8731,0.1184,BUY,2023-01-18 13:01:00,0.0375,OPEN,0.0,50,Long
0xedbe03d7cf3f6121ea929dfa1841270856f03d2b,ETH,1560.3828,0.0961,SELL,2023-01-18 22:35:00,0.0231,OPEN,0.0,20,Short
0xd070b332429151e576014d456b91028526f824b6,SOL,19.0454,0.4813,SELL,2023-01-19 02:55:00,0.0425,CLOSE,2.0,2,Short
0x24a05b6a280881d9f48b32588c8c89018988a3b9,MATIC,0.8649,0.57,BUY,2023-01-19 04:06:00,-0.0751,CLOSE,0.38,5,Long
0x30cf07144e7941c6c51824aa794607d5a2f34311,SOL,19.5733,0.0416,BUY,2023-01-19 06:04:00,0.0028,CLOSE,7.54,50,Long
0xeea684c1f340e7d01d339e94e345a318e63f4345,SOL,19.8528,1.3123,BUY,2023-01-19 07:51:00,-0.0837,CLOSE,-0.27,1,Long
0xdb5102ee19e81b7181b47ffb28758462bdc6a2f6,ARB,1.1363,0.6335,SELL,2023-01-19 08:31:00,-0.3796,OPEN,0.0,3,Short
0xea061b83a2dc03d04b9b22920149ea6f5465fa27,LINK,5.6888,0.2306,SELL,2023-01-19 11:04:00,0.0761,CLOSE,3.19,2,Short
0x6262afa887ea89b1b66c12e70d25de9412bdf3dd,BTC,24733.9251,1.1327,SELL,2023-01-19 12:29:00,-0.014,OPEN,0.0,20,Short
0xc599099a389d38c5d9c8b5481edbeba0598102b1,BTC,25318.0086,1.09,SELL,2023-01-19 13:59:00,0.2641,OPEN,0.0,1,Short
0x09fceb2336574e225ea891b132998c73f4696abe,LINK,6.1103,0.9606,BUY,2023-01-19 15:51:00,-0.0266,CLOSE,5.85,2,Long
0xdb5102ee19e81b7181b47ffb28758462bdc6a2f6,BTC,24393.0825,0.0393,SELL,2023-01-19 17:47:00,0.0226,OPEN,0.0,20,Short
0x6772ce2c78ad77d185e724baf3c73fc855e0c397,LINK,5.9659,0.7813,SELL,2023-01-19 18:33:00,-0.3157,CLOSE,-1.99,5,Short
0xdaae4227dfe85b6068adba35a50dd7a2e75f34fe,LINK,5.7447,0.1631,SELL,2023-01-20 00:43:00,0.001,CLOSE,-5.15,10,Short
0x14fb2d0de7f331f4ab61b71a9d5c4c8e4ef8c0e5,ETH,1693.0059,0.5629,BUY,2023-01-20 03:00:00,-0.0104,OPEN,0.0,5,Long
0x6772ce2c78ad77d185e724baf3c73fc855e0c397,BTC,25535.2328,0.1103,BUY,2023-01-20 05:43:00,-0.0666,OPEN,0.0,20,Long
0xb429f0db71443a6dc3b6dd7fc8a7ccec4aa6dfca,SOL,20.2685,0.0444,BUY,2023-01-20 07:59:00,0.0336,CLOSE,20.29,20,Long
0x79734a87ec5efa730c4a5d0ff563bac34e411e6b,MATIC,0.8679,1.0468,SELL,2023-01-20 09:06:00,-0.1513,CLOSE,18.26,20,Short
0xc61546b61eada8292e6df67fbf85809118265b37,ETH,1721.4658,0.3666,SELL,2023-01-20 09:13:00,0.0928,CLOSE,-0.44,2,Short
0x6772ce2c78ad77d185e724baf3c73fc855e0c397,OP,1.6196,2.2905,BUY,2023-01-20 10:19:00,-1.7791,OPEN,0.0,5,Long
0x0af6790523dd0af40c1c3a03a4c1a0df6067eba2,SOL,20.7594,0.2132,BUY,2023-01-20 12:59:00,0.0408,CLOSE,10.58,5,Long
0x0f2f77b9475059e62105e77b8d130a7cd6f85ea9,DOGE,0.0716,0.1055,BUY,2023-01-20 18:40:00,-0.0609,CLOSE,-5.46,20,Long
0x925c717311ca9170b4ac3e9b636d21179e3359dd,DOGE,0.0716,0.476,SELL,2023-01-20 20:34:00,0.2209,OPEN,0.0,20,Short
0xa2a2e9a7468bbcd27e0f039d47476b02aac10637,ETH,1614.485,0.0505,SELL,2023-01-20 23:04:00,0.0329,OPEN,0.0,1,Short
0xa2a2e9a7468bbcd27e0f039d47476b02aac10637,ARB,1.2035,0.6372,BUY,2023-01-21 00:03:00,0.1424,CLOSE,-0.34,2,Long
0xf547770f567ab48950b47158a6efc236cb73d8c1,BNB,231.7667,0.0312,SELL,2023-01-21 01:44:00,0.0068,OPEN,0.0,1,Short
0x4f4a940690ae223310632fab09b9ce1d1115fe6b,ARB,1.1005,0.4366,BUY,2023-01-21 04:09:00,-0.3507,CLOSE,-43.83,50,Long
0x47484e135be5cc29287e7165fb9c975996f6a214,BNB,216.6712,0.0905,BUY,2023-01-21 07:05:00,-0.0182,CLOSE,7.95,5,Long
0x2e380d92bab460b09297a542e4b0198e2c87e43c,BNB,223.0456,0.0225,SELL,2023-01-21 07:06:00,-0.0029,OPEN,0.0,2,Short
0x5f3203e5a82554fb4ff75ee00ec09483e2ae0341,SOL,18.4806,0.23,BUY,2023-01-21 13:17:00,-0.0557,OPEN,0.0,5,Long
0xe921971dbc1ec5636c7872b4ccfded69e5a45abe,ETH,1537.0696,1.1252,SELL,2023-01-21 15:02:00,-0.869,OPEN,0.0,3,Short
0x7968a5f8676e6b77d71e6dadf79e40929b9c9eb0,SOL,20.451,0.3824,SELL,2023-01-21 18:50:00,0.0236,OPEN,0.0,10,Short
0x2e380d92bab460b09297a542e4b0198e2c87e43c,DOGE,0.0721,0.0126,BUY,2023-01-21 19:56:00,0.0022,OPEN,0.0,5,Long
0xf547770f567ab48950b47158a6efc236cb73d8c1,ARB,1.0909,0.03,BUY,2023-01-21 20:09:00,0.0114,OPEN,0.0,3,Long
0xe921971dbc1ec5636c7872b4ccfded69e5a45abe,LINK,5.4861,1.7619,SELL,2023-01-21 20:20:00,1.1927,CLOSE,0.65,1,Short
0x0f2f77b9475059e62105e77b8d130a7cd6f85ea9,DOGE,0.0631,0.3837,SELL,2023-01-21 21:54:00,0.0693,OPEN,0.0,3,Short
0x3be2f0013aec35a8fd588a7ee15b7c917e04dd75,LINK,5.5694,0.3075,SELL,2023-01-22 01:19:00,-0.0891,CLOSE,4.76,2,Short
0xe921971dbc1ec5636c7872b4ccfded69e5a45abe,ARB,1.1149,0.091,BUY,2023-01-22 01:39:00,0.1027,OPEN,0.0,5,Long
0xaa624205b23ee2d620474b557ab013e55b55c926,OP,1.5301,0.5604,SELL,2023-01-22 10:53:00,-0.0508,CLOSE,19.96,10,Short
0x09fceb2336574e225ea891b132998c73f4696abe,LINK,6.0147,0.3406,BUY,2023-01-22 12:51:00,-0.1781,OPEN,0.0,1,Long
0x79734a87ec5efa730c4a5d0ff563bac34e411e6b,AVAX,11.8687,0.5914,BUY,2023-01-22 13:08:00,0.34,CLOSE,10.86,10,Long
0x78af6c0c766c104d1e512e617f991e02976ce472,BTC,25744.3237,0.4045,SELL,2023-01-22 16:46:00,0.1212,OPEN,0.0,5,Short
0x4939835272851ed4624ebeef2cd55b020d083576,BNB,206.1927,0.7131,SELL,2023-01-22 17:00:00,-0.3047,OPEN,0.0,10,Short
0xe921971dbc1ec5636c7872b4ccfded69e5a45abe,AVAX,16.0028,0.198,SELL,2023-01-22 17:45:00,0.0295,OPEN,0.0,20,Short
0xdb5102ee19e81b7181b47ffb28758462bdc6a2f6,LINK,5.6706,0.0218,BUY,2023-01-22 18:11:00,-0.0039,CLOSE,-4.18,10,Long
0x4939835272851ed4624ebeef2cd55b020d083576,ETH,1564.4043,0.4745,SELL,2023-01-22 23:32:00,-0.2663,OPEN,0.0,10,Short
0x0af6790523dd0af40c1c3a03a4c1a0df6067eba2,BNB,220.3555,0.0305,SELL,2023-01-23 02:43:00,-0.0131,CLOSE,2.95,10,Short
0xebf28c699b1e7f2ad3e31316d86da0df789a475b,BTC,23302.2354,0.4323,SELL,2023-01-23 03:03:00,0.1468,OPEN,0.0,50,Short
0xb77e6e8c09d1faa2d9fa8746ce75c51abe7252be,OP,1.5491,0.1381,BUY,2023-01-23 03:34:00,-0.0076,OPEN,0.0,50,Long
0x14fb2d0de7f331f4ab61b71a9d5c4c8e4ef8c0e5,BTC,22614.9973,0.9535,SELL,2023-01-23 07:13:00,0.5691,CLOSE,-5.05,5,Short
0x43daceb7e014b2c8f1e1dea64bf293277027181b,ETH,1640.206,1.1086,SELL,2023-01-23 08:29:00,-0.6624,CLOSE,4.45,3,Short
0xe2c1562bb67f7a529b76e91f7196d63f54ccddaf,DOGE,0.0673,0.216,SELL,2023-01-23 11:07:00,0.0717,OPEN,0.0,20,Short
0xbb4e5487f3cf95039e0674754240ffcd91dcb7b6,BNB,216.1912,0.241,BUY,2023-01-23 17:03:00,-0.3195,CLOSE,1.76,1,Long
0xeebc475a7fbdf24e9a015d16ca79c7f443e7ab81,MATIC,0.8856,1.6013,SELL,2023-01-24 03:25:00,-0.4326,CLOSE,-34.31,20,Short
0x5f3203e5a82554fb4ff75ee00ec09483e2ae0341,AVAX,13.8597,0.2663,BUY,2023-01-24 04:33:00,-0.2131,OPEN,0.0,5,Long
0xd070b332429151e576014d456b91028526f824b6,SOL,20.737,1.0916,SELL,2023-01-24 05:48:00,-0.8604,OPEN,0.0,1,Short
0x744cb7ef9bc0528b331a9c8cbdd555eeda37cf0e,LINK,6.2958,0.4861,BUY,2023-01-24 07:53:00,-0.2167,CLOSE,1.2,5,Long
0x2e380d92bab460b09297a542e4b0198e2c87e43c,SOL,19.4384,0.3889,BUY,2023-01-24 18:03:00,-0.1425,CLOSE,11.21,3,Long
0x0285eb8e3dcc5302124dd67b15b3a223cf2bd3b2,BTC,28614.5734,0.2284,BUY,2023-01-24 21:22:00,0.0282,OPEN,0.0,2,Long
0x4aed548b0ad2ad42d36a65fc9fbb736529027373,DOGE,0.0807,0.267,SELL,2023-01-24 23:20:00,0.0322,OPEN,0.0,50,Short
0xeea684c1f340e7d01d339e94e345a318e63f4345,AVAX,13.4271,0.0532,SELL,2023-01-24 23:56:00,-0.0135,OPEN,0.0,1,Short
0x453dd2d9eed5ff86eb409796ee5f1e1d285c33d4,BTC,25163.4656,0.1313,BUY,2023-01-25 04:15:00,-0.1054,CLOSE,2.19,5,Long
0x5adebdbe4ffde843c5c0942476dafed98f4081ed,BNB,201.2394,0.052,BUY,2023-01-25 04:45:00,-0.018,OPEN,0.0,1,Long
0xb973994ea6148c341bff47f5e9721ff9029420df,MATIC,0.876,0.9153,SELL,2023-01-25 06:11:00,0.0691,OPEN,0.0,20,Short
0xdb5102ee19e81b7181b47ffb28758462bdc6a2f6,SOL,20.3744,0.98,SELL,2023-01-25 09:58:00,0.4416,CLOSE,-1.05,2,Short
0x1d186cb24f764ddad17b04d51d4a66b0c92ad716,OP,1.5299,0.2621,SELL,2023-01-25 12:19:00,-0.1086,CLOSE,-10.64,10,Short
0x4939835272851ed4624ebeef2cd55b020d083576,AVAX,14.3755,0.0445,SELL,2023-01-25 17:01:00,-0.0095,OPEN,0.0,20,Short
0xa2e1a7b77321268164f1cab8f52cd112cfe0f364,OP,1.5305,0.1879,SELL,2023-01-25 17:04:00,0.1076,CLOSE,-9.63,10,Short
0x14fb2d0de7f331f4ab61b71a9d5c4c8e4ef8c0e5,ETH,1475.7373,0.0515,BUY,2023-01-25 20:09:00,0.0171,OPEN,0.0,5,Long
0x6ae91f9044b365bc545fbaefecc120afb3f0e0b8,BNB,216.9006,0.2468,BUY,2023-01-26 00:42:00,-0.0172,OPEN,0.0,10,Long
0xc87fa1c370a4cdce8a3de02aecd8246696f21820,ARB,1.3007,1.1761,BUY,2023-01-26 02:55:00,0.0308,CLOSE,9.44,5,Long
0xb973994ea6148c341bff47f5e9721ff9029420df,BTC,25705.8763,0.8087,SELL,2023-01-26 03:26:00,-0.1804,CLOSE,-3.68,1,Short
0xbb4e5487f3cf95039e0674754240ffcd91dcb7b6,BNB,216.3652,0.7222,SELL,2023-01-26 07:20:00,-0.0057,OPEN,0.0,2,Short
0xc4dea9884019946f0c0617e568292cdd487b5de4,BTC,25597.5473,1.2931,SELL,2023-01-26 09:00:00,-0.9308,CLOSE,1.7,1,Short
0x646d2815b93dc22b981b7152e79d208287e60827,OP,1.4628,0.0659,BUY,2023-01-26 12:18:00,-0.038,CLOSE,-5.08,3,Long
0x6ae91f9044b365bc545fbaefecc120afb3f0e0b8,DOGE,0.0654,0.7726,BUY,2023-01-26 15:31:00,0.0175,CLOSE,0.4,2,Long
0xb4d87bd4dc83166db001549b0f7dd10ed8172a97,MATIC,0.9285,0.7351,SELL,2023-01-26 19:17:00,-0.4333,OPEN,0.0,2,Short
0xeebc475a7fbdf24e9a015d16ca79c7f443e7ab81,DOGE,0.0713,1.1737,BUY,2023-01-27 20:41:00,0.0342,CLOSE,-69.48,50,Long
0x5d4e187b0ea64e520ab88273cce8678ddb6803c8,DOGE,0.0715,0.4965,BUY,2023-01-28 00:03:00,0.0582,OPEN,0.0,5,Long
0x37d65217f9a89b91d3d82602fe21b9178f03dce8,BTC,27884.8953,0.0845,SELL,2023-01-28 02:03:00,0.0091,CLOSE,-51.18,50,Short
0x4f4a940690ae223310632fab09b9ce1d1115fe6b,DOGE,0.0699,0.2426,BUY,2023-01-28 05:50:00,0.0142,OPEN,0.0,1,Long
0xb2ad781ab883a8f93650bcd708f6c9529a07f690,ETH,1607.2935,0.4473,BUY,2023-01-28 06:33:00,0.1763,OPEN,0.0,2,Long
0x987c1d0a09e6109925ce9325a327c9bc34db8d33,ETH,1641.4575,0.2212,SELL,2023-01-28 07:28:00,-0.0102,CLOSE,-0.75,3,Short
0x0285eb8e3dcc5302124dd67b15b3a223cf2bd3b2,SOL,20.6826,1.5075,BUY,2023-01-28 07:39:00,0.7419,OPEN,0.0,20,Long
0x7d320effc2b28f577dcd364c61661834374cb1ee,DOGE,0.0782,0.266,BUY,2023-01-28 09:46:00,0.2213,CLOSE,-2.56,3,Long
0xb2ad781ab883a8f93650bcd708f6c9529a07f690,BNB,201.22,0.3504,SELL,2023-01-28 11:33:00,-0.0466,OPEN,0.0,5,Short
0xdb5102ee19e81b7181b47ffb28758462bdc6a2f6,SOL,19.2323,0.2841,SELL,2023-01-28 13:41:00,-0.1082,CLOSE,-224.13,50,Short
0x1d186cb24f764ddad17b04d51d4a66b0c92ad716,DOGE,0.0734,0.606,BUY,2023-01-28 16:07:00,-0.0355,CLOSE,1.4,2,Long
0x4379bda828db78e0c9e1b8c145905c0b109af197,AVAX,14.1751,0.1943,SELL,2023-01-28 20:05:00,0.0253,CLOSE,13.21,5,Short
0x26e94b906f96d22acf1132f3c95ef725e7f49365,DOGE,0.0724,0.1031,BUY,2023-01-28 21:15:00,0.0078,OPEN,0.0,10,Long
0xb973994ea6148c341bff47f5e9721ff9029420df,LINK,5.8812,0.0643,SELL,2023-01-28 22:06:00,0.0289,OPEN,0.0,3,Short
0xb973994ea6148c341bff47f5e9721ff9029420df,OP,1.5558,0.7276,BUY,2023-01-28 22:48:00,-0.0745,CLOSE,7.13,10,Long
0xb2ad781ab883a8f93650bcd708f6c9529a07f690,ARB,1.2485,0.4794,BUY,2023-01-28 23:51:00,-0.0714,CLOSE,79.79,20,Long
0xebf28c699b1e7f2ad3e31316d86da0df789a475b,DOGE,0.082,0.0421,SELL,2023-01-29 07:14:00,0.0295,OPEN,0.0,2,Short
0xb4d87bd4dc83166db001549b0f7dd10ed8172a97,BTC,24690.0572,0.7705,BUY,2023-01-29 08:27:00,-0.1849,CLOSE,1.84,2,Long
0x744c9dcc29d0c40a3d305d66bb7cf1e724333f73,ETH,1485.4616,0.3581,SELL,2023-01-29 12:47:00,0.5057,OPEN,0.0,10,Short
0xeebc475a7fbdf24e9a015d16ca79c7f443e7ab81,ETH,1614.2936,0.353,SELL,2023-01-29 13:42:00,-0.3425,CLOSE,-4.6,10,Short
0xe2c1562bb67f7a529b76e91f7196d63f54ccddaf,AVAX,14.5668,0.1264,SELL,2023-01-29 15:35:00,0.0037,CLOSE,-2.94,1,Short
0xebf28c699b1e7f2ad3e31316d86da0df789a475b,DOGE,0.0664,0.7896,SELL,2023-01-29 16:19:00,-0.209,CLOSE,1.03,20,Short
0x3be2f0013aec35a8fd588a7ee15b7c917e04dd75,LINK,6.5458,1.0026,BUY,2023-01-29 17:03:00,0.02,OPEN,0.0,20,Long
0x79734a87ec5efa730c4a5d0ff563bac34e411e6b,BNB,206.8056,0.2521,BUY,2023-01-29 19:41:00,0.2376,CLOSE,9.56,3,Long
0x0285eb8e3dcc5302124dd67b15b3a223cf2bd3b2,MATIC,0.9387,0.0196,SELL,2023-01-29 22:13:00,-0.0028,OPEN,0.0,10,Short
0xb4d87bd4dc83166db001549b0f7dd10ed8172a97,AVAX,13.841,1.3291,BUY,2023-01-29 23:45:00,-0.0942,CLOSE,36.99,10,Long
0x5adebdbe4ffde843c5c0942476dafed98f4081ed,ETH,1681.7196,0.0989,SELL,2023-01-30 04:23:00,0.045,OPEN,0.0,20,Short
0x987c1d0a09e6109925ce9325a327c9bc34db8d33,BTC,24329.7848,1.2186,BUY,2023-01-30 04:28:00,-0.1609,OPEN,0.0,1,Long
0x0328d5d04ef6b199bde888fc75394a7e49cbb2e3,ARB,1.175,0.6062,SELL,2023-01-30 04:29:00,0.4155,CLOSE,-62.88,20,Short
0x2fb4e305fa7f9e99b4f649c36ab6f03349f63204,DOGE,0.0733,0.2868,BUY,2023-01-30 10:18:00,-0.0257,CLOSE,-1.82,20,Long
0xa2a2e9a7468bbcd27e0f039d47476b02aac10637,OP,1.4871,1.2418,SELL,2023-01-30 11:04:00,-0.091,OPEN,0.0,20,Short
0x525162b29a67219a10418bb3be42f9213b57465d,ARB,1.2342,0.0685,BUY,2023-01-30 11:33:00,0.0332,CLOSE,-9.58,5,Long
0x79734a87ec5efa730c4a5d0ff563bac34e411e6b,LINK,5.5409,0.6214,SELL,2023-01-30 16:50:00,-0.038,OPEN,0.0,20,Short
0x453dd2d9eed5ff86eb409796ee5f1e1d285c33d4,OP,1.5873,1.151,SELL,2023-01-30 20:24:00,-0.1896,CLOSE,31.27,20,Short
0x5d4e187b0ea64e520ab88273cce8678ddb6803c8,LINK,6.2454,0.0834,BUY,2023-01-30 20:45:00,0.0532,OPEN,0.0,10,Long
0x78af6c0c766c104d1e512e617f991e02976ce472,OP,1.6136,0.291,BUY,2023-01-30 22:21:00,-0.1873,CLOSE,1.99,2,Long
0x893c0ce1b001bed43dbe9f36ff779cf9df99e513,MATIC,0.7923,0.0214,SELL,2023-01-30 22:28:00,0.0156,CLOSE,-0.96,2,Short
0xa2a2e9a7468bbcd27e0f039d47476b02aac10637,SOL,20.9687,0.4037,SELL,2023-01-31 00:32:00,-0.0609,OPEN,0.0,5,Short
0x2e380d92bab460b09297a542e4b0198e2c87e43c,LINK,5.8447,0.1132,SELL,2023-01-31 09:12:00,-0.0339,OPEN,0.0,2,Short
0x2e380d92bab460b09297a542e4b0198e2c87e43c,DOGE,0.0634,0.2105,BUY,2023-01-31 11:23:00,0.1205,CLOSE,0.52,1,Long
0x987c1d0a09e6109925ce9325a327c9bc34db8d33,DOGE,0.0708,0.3383,BUY,2023-01-31 13:31:00,0.0193,CLOSE,-1.49,1,Long
0x4f4a940690ae223310632fab09b9ce1d1115fe6b,LINK,5.92,0.1033,SELL,2023-01-31 19:46:00,-0.0506,OPEN,0.0,10,Short
0x5d4e187b0ea64e520ab88273cce8678ddb6803c8,ETH,1478.9977,0.0968,SELL,2023-01-31 19:48:00,-0.0172,CLOSE,-49.99,20,Short
0x893c0ce1b001bed43dbe9f36ff779cf9df99e513,BTC,25911.1364,0.1429,BUY,2023-01-31 20:02:00,-0.0741,CLOSE,5.68,2,Long
0xb5165416bd5e31205f5eebdb26cd1592ebddca2e,ARB,1.2852,1.1696,BUY,2023-01-31 22:33:00,0.3463,CLOSE,1.92,10,Long
0xd070b332429151e576014d456b91028526f824b6,MATIC,0.9796,0.2565,BUY,2023-01-31 23:11:00,-0.0631,OPEN,0.0,2,Long
0x5adebdbe4ffde843c5c0942476dafed98f4081ed,ARB,1.1369,0.2436,BUY,2023-01-31 23:15:00,-0.0579,OPEN,0.0,2,Long
0xe2f5ee794b96897c7d576413e0148b2e8f9fa655,MATIC,0.8922,0.242,BUY,2023-02-01 00:03:00,-0.1604,CLOSE,27.92,10,Long
0x5a1966353c437c4a9bafc506875acdf42fc8ff65,OP,1.4889,0.654,SELL,2023-02-01 04:49:00,0.0784,CLOSE,1.01,2,Short
0xee391c2f221fd53d6a55604791a2377121504c19,AVAX,15.2172,0.0743,SELL,2023-02-01 07:48:00,0.0252,OPEN,0.0,5,Short
0x7d320effc2b28f577dcd364c61661834374cb1ee,BNB,202.0411,1.2699,BUY,2023-02-01 10:29:00,-0.9946,CLOSE,-3.6,3,Long
0x09fceb2336574e225ea891b132998c73f4696abe,MATIC,0.9558,0.0472,BUY,2023-02-01 16:01:00,-0.0261,CLOSE,33.29,20,Long
0xc87fa1c370a4cdce8a3de02aecd8246696f21820,BTC,24875.6595,0.0228,BUY,2023-02-01 16:20:00,0.0055,OPEN,0.0,2,Long
0x5a1966353c437c4a9bafc506875acdf42fc8ff65,ETH,1566.5915,0.7379,SELL,2023-02-01 16:26:00,-0.4573,CLOSE,-29.06,10,Short
0x893c0ce1b001bed43dbe9f36ff779cf9df99e513,ETH,1568.3963,0.0524,SELL,2023-02-01 16:29:00,0.0081,OPEN,0.0,2,Short
0x525162b29a67219a10418bb3be42f9213b57465d,DOGE,0.0699,0.2643,BUY,2023-02-01 22:30:00,-0.0697,OPEN,0.0,5,Long
0xedbe03d7cf3f6121ea929dfa1841270856f03d2b,ARB,1.2102,0.3661,BUY,2023-02-02 03:17:00,-0.2809,OPEN,0.0,3,Long
0x6121a1650753afb98b8a066940907804424fc225,AVAX,13.3584,1.067,SELL,2023-02-02 04:29:00,0.3687,CLOSE,-57.67,20,Short
0x5cc6e86a6eb53b1f13feb35d2a7d10c872850f05,OP,1.4773,0.3716,SELL,2023-02-02 04:55:00,0.0356,CLOSE,-0.53,2,Short
0x4939835272851ed4624ebeef2cd55b020d083576,SOL,17.5433,0.1488,SELL,2023-02-02 08:14:00,-0.0563,CLOSE,-2.74,1,Short
0x525162b29a67219a10418bb3be42f9213b57465d,OP,1.484,1.8661,SELL,2023-02-02 13:19:00,-0.2684,OPEN,0.0,5,Short
0x24a05b6a280881d9f48b32588c8c89018988a3b9,MATIC,0.9001,0.323,BUY,2023-02-02 16:26:00,-0.1904,OPEN,0.0,10,Long
0xc4dea9884019946f0c0617e568292cdd487b5de4,AVAX,14.2533,0.2881,SELL,2023-02-02 20:40:00,-0.1761,OPEN,0.0,5,Short
0xa2e1a7b77321268164f1cab8f52cd112cfe0f364,ARB,1.2324,0.2218,SELL,2023-02-02 20:40:00,0.0487,OPEN,0.0,3,Short
0xdb5102ee19e81b7181b47ffb28758462bdc6a2f6,MATIC,0.9199,0.1782,BUY,2023-02-02 22:58:00,-0.0383,OPEN,0.0,3,Long
0x925c717311ca9170b4ac3e9b636d21179e3359dd,ETH,1440.2362,0.8966,SELL,2023-02-03 01:51:00,0.0439,OPEN,0.0,3,Short
0x646d2815b93dc22b981b7152e79d208287e60827,LINK,5.9434,0.4272,BUY,2023-02-03 05:54:00,0.1023,CLOSE,-1.62,1,Long
0xeebc475a7fbdf24e9a015d16ca79c7f443e7ab81,BTC,25925.5265,1.3398,BUY,2023-02-03 08:55:00,0.4488,OPEN,0.0,10,Long
0x6772ce2c78ad77d185e724baf3c73fc855e0c397,ARB,1.161,0.3033,SELL,2023-02-03 10:13:00,-0.0289,OPEN,0.0,5,Short
0x744c9dcc29d0c40a3d305d66bb7cf1e724333f73,OP,1.5001,0.0645,SELL,2023-02-03 10:31:00,0.0735,OPEN,0.0,10,Short
0x5adebdbe4ffde843c5c0942476dafed98f4081ed,LINK,6.307,0.0494,SELL,2023-02-03 21:52:00,0.0306,OPEN,0.0,2,Short
0x23be95267b9414f864c908abccf5f987e42ce22c,BTC,23964.7547,0.3696,BUY,2023-02-04 00:09:00,0.1657,CLOSE,-3.24,1,Long
0xedbe03d7cf3f6121ea929dfa1841270856f03d2b,BNB,213.9003,0.8205,BUY,2023-02-04 01:21:00,-0.3613,CLOSE,6.94,5,Long
0x0af6790523dd0af40c1c3a03a4c1a0df6067eba2,AVAX,14.0991,0.1664,BUY,2023-02-04 03:03:00,0.1392,CLOSE,33.12,50,Long
0xbb4e5487f3cf95039e0674754240ffcd91dcb7b6,ETH,1500.0144,2.1853,SELL,2023-02-04 06:51:00,-0.2898,CLOSE,3.77,1,Short
0xe2c1562bb67f7a529b76e91f7196d63f54ccddaf,ARB,1.2625,0.5812,BUY,2023-02-04 08:03:00,0.6009,CLOSE,7.05,2,Long
0xdaae4227dfe85b6068adba35a50dd7a2e75f34fe,ETH,1478.2133,0.1705,BUY,2023-02-04 11:53:00,-0.1627,CLOSE,8.2,5,Long
0x2fb4e305fa7f9e99b4f649c36ab6f03349f63204,ETH,1574.1804,0.2704,SELL,2023-02-04 12:32:00,0.0956,CLOSE,4.4,5,Short
0x4939835272851ed4624ebeef2cd55b020d083576,OP,1.4727,0.0275,BUY,2023-02-04 15:35:00,0.0007,OPEN,0.0,5,Long
0x5f3203e5a82554fb4ff75ee00ec09483e2ae0341,DOGE,0.0705,0.2447,BUY,2023-02-04 16:10:00,0.0072,OPEN,0.0,10,Long
0x4939835272851ed4624ebeef2cd55b020d083576,MATIC,0.945,0.3743,SELL,2023-02-04 18:51:00,-0.3387,OPEN,0.0,3,Short
0xcfd86a92699b4e78a9d76f77c3658a5933d981e1,DOGE,0.0677,1.6391,BUY,2023-02-05 05:08:00,-0.2133,CLOSE,-0.78,3,Long
0x6772ce2c78ad77d185e724baf3c73fc855e0c397,OP,1.5702,0.4643,SELL,2023-02-05 08:27:00,0.0429,OPEN,0.0,2,Short
0x8528643b6c996c090947e88b00fe1763200c3698,BNB,215.6984,1.0772,BUY,2023-02-05 12:18:00,-0.5595,OPEN,0.0,2,Long
0x1d186cb24f764ddad17b04d51d4a66b0c92ad716,DOGE,0.0688,1.4329,BUY,2023-02-05 12:45:00,-0.1925,OPEN,0.0,1,Long
0xaa624205b23ee2d620474b557ab013e55b55c926,MATIC,0.932,0.5081,SELL,2023-02-05 14:00:00,0.2245,CLOSE,-2.21,10,Short
0x744cb7ef9bc0528b331a9c8cbdd555eeda37cf0e,OP,1.5662,0.3532,SELL,2023-02-05 20:23:00,-0.0395,OPEN,0.0,3,Short
0x1d186cb24f764ddad17b04d51d4a66b0c92ad716,AVAX,13.594,1.523,BUY,2023-02-06 11:02:00,0.1823,OPEN,0.0,1,Long
0xedbe03d7cf3f6121ea929dfa1841270856f03d2b,AVAX,14.3579,1.8433,SELL,2023-02-06 11:31:00,0.4491,CLOSE,22.44,10,Short
0x1df10b04fc8b7bb56232fbf467593f3d4db7f636,LINK,5.6943,0.0713,SELL,2023-02-06 17:19:00,0.0394,OPEN,0.0,1,Short
0x893c0ce1b001bed43dbe9f36ff779cf9df99e513,AVAX,14.1344,0.0783,BUY,2023-02-06 18:46:00,-0.0121,OPEN,0.0,1,Long
0xc599099a389d38c5d9c8b5481edbeba0598102b1,ETH,1661.4072,0.5677,BUY,2023-02-06 21:01:00,-0.3567,OPEN,0.0,50,Long
0x7d320effc2b28f577dcd364c61661834374cb1ee,ARB,1.278,0.0424,SELL,2023-02-07 00:44:00,0.0297,OPEN,0.0,50,Short
0x6772ce2c78ad77d185e724baf3c73fc855e0c397,OP,1.5035,0.0749,SELL,2023-02-07 04:23:00,-0.0644,CLOSE,21.94,10,Short
0xedbe03d7cf3f6121ea929dfa1841270856f03d2b,LINK,5.6968,0.0618,SELL,2023-02-07 06:42:00,-0.0159,OPEN,0.0,2,Short
0xc87fa1c370a4cdce8a3de02aecd8246696f21820,OP,1.4073,0.5855,BUY,2023-02-07 15:22:00,0.3731,CLOSE,141.55,50,Long
0xe2c1562bb67f7a529b76e91f7196d63f54ccddaf,SOL,21.0296,0.0989,BUY,2023-02-07 18:08:00,-0.0183,OPEN,0.0,3,Long
0xe921971dbc1ec5636c7872b4ccfded69e5a45abe,OP,1.5711,0.1684,SELL,2023-02-07 19:15:00,0.0613,CLOSE,-1.61,2,Short
0x4939835272851ed4624ebeef2cd55b020d083576,MATIC,0.9133,0.4979,BUY,2023-02-07 21:27:00,0.2948,CLOSE,-54.0,50,Long
0xb973994ea6148c341bff47f5e9721ff9029420df,BNB,189.6135,1.0441,BUY,2023-02-08 00:53:00,-1.245,CLOSE,0.52,2,Long
0xebf28c699b1e7f2ad3e31316d86da0df789a475b,ARB,1.2033,0.3802,BUY,2023-02-08 00:54:00,0.2759,CLOSE,40.37,20,Long
0xc61546b61eada8292e6df67fbf85809118265b37,BTC,27550.1674,0.3478,BUY,2023-02-08 01:47:00,-0.1148,OPEN,0.0,10,Long
0x3be2f0013aec35a8fd588a7ee15b7c917e04dd75,SOL,19.6944,0.1304,BUY,2023-02-08 06:11:00,0.0508,CLOSE,2.84,2,Long
0xbdd2a8dc587fa386779f90becc9694c9586d3ce5,ETH,1646.1249,0.645,SELL,2023-02-08 09:59:00,0.3814,OPEN,0.0,1,Short
0x0f2f77b9475059e62105e77b8d130a7cd6f85ea9,DOGE,0.0686,0.1227,BUY,2023-02-08 10:10:00,-0.0471,OPEN,0.0,20,Long
0xb973994ea6148c341bff47f5e9721ff9029420df,BNB,218.8996,0.1192,BUY,2023-02-08 14:53:00,-0.1179,OPEN,0.0,50,Long
0xe921971dbc1ec5636c7872b4ccfded69e5a45abe,ETH,1670.9847,0.0323,BUY,2023-02-09 00:38:00,0.0006,OPEN,0.0,5,Long
0x4379bda828db78e0c9e1b8c145905c0b109af197,ETH,1748.5062,0.5016,BUY,2023-02-09 06:34:00,-0.2619,OPEN,0.0,20,Long
0xc61546b61eada8292e6df67fbf85809118265b37,BNB,211.3149,1.5221,BUY,2023-02-09 08:16:00,-0.3268,OPEN,0.0,10,Long
0x2e380d92bab460b09297a542e4b0198e2c87e43c,BTC,24061.7165,0.1143,SELL,2023-02-09 08:43:00,-0.0171,OPEN,0.0,10,Short
0xc87fa1c370a4cdce8a3de02aecd8246696f21820,ETH,1671.4596,1.1318,SELL,2023-02-09 12:08:00,-0.1446,OPEN,0.0,20,Short
0x0328d5d04ef6b199bde888fc75394a7e49cbb2e3,ETH,1603.7169,0.0726,BUY,2023-02-09 13:31:00,0.0189,OPEN,0.0,5,Long
0xaa624205b23ee2d620474b557ab013e55b55c926,ETH,1483.927,0.1589,BUY,2023-02-09 15:13:00,-0.0537,OPEN,0.0,5,Long
0xdaae4227dfe85b6068adba35a50dd7a2e75f34fe,OP,1.4523,0.7542,SELL,2023-02-09 23:12:00,0.3348,OPEN,0.0,20,Short
0xeea684c1f340e7d01d339e94e345a318e63f4345,AVAX,13.6103,0.9921,BUY,2023-02-10 05:58:00,0.2168,CLOSE,3.77,1,Long
0x0328d5d04ef6b199bde888fc75394a7e49cbb2e3,DOGE,0.0753,1.0739,SELL,2023-02-10 06:58:00,-0.823,CLOSE,-0.88,3,Short
0xedbe03d7cf3f6121ea929dfa1841270856f03d2b,MATIC,0.831,0.5801,SELL,2023-02-10 07:22:00,-0.061,CLOSE,-1.86,2,Short
0xd45a1cd4a5790cb05bf8c66c9c2a4154c047bb63,BTC,25084.0749,0.9216,BUY,2023-02-10 09:48:00,-0.1989,OPEN,0.0,1,Long
0x9f46469dacc43d56c35b79bae4905b54b673b96f,ETH,1580.2119,1.8836,SELL,2023-02-10 11:28:00,0.7615,CLOSE,-90.81,50,Short
0x0f2f77b9475059e62105e77b8d130a7cd6f85ea9,ARB,1.1717,0.4184,SELL,2023-02-10 11:35:00,0.1152,CLOSE,-0.87,3,Short
0x5f3203e5a82554fb4ff75ee00ec09483e2ae0341,BTC,23845.9584,0.6448,SELL,2023-02-10 14:51:00,-0.4358,OPEN,0.0,50,Short
0xee391c2f221fd53d6a55604791a2377121504c19,LINK,5.7036,0.0353,SELL,2023-02-10 16:59:00,0.0019,OPEN,0.0,10,Short
0xdb5102ee19e81b7181b47ffb28758462bdc6a2f6,DOGE,0.0729,0.1987,SELL,2023-02-10 18:39:00,-0.1159,CLOSE,-3.93,1,Short
0x78af6c0c766c104d1e512e617f991e02976ce472,DOGE,0.0673,0.3444,BUY,2023-02-10 23:38:00,0.0365,OPEN,0.0,2,Long
0x14fb2d0de7f331f4ab61b71a9d5c4c8e4ef8c0e5,DOGE,0.0761,0.0229,BUY,2023-02-11 04:03:00,0.0056,CLOSE,-4.34,3,Long
0x79734a87ec5efa730c4a5d0ff563bac34e411e6b,DOGE,0.0732,0.3184,SELL,2023-02-11 04:18:00,-0.1817,OPEN,0.0,50,Short
0x6ae91f9044b365bc545fbaefecc120afb3f0e0b8,MATIC,0.8975,0.5784,BUY,2023-02-11 05:11:00,-0.1451,OPEN,0.0,5,Long
0x1df10b04fc8b7bb56232fbf467593f3d4db7f636,OP,1.4951,1.0218,BUY,2023-02-11 14:04:00,0.1048,OPEN,0.0,10,Long
0xcfd86a92699b4e78a9d76f77c3658a5933d981e1,AVAX,14.6672,0.1845,SELL,2023-02-11 16:01:00,0.0473,CLOSE,11.3,10,Short
0x23be95267b9414f864c908abccf5f987e42ce22c,OP,1.4756,0.8529,SELL,2023-02-11 16:26:00,0.9275,CLOSE,21.51,5,Short
0x6772ce2c78ad77d185e724baf3c73fc855e0c397,AVAX,15.1272,0.22,SELL,2023-02-11 21:10:00,0.0796,CLOSE,-8.76,50,Short
0x5d4e187b0ea64e520ab88273cce8678ddb6803c8,ETH,1616.8652,0.2,BUY,2023-02-11 21:12:00,-0.1755,CLOSE,-1.29,1,Long
0x14fb2d0de7f331f4ab61b71a9d5c4c8e4ef8c0e5,BTC,24555.4033,0.5951,SELL,2023-02-12 03:51:00,-0.5675,CLOSE,-1.52,5,Short
0xa2e1a7b77321268164f1cab8f52cd112cfe0f364,LINK,6.1255,0.4534,BUY,2023-02-12 04:40:00,0.2588,CLOSE,-3.06,3,Long
0x5adebdbe4ffde843c5c0942476dafed98f4081ed,BTC,25430.4803,0.4028,BUY,2023-02-12 08:09:00,-0.015,OPEN,0.0,50,Long
0x3be2f0013aec35a8fd588a7ee15b7c917e04dd75,AVAX,15.5004,0.1149,BUY,2023-02-12 12:18:00,-0.0147,OPEN,0.0,3,Long
0xb5165416bd5e31205f5eebdb26cd1592ebddca2e,BTC,25109.1968,0.0654,BUY,2023-02-12 12:25:00,-0.0239,OPEN,0.0,5,Long
0x5f3203e5a82554fb4ff75ee00ec09483e2ae0341,ARB,1.1766,0.4512,BUY,2023-02-12 15:12:00,-0.3142,CLOSE,0.15,5,Long
0x0f2f77b9475059e62105e77b8d130a7cd6f85ea9,BTC,25729.4304,1.4764,SELL,2023-02-12 22:56:00,0.9941,CLOSE,-2.55,3,Short
0x893c0ce1b001bed43dbe9f36ff779cf9df99e513,DOGE,0.0726,0.0174,BUY,2023-02-13 01:34:00,-0.0045,CLOSE,-8.85,3,Long
0xb973994ea6148c341bff47f5e9721ff9029420df,AVAX,14.2671,1.1876,SELL,2023-02-13 02:04:00,0.5389,CLOSE,45.61,20,Short
0x6121a1650753afb98b8a066940907804424fc225,LINK,6.0935,0.3152,SELL,2023-02-13 02:04:00,-0.3715,OPEN,0.0,50,Short
0x30cf07144e7941c6c51824aa794607d5a2f34311,BTC,25377.4146,0.1233,BUY,2023-02-13 04:45:00,0.0634,CLOSE,-2.1,1,Long
0x925c717311ca9170b4ac3e9b636d21179e3359dd,SOL,21.1932,0.3334,SELL,2023-02-13 06:14:00,-0.0469,OPEN,0.0,50,Short
0x78af6c0c766c104d1e512e617f991e02976ce472,SOL,20.4272,0.5996,SELL,2023-02-13 13:23:00,0.5517,CLOSE,-2.78,2,Short
0xb4d87bd4dc83166db001549b0f7dd10ed8172a97,DOGE,0.0677,0.4723,BUY,2023-02-13 15:42:00,0.1978,CLOSE,2.49,1,Long
0xedbe03d7cf3f6121ea929dfa1841270856f03d2b,ARB,1.1989,0.3254,SELL,2023-02-13 17:10:00,0.3417,OPEN,0.0,50,Short
0x987c1d0a09e6109925ce9325a327c9bc34db8d33,LINK,6.1335,0.0902,SELL,2023-02-13 18:32:00,0.0593,OPEN,0.0,2,Short
0x26e94b906f96d22acf1132f3c95ef725e7f49365,SOL,20.9492,0.1328,BUY,2023-02-13 18:55:00,-0.0805,CLOSE,-2.3,2,Long
0xc61546b61eada8292e6df67fbf85809118265b37,BNB,196.3623,0.3218,SELL,2023-02-13 19:51:00,-0.131,CLOSE,-10.4,10,Short
0x4f4a940690ae223310632fab09b9ce1d1115fe6b,AVAX,13.1179,0.2341,BUY,2023-02-13 20:32:00,0.0443,OPEN,0.0,2,Long
0x43daceb7e014b2c8f1e1dea64bf293277027181b,BTC,24511.7043,0.1177,BUY,2023-02-13 22:57:00,0.0108,CLOSE,14.95,10,Long
0x5f3203e5a82554fb4ff75ee00ec09483e2ae0341,SOL,19.6541,0.7048,BUY,2023-02-14 01:07:00,0.1743,OPEN,0.0,1,Long
0xb5165416bd5e31205f5eebdb26cd1592ebddca2e,BNB,207.5114,0.533,SELL,2023-02-14 04:17:00,0.0667,CLOSE,5.15,3,Short
0x6ae91f9044b365bc545fbaefecc120afb3f0e0b8,OP,1.4089,0.3417,BUY,2023-02-14 08:56:00,-0.2337,CLOSE,-2.11,1,Long
0xd45a1cd4a5790cb05bf8c66c9c2a4154c047bb63,ETH,1601.6803,0.2029,SELL,2023-02-14 09:48:00,-0.0243,CLOSE,18.08,10,Short
0x5adebdbe4ffde843c5c0942476dafed98f4081ed,MATIC,0.9025,0.3268,SELL,2023-02-14 10:11:00,-0.0282,CLOSE,15.29,10,Short
0xa2a2e9a7468bbcd27e0f039d47476b02aac10637,LINK,5.8528,0.2273,BUY,2023-02-14 10:50:00,-0.0321,OPEN,0.0,2,Long
0xcfd86a92699b4e78a9d76f77c3658a5933d981e1,MATIC,0.8805,0.4385,SELL,2023-02-14 17:06:00,0.4509,CLOSE,-0.84,1,Short
0x14fb2d0de7f331f4ab61b71a9d5c4c8e4ef8c0e5,OP,1.4647,0.1638,SELL,2023-02-14 19:16:00,0.0124,CLOSE,3.48,5,Short
0x0f2f77b9475059e62105e77b8d130a7cd6f85ea9,SOL,19.0552,0.0319,BUY,2023-02-14 22:45:00,-0.0063,OPEN,0.0,10,Long
0x6262afa887ea89b1b66c12e70d25de9412bdf3dd,BNB,204.1916,0.0577,BUY,2023-02-14 23:15:00,-0.0073,OPEN,0.0,1,Long
0x4379bda828db78e0c9e1b8c145905c0b109af197,AVAX,14.9423,0.0649,SELL,2023-02-14 23:30:00,-0.0257,CLOSE,2.13,5,Short
0x2d1a95b8825f9bbc7b309def655febd63cc1029d,BTC,22235.1726,0.0324,SELL,2023-02-15 05:45:00,0.0248,CLOSE,-6.03,20,Short
0xb429f0db71443a6dc3b6dd7fc8a7ccec4aa6dfca,ETH,1502.9874,0.3221,BUY,2023-02-15 08:02:00,-0.1577,CLOSE,0.08,1,Long
0x0e414a03aedcefa5c05276b7aa873350baf6378b,SOL,21.06,0.2064,BUY,2023-02-15 08:17:00,-0.0214,OPEN,0.0,3,Long
0x23be95267b9414f864c908abccf5f987e42ce22c,DOGE,0.0729,0.2226,BUY,2023-02-15 14:19:00,0.0082,CLOSE,132.01,50,Long
0x5cc6e86a6eb53b1f13feb35d2a7d10c872850f05,DOGE,0.0738,0.2532,SELL,2023-02-15 14:19:00,-0.0193,CLOSE,-51.67,50,Short
0x3be2f0013aec35a8fd588a7ee15b7c917e04dd75,DOGE,0.0673,0.1952,SELL,2023-02-16 02:00:00,0.022,OPEN,0.0,10,Short
0x744cb7ef9bc0528b331a9c8cbdd555eeda37cf0e,ARB,1.1137,0.1792,SELL,2023-02-16 04:54:00,0.0325,OPEN,0.0,1,Short
0x2e380d92bab460b09297a542e4b0198e2c87e43c,BTC,23478.8791,0.8374,SELL,2023-02-16 10:59:00,0.5708,OPEN,0.0,50,Short
0x8528643b6c996c090947e88b00fe1763200c3698,BNB,223.0865,0.3212,BUY,2023-02-16 14:00:00,-0.1855,OPEN,0.0,1,Long
0xee391c2f221fd53d6a55604791a2377121504c19,MATIC,0.88,2.0134,SELL,2023-02-16 21:45:00,1.3768,CLOSE,9.37,3,Short
0xe2f5ee794b96897c7d576413e0148b2e8f9fa655,LINK,6.6295,1.4516,SELL,2023-02-16 22:31:00,1.1601,OPEN,0.0,3,Short
0xc4dea9884019946f0c0617e568292cdd487b5de4,DOGE,0.0625,0.1485,BUY,2023-02-16 22:53:00,-0.0023,CLOSE,-8.3,20,Long
0x6ae91f9044b365bc545fbaefecc120afb3f0e0b8,LINK,5.8232,0.2628,SELL,2023-02-17 02:00:00,-0.0966,CLOSE,-8.1,3,Short
0x78af6c0c766c104d1e512e617f991e02976ce472,OP,1.4494,0.2998,SELL,2023-02-17 02:01:00,-0.0604,OPEN,0.0,2,Short
0x9f46469dacc43d56c35b79bae4905b54b673b96f,SOL,20.4665,0.2773,SELL,2023-02-17 02:31:00,0.1867,CLOSE,0.41,2,Short
0x37d65217f9a89b91d3d82602fe21b9178f03dce8,DOGE,0.0669,0.8531,SELL,2023-02-17 07:26:00,-0.1271,OPEN,0.0,5,Short
0x2fb4e305fa7f9e99b4f649c36ab6f03349f63204,ARB,1.315,0.2483,SELL,2023-02-17 09:03:00,0.1433,CLOSE,-147.56,50,Short
0x525162b29a67219a10418bb3be42f9213b57465d,OP,1.4831,0.3327,BUY,2023-02-17 09:37:00,0.0274,OPEN,0.0,1,Long
0x26e94b906f96d22acf1132f3c95ef725e7f49365,LINK,5.6599,0.0198,SELL,2023-02-17 16:35:00,-0.0023,OPEN,0.0,2,Short
0x893c0ce1b001bed43dbe9f36ff779cf9df99e513,DOGE,0.0702,0.0116,BUY,2023-02-18 00:44:00,0.0018,CLOSE,-10.37,3,Long
0x37d65217f9a89b91d3d82602fe21b9178f03dce8,ETH,1602.9524,0.4451,BUY,2023-02-18 02:05:00,0.2273,CLOSE,-0.83,1,Long
0x6ae91f9044b365bc545fbaefecc120afb3f0e0b8,BTC,25642.0116,0.7017,BUY,2023-02-18 02:30:00,0.263,OPEN,0.0,3,Long
0x2fb4e305fa7f9e99b4f649c36ab6f03349f63204,ARB,1.2013,0.1971,BUY,2023-02-18 03:19:00,-0.144,OPEN,0.0,50,Long
0xc4dea9884019946f0c0617e568292cdd487b5de4,ARB,1.2178,0.0188,BUY,2023-02-18 04:46:00,0.0009,OPEN,0.0,10,Long
0xee391c2f221fd53d6a55604791a2377121504c19,ETH,1456.1428,0.3267,SELL,2023-02-18 07:54:00,-0.1289,CLOSE,-0.42,1,Short
0x4ccba13ed55148644802487bce53eb55921ba0fe,OP,1.5727,0.3955,SELL,2023-02-18 08:49:00,0.1565,OPEN,0.0,1,Short
0x5adebdbe4ffde843c5c0942476dafed98f4081ed,SOL,20.0796,0.3712,BUY,2023-02-18 14:20:00,0.1028,CLOSE,1.49,5,Long
0x987c1d0a09e6109925ce9325a327c9bc34db8d33,OP,1.4329,1.5885,SELL,2023-02-18 14:42:00,-0.5432,OPEN,0.0,5,Short
0x7d320effc2b28f577dcd364c61661834374cb1ee,LINK,5.9214,0.2714,SELL,2023-02-18 17:06:00,-0.317,CLOSE,-2.49,1,Short
0x4aed548b0ad2ad42d36a65fc9fbb736529027373,AVAX,13.7625,0.6003,BUY,2023-02-18 17:29:00,-0.493,OPEN,0.0,20,Long
0x0328d5d04ef6b199bde888fc75394a7e49cbb2e3,DOGE,0.0694,0.0304,SELL,2023-02-18 19:53:00,-0.0109,CLOSE,-4.04,5,Short
0x2e380d92bab460b09297a542e4b0198e2c87e43c,LINK,6.1442,0.0822,SELL,2023-02-18 20:02:00,0.0169,CLOSE,12.65,5,Short
0x9f46469dacc43d56c35b79bae4905b54b673b96f,DOGE,0.0704,0.0331,SELL,2023-02-18 21:41:00,0.0132,OPEN,0.0,2,Short
0x4ccba13ed55148644802487bce53eb55921ba0fe,ARB,1.096,0.2779,BUY,2023-02-19 01:16:00,0.2642,OPEN,0.0,3,Long
0x925c717311ca9170b4ac3e9b636d21179e3359dd,BNB,198.6647,0.8228,BUY,2023-02-19 02:05:00,0.666,CLOSE,18.63,20,Long
0x2e380d92bab460b09297a542e4b0198e2c87e43c,ARB,1.223,0.3492,BUY,2023-02-19 05:30:00,-0.0057,CLOSE,23.45,10,Long
0xb429f0db71443a6dc3b6dd7fc8a7ccec4aa6dfca,SOL,17.5418,0.1082,SELL,2023-02-19 10:34:00,-0.0531,CLOSE,0.2,1,Short
0x23be95267b9414f864c908abccf5f987e42ce22c,MATIC,0.9128,0.8887,SELL,2023-02-19 11:32:00,0.1843,OPEN,0.0,20,Short
0xe921971dbc1ec5636c7872b4ccfded69e5a45abe,DOGE,0.0715,0.9872,SELL,2023-02-19 13:22:00,0.2533,OPEN,0.0,5,Short
0xb4d87bd4dc83166db001549b0f7dd10ed8172a97,DOGE,0.07,1.1877,SELL,2023-02-19 18:26:00,-1.3559,OPEN,0.0,3,Short
0x24a05b6a280881d9f48b32588c8c89018988a3b9,BNB,210.3073,1.1886,BUY,2023-02-19 20:36:00,0.2563,OPEN,0.0,20,Long
0x5d4e187b0ea64e520ab88273cce8678ddb6803c8,LINK,5.2671,0.4848,SELL,2023-02-19 21:51:00,-0.0009,CLOSE,0.24,2,Short
0xb4d87bd4dc83166db001549b0f7dd10ed8172a97,ARB,1.2016,0.1009,SELL,2023-02-20 01:36:00,-0.0176,OPEN,0.0,2,Short
0x26e94b906f96d22acf1132f3c95ef725e7f49365,BTC,23471.3812,0.0525,SELL,2023-02-20 01:41:00,-0.0391,CLOSE,0.86,3,Short
0xbdd2a8dc587fa386779f90becc9694c9586d3ce5,MATIC,0.9325,0.3216,SELL,2023-02-20 06:46:00,0.0333,CLOSE,-0.3,3,Short
0xb77e6e8c09d1faa2d9fa8746ce75c51abe7252be,DOGE,0.0739,2.3797,SELL,2023-02-20 08:41:00,0.677,CLOSE,167.84,50,Short
0xeea684c1f340e7d01d339e94e345a318e63f4345,OP,1.5746,0.229,SELL,2023-02-20 12:57:00,0.2269,CLOSE,71.77,20,Short
0x9c453737aa43460414e9164eba11d3f5579cf2f1,LINK,6.2851,1.1242,SELL,2023-02-20 15:06:00,0.9615,CLOSE,15.69,10,Short
0x744cb7ef9bc0528b331a9c8cbdd555eeda37cf0e,BNB,195.9438,0.1925,BUY,2023-02-20 20:54:00,-0.0155,CLOSE,-8.21,20,Long
0x37d65217f9a89b91d3d82602fe21b9178f03dce8,DOGE,0.0724,0.5678,SELL,2023-02-20 22:51:00,0.0358,OPEN,0.0,2,Short
0xa2a2e9a7468bbcd27e0f039d47476b02aac10637,SOL,20.4061,0.0479,BUY,2023-02-20 23:55:00,-0.022,OPEN,0.0,1,Long
0xe2f5ee794b96897c7d576413e0148b2e8f9fa655,ARB,1.3124,0.0186,SELL,2023-02-21 01:40:00,0.0091,CLOSE,1.55,1,Short
0x14fb2d0de7f331f4ab61b71a9d5c4c8e4ef8c0e5,AVAX,14.0482,0.7414,BUY,2023-02-21 02:06:00,0.264,OPEN,0.0,2,Long
0xb429f0db71443a6dc3b6dd7fc8a7ccec4aa6dfca,MATIC,0.8613,0.4766,BUY,2023-02-21 08:52:00,0.0605,OPEN,0.0,50,Long
0x4aed548b0ad2ad42d36a65fc9fbb736529027373,LINK,6.1987,0.0207,SELL,2023-02-21 11:23:00,-0.0096,CLOSE,147.73,50,Short
0x1df10b04fc8b7bb56232fbf467593f3d4db7f636,BTC,23095.6974,0.1603,BUY,2023-02-21 14:28:00,0.0145,CLOSE,-8.27,10,Long
0x09fceb2336574e225ea891b132998c73f4696abe,MATIC,0.9099,1.2234,BUY,2023-02-21 16:38:00,-0.1032,CLOSE,8.58,3,Long
0xa2e1a7b77321268164f1cab8f52cd112cfe0f364,ARB,1.2434,0.1079,SELL,2023-02-21 17:19:00,0.0668,CLOSE,0.37,1,Short
0x4f4a940690ae223310632fab09b9ce1d1115fe6b,BNB,197.6743,0.5631,SELL,2023-02-22 00:14:00,-0.7397,OPEN,0.0,10,Short
0x1df10b04fc8b7bb56232fbf467593f3d4db7f636,BNB,204.0005,0.382,SELL,2023-02-22 00:32:00,-0.1765,CLOSE,-33.5,10,Short
0x6262afa887ea89b1b66c12e70d25de9412bdf3dd,BNB,218.5035,0.8065,BUY,2023-02-22 00:38:00,0.2756,CLOSE,-2.63,1,Long
0x1df10b04fc8b7bb56232fbf467593f3d4db7f636,AVAX,12.9004,0.7495,SELL,2023-02-22 04:51:00,0.508,OPEN,0.0,10,Short
0x7968a5f8676e6b77d71e6dadf79e40929b9c9eb0,ETH,1582.355,0.0955,SELL,2023-02-22 09:24:00,-0.0648,CLOSE,3.97,1,Short
0xb973994ea6148c341bff47f5e9721ff9029420df,BNB,214.6846,1.6157,BUY,2023-02-22 10:22:00,0.9459,CLOSE,-0.47,2,Long
0x3be2f0013aec35a8fd588a7ee15b7c917e04dd75,AVAX,14.0509,1.1104,SELL,2023-02-22 12:02:00,0.5886,OPEN,0.0,2,Short
0x43daceb7e014b2c8f1e1dea64bf293277027181b,ETH,1545.1512,1.2086,SELL,2023-02-22 16:49:00,-0.3325,CLOSE,-1.24,1,Short
0x2d1a95b8825f9bbc7b309def655febd63cc1029d,BTC,24245.8789,0.4678,BUY,2023-02-22 19:18:00,0.1342,OPEN,0.0,3,Long
0xcfd86a92699b4e78a9d76f77c3658a5933d981e1,LINK,6.4082,0.0756,SELL,2023-02-22 20:54:00,-0.0495,OPEN,0.0,1,Short
0xaa624205b23ee2d620474b557ab013e55b55c926,ETH,1674.2458,0.0349,SELL,2023-02-22 22:56:00,-0.0064,CLOSE,-121.67,50,Short
0x9c453737aa43460414e9164eba11d3f5579cf2f1,MATIC,0.9463,0.4204,SELL,2023-02-23 02:11:00,-0.1818,OPEN,0.0,1,Short
0xea061b83a2dc03d04b9b22920149ea6f5465fa27,ETH,1595.4515,0.9041,BUY,2023-02-23 03:54:00,0.5425,OPEN,0.0,10,Long
0x4939835272851ed4624ebeef2cd55b020d083576,ETH,1700.3615,0.5173,SELL,2023-02-23 04:58:00,-0.0672,OPEN,0.0,5,Short
0x3be2f0013aec35a8fd588a7ee15b7c917e04dd75,MATIC,0.9086,0.7257,BUY,2023-02-23 05:40:00,0.0248,OPEN,0.0,10,Long
0x1d186cb24f764ddad17b04d51d4a66b0c92ad716,ETH,1787.4923,0.0358,SELL,2023-02-23 07:14:00,-0.0121,CLOSE,9.31,10,Short
0x1df10b04fc8b7bb56232fbf467593f3d4db7f636,BNB,216.7257,0.1058,BUY,2023-02-23 10:13:00,0.0065,CLOSE,-8.41,5,Long
0xdaae4227dfe85b6068adba35a50dd7a2e75f34fe,ETH,1640.405,0.2132,SELL,2023-02-23 14:13:00,0.0416,CLOSE,4.7,2,Short
0x8528643b6c996c090947e88b00fe1763200c3698,ETH,1599.78,1.2772,BUY,2023-02-23 15:01:00,0.0134,OPEN,0.0,2,Long
0x09fceb2336574e225ea891b132998c73f4696abe,MATIC,0.8729,0.591,BUY,2023-02-23 17:04:00,-0.4095,CLOSE,0.17,2,Long
0xcfd86a92699b4e78a9d76f77c3658a5933d981e1,LINK,5.0584,0.3758,SELL,2023-02-23 21:57:00,-0.0257,OPEN,0.0,2,Short
0x5cc6e86a6eb53b1f13feb35d2a7d10c872850f05,OP,1.5508,1.0351,BUY,2023-02-24 01:47:00,-0.7989,OPEN,0.0,50,Long
0xb429f0db71443a6dc3b6dd7fc8a7ccec4aa6dfca,MATIC,0.8492,0.021,BUY,2023-02-24 02:07:00,0.0086,CLOSE,-24.41,50,Long
0xa2a2e9a7468bbcd27e0f039d47476b02aac10637,LINK,6.0355,0.4596,SELL,2023-02-24 04:11:00,-0.2601,CLOSE,-5.23,3,Short
0xeea684c1f340e7d01d339e94e345a318e63f4345,ARB,1.2003,0.0807,SELL,2023-02-24 04:53:00,0.0125,CLOSE,52.58,50,Short
0x4aed548b0ad2ad42d36a65fc9fbb736529027373,ARB,1.1126,0.7716,BUY,2023-02-24 10:13:00,-0.0931,OPEN,0.0,5,Long
0x525162b29a67219a10418bb3be42f9213b57465d,BNB,210.7574,0.384,SELL,2023-02-24 11:33:00,0.4444,OPEN,0.0,1,Short
0x5d4e187b0ea64e520ab88273cce8678ddb6803c8,ARB,1.144,0.1932,BUY,2023-02-24 13:01:00,0.0651,CLOSE,-26.04,5,Long
0x0285eb8e3dcc5302124dd67b15b3a223cf2bd3b2,BNB,231.2816,1.0609,BUY,2023-02-24 13:10:00,-0.1422,CLOSE,-3.93,5,Long
0x9c453737aa43460414e9164eba11d3f5579cf2f1,OP,1.4569,0.2682,BUY,2023-02-24 17:40:00,0.1289,CLOSE,-0.42,10,Long
0x5cc6e86a6eb53b1f13feb35d2a7d10c872850f05,ETH,1713.8966,0.4365,BUY,2023-02-24 18:45:00,-0.095,OPEN,0.0,5,Long
0x5cc6e86a6eb53b1f13feb35d2a7d10c872850f05,ARB,1.1942,0.2134,SELL,2023-02-24 20:36:00,-0.0376,OPEN,0.0,20,Short
0x2e380d92bab460b09297a542e4b0198e2c87e43c,BNB,209.359,1.2097,BUY,2023-02-25 01:50:00,-0.4451,CLOSE,-0.52,2,Long
0x925c717311ca9170b4ac3e9b636d21179e3359dd,OP,1.4332,0.9734,SELL,2023-02-25 03:14:00,-0.741,OPEN,0.0,5,Short
0x744c9dcc29d0c40a3d305d66bb7cf1e724333f73,BTC,25391.0166,0.2264,SELL,2023-02-25 05:02:00,-0.1462,OPEN,0.0,20,Short
0x26e94b906f96d22acf1132f3c95ef725e7f49365,DOGE,0.0717,1.6741,SELL,2023-02-25 10:34:00,0.2761,OPEN,0.0,10,Short
0x2fb4e305fa7f9e99b4f649c36ab6f03349f63204,OP,1.4969,0.0487,BUY,2023-02-25 11:15:00,0.0122,OPEN,0.0,20,Long
0xb4d87bd4dc83166db001549b0f7dd10ed8172a97,ETH,1508.5329,0.0104,BUY,2023-02-25 14:08:00,0.0005,OPEN,0.0,2,Long
0x6121a1650753afb98b8a066940907804424fc225,DOGE,0.0706,0.4463,BUY,2023-02-25 14:29:00,0.2667,CLOSE,-29.46,10,Long
0x0285eb8e3dcc5302124dd67b15b3a223cf2bd3b2,OP,1.4578,0.4832,SELL,2023-02-25 15:04:00,-0.1034,CLOSE,-27.7,20,Short
0xb77e6e8c09d1faa2d9fa8746ce75c51abe7252be,BTC,24863.7207,0.841,SELL,2023-02-25 15:27:00,0.0145,CLOSE,-34.29,10,Short
0x6ae91f9044b365bc545fbaefecc120afb3f0e0b8,OP,1.4393,0.4757,SELL,2023-02-25 15:40:00,0.0447,OPEN,0.0,10,Short
0x23be95267b9414f864c908abccf5f987e42ce22c,ARB,1.2655,0.1514,BUY,2023-02-25 17:41:00,-0.0415,CLOSE,4.11,5,Long
0x8528643b6c996c090947e88b00fe1763200c3698,ETH,1564.3997,0.0122,SELL,2023-02-25 18:48:00,0.0012,OPEN,0.0,20,Short
0x0e414a03aedcefa5c05276b7aa873350baf6378b,BNB,208.1585,2.2266,SELL,2023-02-25 20:19:00,0.5472,CLOSE,-25.58,10,Short
0x893c0ce1b001bed43dbe9f36ff779cf9df99e513,DOGE,0.0693,0.9719,BUY,2023-02-25 22:28:00,0.1071,OPEN,0.0,3,Long
0x925c717311ca9170b4ac3e9b636d21179e3359dd,ETH,1538.2582,1.2731,SELL,2023-02-26 03:35:00,1.0245,OPEN,0.0,50,Short
0x525162b29a67219a10418bb3be42f9213b57465d,DOGE,0.0661,0.1553,BUY,2023-02-26 12:50:00,-0.0338,OPEN,0.0,50,Long
0x5a1966353c437c4a9bafc506875acdf42fc8ff65,AVAX,14.0783,0.5582,SELL,2023-02-26 15:08:00,-0.5674,CLOSE,12.97,3,Short
0x30cf07144e7941c6c51824aa794607d5a2f34311,ETH,1712.9776,1.7175,BUY,2023-02-26 16:08:00,0.2276,CLOSE,0.05,5,Long
0x78af6c0c766c104d1e512e617f991e02976ce472,LINK,6.272,0.32,SELL,2023-02-26 18:01:00,-0.0349,CLOSE,-23.78,20,Short
0x78af6c0c766c104d1e512e617f991e02976ce472,ARB,1.1954,0.3219,SELL,2023-02-26 23:03:00,0.0024,CLOSE,1.45,10,Short
0x4ccba13ed55148644802487bce53eb55921ba0fe,OP,1.6601,0.0888,BUY,2023-02-27 02:08:00,-0.0149,CLOSE,-0.95,1,Long
0xbb4e5487f3cf95039e0674754240ffcd91dcb7b6,OP,1.4983,2.6291,SELL,2023-02-27 05:52:00,1.7992,CLOSE,-2.79,2,Short
0x6121a1650753afb98b8a066940907804424fc225,LINK,6.3456,0.2583,SELL,2023-02-27 07:00:00,0.008,CLOSE,-0.95,2,Short
0xd070b332429151e576014d456b91028526f824b6,AVAX,15.1018,0.2223,SELL,2023-02-27 11:50:00,-0.1736,OPEN,0.0,2,Short
0x7968a5f8676e6b77d71e6dadf79e40929b9c9eb0,BNB,206.3512,0.084,BUY,2023-02-27 13:09:00,-0.0354,OPEN,0.0,10,Long
0xd45a1cd4a5790cb05bf8c66c9c2a4154c047bb63,DOGE,0.0675,0.1495,SELL,2023-02-27 14:01:00,0.1183,CLOSE,-4.15,10,Short
0xbb4e5487f3cf95039e0674754240ffcd91dcb7b6,AVAX,15.076,1.3253,BUY,2023-02-27 14:10:00,0.6928,CLOSE,-15.14,50,Long
0xbb4e5487f3cf95039e0674754240ffcd91dcb7b6,DOGE,0.0741,0.7853,SELL,2023-02-27 15:07:00,0.6237,CLOSE,88.56,50,Short
0x6262afa887ea89b1b66c12e70d25de9412bdf3dd,MATIC,0.855,0.2109,BUY,2023-02-28 02:51:00,-0.0902,OPEN,0.0,5,Long
0xbb4e5487f3cf95039e0674754240ffcd91dcb7b6,MATIC,0.8807,1.7895,SELL,2023-02-28 04:12:00,-0.6195,OPEN,0.0,2,Short
0x2fb4e305fa7f9e99b4f649c36ab6f03349f63204,MATIC,0.9797,0.3463,SELL,2023-02-28 05:51:00,-0.0626,CLOSE,-0.03,1,Short
0xb5165416bd5e31205f5eebdb26cd1592ebddca2e,LINK,5.9767,1.1374,SELL,2023-02-28 12:37:00,-0.2594,CLOSE,-2.32,1,Short
0x0af6790523dd0af40c1c3a03a4c1a0df6067eba2,BTC,22145.9517,0.5284,BUY,2023-02-28 13:15:00,-0.0564,CLOSE,2.41,5,Long
0xb5165416bd5e31205f5eebdb26cd1592ebddca2e,ARB,1.2931,0.3772,SELL,2023-02-28 15:43:00,0.0218,CLOSE,8.8,20,Short
0xc4dea9884019946f0c0617e568292cdd487b5de4,DOGE,0.07,0.7577,SELL,2023-02-28 19:11:00,0.6348,CLOSE,-14.4,50,Short
0x4f4a940690ae223310632fab09b9ce1d1115fe6b,LINK,6.2626,0.2123,BUY,2023-02-28 19:49:00,0.1425,CLOSE,1.56,1,Long
0xe2f5ee794b96897c7d576413e0148b2e8f9fa655,AVAX,14.831,0.0828,SELL,2023-02-28 22:12:00,-0.0399,OPEN,0.0,2,Short
0xea061b83a2dc03d04b9b22920149ea6f5465fa27,BNB,208.33,0.1406,BUY,2023-03-01 02:07:00,-0.1474,CLOSE,1.83,1,Long
0xb4d87bd4dc83166db001549b0f7dd10ed8172a97,ETH,1632.8207,0.4147,BUY,2023-03-01 06:12:00,0.1034,CLOSE,1.3,2,Long
0x5adebdbe4ffde843c5c0942476dafed98f4081ed,ARB,1.1436,0.5154,SELL,2023-03-01 07:06:00,-0.1065,CLOSE,137.98,50,Short
0x14fb2d0de7f331f4ab61b71a9d5c4c8e4ef8c0e5,MATIC,0.9065,0.2288,SELL,2023-03-01 07:59:00,0.0997,OPEN,0.0,50,Short
0xebf28c699b1e7f2ad3e31316d86da0df789a475b,SOL,20.12,0.1213,BUY,2023-03-01 09:45:00,-0.0305,CLOSE,5.23,10,Long
0xeebc475a7fbdf24e9a015d16ca79c7f443e7ab81,SOL,21.4478,0.6309,SELL,2023-03-01 10:46:00,0.2961,OPEN,0.0,5,Short
0xb973994ea6148c341bff47f5e9721ff9029420df,ETH,1682.4308,0.4223,BUY,2023-03-01 13:57:00,0.2101,CLOSE,39.49,20,Long
0x7968a5f8676e6b77d71e6dadf79e40929b9c9eb0,DOGE,0.0754,0.1859,SELL,2023-03-01 14:41:00,0.1422,CLOSE,-5.74,10,Short
0x3be2f0013aec35a8fd588a7ee15b7c917e04dd75,ARB,1.1733,0.0652,BUY,2023-03-02 00:29:00,0.0456,CLOSE,1.95,1,Long
0x09fceb2336574e225ea891b132998c73f4696abe,LINK,6.2883,0.1272,SELL,2023-03-02 01:10:00,-0.0227,OPEN,0.0,2,Short
0xf547770f567ab48950b47158a6efc236cb73d8c1,LINK,5.999,0.4838,SELL,2023-03-02 02:18:00,-0.1525,OPEN,0.0,50,Short
0x43daceb7e014b2c8f1e1dea64bf293277027181b,LINK,5.7542,0.0837,BUY,2023-03-02 04:15:00,0.0147,CLOSE,2.2,1,Long
0x0328d5d04ef6b199bde888fc75394a7e49cbb2e3,ARB,1.1863,0.2468,BUY,2023-03-02 07:46:00,0.0525,OPEN,0.0,20,Long
0xea061b83a2dc03d04b9b22920149ea6f5465fa27,OP,1.5797,0.3716,SELL,2023-03-02 08:09:00,0.2134,CLOSE,-67.59,20,Short
0xa2a2e9a7468bbcd27e0f039d47476b02aac10637,BNB,195.8773,0.5247,SELL,2023-03-02 09:15:00,-0.2259,OPEN,0.0,3,Short
0x4aed548b0ad2ad42d36a65fc9fbb736529027373,BTC,24323.0427,0.3394,BUY,2023-03-02 12:51:00,-0.024,OPEN,0.0,3,Long
0xc87fa1c370a4cdce8a3de02aecd8246696f21820,BTC,25430.9687,0.1328,BUY,2023-03-02 15:00:00,-0.0412,CLOSE,-16.94,20,Long
0x5cc6e86a6eb53b1f13feb35d2a7d10c872850f05,OP,1.3891,0.0681,BUY,2023-03-02 15:35:00,-0.0313,CLOSE,-92.76,20,Long
0xcfd86a92699b4e78a9d76f77c3658a5933d981e1,LINK,5.897,0.4849,SELL,2023-03-02 22:33:00,-0.5057,OPEN,0.0,10,Short
0x5d4e187b0ea64e520ab88273cce8678ddb6803c8,BNB,218.8464,0.3562,BUY,2023-03-02 23:58:00,0.1345,OPEN,0.0,1,Long
0x24a05b6a280881d9f48b32588c8c89018988a3b9,BNB,211.0684,0.0219,BUY,2023-03-03 00:10:00,0.0037,CLOSE,4.29,2,Long
0x4aed548b0ad2ad42d36a65fc9fbb736529027373,SOL,20.3985,0.3146,SELL,2023-03-03 04:53:00,-0.1162,OPEN,0.0,1,Short
0x4379bda828db78e0c9e1b8c145905c0b109af197,MATIC,0.8061,0.794,SELL,2023-03-03 07:13:00,-0.0742,OPEN,0.0,5,Short
0xb973994ea6148c341bff47f5e9721ff9029420df,ARB,1.1949,1.3551,SELL,2023-03-03 08:53:00,0.6342,CLOSE,82.69,50,Short
0x09fceb2336574e225ea891b132998c73f4696abe,DOGE,0.0712,0.4023,BUY,2023-03-03 09:54:00,-0.2117,CLOSE,-40.74,10,Long
0x30cf07144e7941c6c51824aa794607d5a2f34311,ETH,1564.2788,0.1029,BUY,2023-03-03 12:13:00,0.0441,CLOSE,3.04,2,Long
0x925c717311ca9170b4ac3e9b636d21179e3359dd,MATIC,0.8343,0.0362,SELL,2023-03-03 12:24:00,0.0139,CLOSE,1.3,1,Short
0x0328d5d04ef6b199bde888fc75394a7e49cbb2e3,MATIC,0.8046,0.2133,BUY,2023-03-04 01:52:00,-0.0035,OPEN,0.0,2,Long
0x79734a87ec5efa730c4a5d0ff563bac34e411e6b,SOL,21.0025,0.186,BUY,2023-03-04 07:37:00,-0.0647,CLOSE,-6.11,2,Long
0x75e3bcbec520c0c454921cf1afac79214071ba6e,AVAX,14.2757,0.296,BUY,2023-03-04 11:47:00,0.2047,CLOSE,-25.21,20,Long
0xdaae4227dfe85b6068adba35a50dd7a2e75f34fe,DOGE,0.071,0.0418,BUY,2023-03-04 11:48:00,-0.0231,OPEN,0.0,2,Long
0x4f4a940690ae223310632fab09b9ce1d1115fe6b,LINK,6.2858,0.103,BUY,2023-03-04 16:17:00,0.0244,OPEN,0.0,10,Long
0xee391c2f221fd53d6a55604791a2377121504c19,DOGE,0.0698,0.279,SELL,2023-03-04 19:08:00,0.1652,CLOSE,-12.95,10,Short
0x0328d5d04ef6b199bde888fc75394a7e49cbb2e3,DOGE,0.0701,0.3655,SELL,2023-03-04 21:33:00,-0.1747,CLOSE,3.94,3,Short
0xee391c2f221fd53d6a55604791a2377121504c19,MATIC,0.923,0.0298,SELL,2023-03-05 01:55:00,0.0092,OPEN,0.0,1,Short
0xeebc475a7fbdf24e9a015d16ca79c7f443e7ab81,BNB,204.9178,0.5419,SELL,2023-03-05 03:11:00,0.2181,CLOSE,3.2,10,Short
0x0e414a03aedcefa5c05276b7aa873350baf6378b,BTC,24499.3909,0.2514,BUY,2023-03-05 03:46:00,0.071,OPEN,0.0,1,Long
0xf547770f567ab48950b47158a6efc236cb73d8c1,ETH,1644.8385,0.385,BUY,2023-03-05 08:04:00,0.1204,CLOSE,9.35,5,Long
0x5f3203e5a82554fb4ff75ee00ec09483e2ae0341,OP,1.5317,1.0533,SELL,2023-03-05 11:52:00,-0.9367,OPEN,0.0,20,Short
0x1df10b04fc8b7bb56232fbf467593f3d4db7f636,DOGE,0.0627,0.4352,BUY,2023-03-05 12:01:00,0.1591,OPEN,0.0,5,Long
0xe2c1562bb67f7a529b76e91f7196d63f54ccddaf,BTC,24528.0043,0.0234,BUY,2023-03-05 14:19:00,0.0148,CLOSE,10.2,50,Long
0x5d4e187b0ea64e520ab88273cce8678ddb6803c8,ETH,1597.2268,0.7092,BUY,2023-03-05 16:40:00,0.7599,CLOSE,-41.98,50,Long
0x2e380d92bab460b09297a542e4b0198e2c87e43c,MATIC,0.9999,0.0713,BUY,2023-03-05 17:47:00,-0.033,OPEN,0.0,3,Long
0x7968a5f8676e6b77d71e6dadf79e40929b9c9eb0,AVAX,14.3538,0.2494,BUY,2023-03-05 19:13:00,0.0141,OPEN,0.0,50,Long
0x0285eb8e3dcc5302124dd67b15b3a223cf2bd3b2,AVAX,14.2856,0.1147,SELL,2023-03-05 21:35:00,-0.061,OPEN,0.0,2,Short
0xb429f0db71443a6dc3b6dd7fc8a7ccec4aa6dfca,AVAX,15.8004,1.8594,BUY,2023-03-05 22:48:00,-2.0913,OPEN,0.0,20,Long
0xeea684c1f340e7d01d339e94e345a318e63f4345,LINK,5.918,0.2934,BUY,2023-03-06 04:32:00,-0.0766,OPEN,0.0,10,Long
0x0e414a03aedcefa5c05276b7aa873350baf6378b,ARB,1.2807,0.2859,SELL,2023-03-06 04:33:00,0.0263,CLOSE,6.0,20,Short
0x4ccba13ed55148644802487bce53eb55921ba0fe,BTC,26628.238,0.0644,BUY,2023-03-06 07:58:00,0.0044,OPEN,0.0,50,Long
0xb4d87bd4dc83166db001549b0f7dd10ed8172a97,AVAX,14.0114,0.3309,SELL,2023-03-06 09:07:00,0.0875,OPEN,0.0,20,Short
0x0f2f77b9475059e62105e77b8d130a7cd6f85ea9,SOL,19.8685,0.8911,SELL,2023-03-06 14:56:00,-0.3581,OPEN,0.0,50,Short
0xb2ad781ab883a8f93650bcd708f6c9529a07f690,MATIC,0.9454,0.2163,BUY,2023-03-06 21:08:00,-0.1213,OPEN,0.0,50,Long
0xedbe03d7cf3f6121ea929dfa1841270856f03d2b,SOL,19.9349,0.4432,SELL,2023-03-07 00:53:00,0.6034,OPEN,0.0,5,Short
0x1d186cb24f764ddad17b04d51d4a66b0c92ad716,DOGE,0.0683,0.3388,BUY,2023-03-07 03:15:00,-0.3386,OPEN,0.0,50,Long
0x47484e135be5cc29287e7165fb9c975996f6a214,BNB,221.0107,0.5667,SELL,2023-03-07 03:49:00,-0.1174,OPEN,0.0,50,Short
0x6121a1650753afb98b8a066940907804424fc225,MATIC,0.9076,0.483,SELL,2023-03-07 06:43:00,-0.2014,OPEN,0.0,5,Short
0x744c9dcc29d0c40a3d305d66bb7cf1e724333f73,AVAX,13.5472,0.1557,SELL,2023-03-07 08:51:00,0.126,CLOSE,-45.9,20,Short
0x75e3bcbec520c0c454921cf1afac79214071ba6e,BNB,204.6334,0.3597,SELL,2023-03-07 13:13:00,-0.236,CLOSE,2.85,50,Short
0x0af6790523dd0af40c1c3a03a4c1a0df6067eba2,AVAX,13.3928,1.7554,BUY,2023-03-07 14:38:00,0.012,OPEN,0.0,10,Long
0x2d1a95b8825f9bbc7b309def655febd63cc1029d,ETH,1515.8762,1.1135,BUY,2023-03-07 15:33:00,-0.5444,OPEN,0.0,10,Long
0x0328d5d04ef6b199bde888fc75394a7e49cbb2e3,DOGE,0.0726,0.0912,SELL,2023-03-07 17:15:00,-0.0584,OPEN,0.0,5,Short
0x0af6790523dd0af40c1c3a03a4c1a0df6067eba2,ARB,1.1717,0.0543,SELL,2023-03-07 21:41:00,0.0063,CLOSE,7.23,3,Short
0x0f2f77b9475059e62105e77b8d130a7cd6f85ea9,ETH,1648.4106,0.4499,BUY,2023-03-07 22:46:00,-0.063,CLOSE,2.13,3,Long
0xcfd86a92699b4e78a9d76f77c3658a5933d981e1,MATIC,0.8636,0.6278,BUY,2023-03-07 23:04:00,0.1508,OPEN,0.0,10,Long
0xc87fa1c370a4cdce8a3de02aecd8246696f21820,SOL,20.2089,0.4056,BUY,2023-03-07 23:16:00,-0.3974,CLOSE,2.69,5,Long
0x8528643b6c996c090947e88b00fe1763200c3698,OP,1.4948,0.324,SELL,2023-03-07 23:39:00,0.1442,OPEN,0.0,3,Short
0x9c453737aa43460414e9164eba11d3f5579cf2f1,OP,1.5582,0.2045,SELL,2023-03-07 23:41:00,-0.0487,OPEN,0.0,10,Short
0x79734a87ec5efa730c4a5d0ff563bac34e411e6b,MATIC,0.9756,1.0016,SELL,2023-03-08 03:10:00,0.0913,CLOSE,-2.53,1,Short
0xbdd2a8dc587fa386779f90becc9694c9586d3ce5,ARB,1.1858,1.4711,BUY,2023-03-08 04:14:00,0.8691,OPEN,0.0,10,Long
0x925c717311ca9170b4ac3e9b636d21179e3359dd,BNB,200.9741,0.4162,SELL,2023-03-08 07:54:00,-0.1853,OPEN,0.0,3,Short
0xdaae4227dfe85b6068adba35a50dd7a2e75f34fe,DOGE,0.0698,1.2593,BUY,2023-03-08 08:04:00,0.1009,CLOSE,-106.51,50,Long
0xc599099a389d38c5d9c8b5481edbeba0598102b1,LINK,5.6572,0.2037,BUY,2023-03-08 09:06:00,0.0306,OPEN,0.0,10,Long
0x78af6c0c766c104d1e512e617f991e02976ce472,SOL,21.5986,0.1807,SELL,2023-03-09 02:20:00,-0.0084,CLOSE,2.79,5,Short
0xd070b332429151e576014d456b91028526f824b6,SOL,21.9859,0.1249,SELL,2023-03-09 06:22:00,0.046,CLOSE,1.34,1,Short
0x646d2815b93dc22b981b7152e79d208287e60827,BNB,216.6534,0.2871,SELL,2023-03-09 06:40:00,-0.1002,OPEN,0.0,3,Short
0x23be95267b9414f864c908abccf5f987e42ce22c,MATIC,0.8608,0.4587,SELL,2023-03-09 06:41:00,-0.1123,CLOSE,21.88,10,Short
0x7d320effc2b28f577dcd364c61661834374cb1ee,SOL,20.3702,0.1557,BUY,2023-03-09 09:04:00,0.0455,CLOSE,-0.46,3,Long
0xa2e1a7b77321268164f1cab8f52cd112cfe0f364,MATIC,0.88,0.4752,SELL,2023-03-09 09:15:00,-0.0642,CLOSE,2.29,1,Short
0x987c1d0a09e6109925ce9325a327c9bc34db8d33,SOL,18.7331,0.3514,BUY,2023-03-09 09:29:00,0.0771,OPEN,0.0,2,Long
0xaa624205b23ee2d620474b557ab013e55b55c926,MATIC,0.8658,0.2671,SELL,2023-03-09 10:18:00,0.0383,CLOSE,93.14,50,Short
0x47484e135be5cc29287e7165fb9c975996f6a214,ARB,1.1489,0.339,BUY,2023-03-09 12:02:00,-0.0765,OPEN,0.0,1,Long
0x47484e135be5cc29287e7165fb9c975996f6a214,LINK,5.6326,0.1819,BUY,2023-03-09 13:50:00,0.0801,OPEN,0.0,10,Long
0x1df10b04fc8b7bb56232fbf467593f3d4db7f636,BTC,25751.0861,0.8508,SELL,2023-03-09 16:51:00,0.3741,CLOSE,1.79,10,Short
0x4ccba13ed55148644802487bce53eb55921ba0fe,DOGE,0.0673,0.1384,BUY,2023-03-09 17:40:00,-0.0172,CLOSE,71.07,50,Long
0x26e94b906f96d22acf1132f3c95ef725e7f49365,OP,1.5115,0.7049,SELL,2023-03-09 22:29:00,0.0731,OPEN,0.0,50,Short
0x453dd2d9eed5ff86eb409796ee5f1e1d285c33d4,ETH,1626.2299,0.1467,BUY,2023-03-09 22:44:00,-0.2756,CLOSE,-51.01,20,Long
0xdaae4227dfe85b6068adba35a50dd7a2e75f34fe,BNB,200.3957,0.2545,BUY,2023-03-09 22:46:00,-0.0997,CLOSE,-0.54,1,Long
0xc4dea9884019946f0c0617e568292cdd487b5de4,SOL,18.7722,0.7971,BUY,2023-03-10 00:15:00,-0.4709,OPEN,0.0,10,Long
0x0328d5d04ef6b199bde888fc75394a7e49cbb2e3,OP,1.3728,0.1253,SELL,2023-03-10 02:02:00,0.1088,CLOSE,187.86,50,Short
0x7968a5f8676e6b77d71e6dadf79e40929b9c9eb0,LINK,5.9989,0.4914,SELL,2023-03-10 03:44:00,-0.2846,OPEN,0.0,5,Short
0x744c9dcc29d0c40a3d305d66bb7cf1e724333f73,MATIC,0.9396,1.4328,BUY,2023-03-10 08:22:00,0.9108,CLOSE,6.62,20,Long
0x43daceb7e014b2c8f1e1dea64bf293277027181b,OP,1.5014,0.1534,SELL,2023-03-10 10:57:00,0.1134,CLOSE,-18.73,20,Short
0xa2a2e9a7468bbcd27e0f039d47476b02aac10637,BTC,23271.3801,0.0717,BUY,2023-03-10 11:16:00,-0.0131,OPEN,0.0,5,Long
0xb973994ea6148c341bff47f5e9721ff9029420df,MATIC,0.9572,0.0707,SELL,2023-03-10 11:25:00,-0.0248,OPEN,0.0,20,Short
0x78af6c0c766c104d1e512e617f991e02976ce472,DOGE,0.0664,0.1109,BUY,2023-03-10 12:31:00,-0.0662,CLOSE,1.33,2,Long
0xb77e6e8c09d1faa2d9fa8746ce75c51abe7252be,DOGE,0.0717,0.4666,SELL,2023-03-10 13:30:00,0.1475,CLOSE,-0.85,5,Short
0x79734a87ec5efa730c4a5d0ff563bac34e411e6b,SOL,18.351,0.3283,SELL,2023-03-10 16:22:00,0.0016,OPEN,0.0,50,Short
0x4939835272851ed4624ebeef2cd55b020d083576,BNB,221.4374,0.3726,SELL,2023-03-10 20:23:00,0.0712,OPEN,0.0,5,Short
0xa2e1a7b77321268164f1cab8f52cd112cfe0f364,SOL,20.7714,0.0542,BUY,2023-03-11 00:18:00,-0.0079,OPEN,0.0,5,Long
0xb5165416bd5e31205f5eebdb26cd1592ebddca2e,ETH,1588.7259,0.1594,SELL,2023-03-11 00:56:00,0.0197,CLOSE,0.08,1,Short
0x26e94b906f96d22acf1132f3c95ef725e7f49365,ARB,1.1599,0.6628,SELL,2023-03-11 02:36:00,0.1018,CLOSE,-0.05,20,Short
0x43daceb7e014b2c8f1e1dea64bf293277027181b,BTC,27073.5871,0.6102,BUY,2023-03-11 03:31:00,0.1046,CLOSE,-59.7,50,Long
0xe2c1562bb67f7a529b76e91f7196d63f54ccddaf,LINK,6.2299,0.4514,SELL,2023-03-11 04:12:00,-0.0362,OPEN,0.0,2,Short
0xf547770f567ab48950b47158a6efc236cb73d8c1,AVAX,13.6247,0.3624,BUY,2023-03-11 05:03:00,0.3032,OPEN,0.0,5,Long
0x1d186cb24f764ddad17b04d51d4a66b0c92ad716,SOL,19.7184,0.5732,BUY,2023-03-11 05:28:00,0.4067,OPEN,0.0,20,Long
0xb77e6e8c09d1faa2d9fa8746ce75c51abe7252be,LINK,6.0465,0.1158,BUY,2023-03-11 09:07:00,-0.0019,OPEN,0.0,2,Long
0x8528643b6c996c090947e88b00fe1763200c3698,SOL,20.5996,0.2273,BUY,2023-03-11 10:01:00,-0.0978,OPEN,0.0,5,Long
0x5d4e187b0ea64e520ab88273cce8678ddb6803c8,SOL,22.4148,1.7979,SELL,2023-03-11 11:10:00,-1.4519,CLOSE,48.59,20,Short
0xedbe03d7cf3f6121ea929dfa1841270856f03d2b,MATIC,0.9213,0.6071,BUY,2023-03-11 13:35:00,0.2845,OPEN,0.0,3,Long
0x525162b29a67219a10418bb3be42f9213b57465d,LINK,5.6559,0.8583,BUY,2023-03-11 15:27:00,-0.0182,CLOSE,2.23,2,Long
0xc4dea9884019946f0c0617e568292cdd487b5de4,DOGE,0.0684,0.1087,SELL,2023-03-11 16:21:00,-0.0132,OPEN,0.0,1,Short
0xc87fa1c370a4cdce8a3de02aecd8246696f21820,MATIC,0.8471,0.1159,BUY,2023-03-11 22:30:00,-0.0519,CLOSE,-5.78,3,Long
0x47484e135be5cc29287e7165fb9c975996f6a214,BTC,25035.5353,0.6062,BUY,2023-03-11 23:21:00,0.1693,OPEN,0.0,5,Long
0xa2a2e9a7468bbcd27e0f039d47476b02aac10637,BNB,210.7323,0.1796,BUY,2023-03-12 01:03:00,-0.0575,CLOSE,-3.92,2,Long
0x79734a87ec5efa730c4a5d0ff563bac34e411e6b,SOL,19.1591,0.1343,SELL,2023-03-12 02:46:00,-0.0006,CLOSE,-18.7,20,Short
0x9c453737aa43460414e9164eba11d3f5579cf2f1,DOGE,0.0658,0.141,SELL,2023-03-12 04:53:00,0.0136,OPEN,0.0,10,Short
0x0285eb8e3dcc5302124dd67b15b3a223cf2bd3b2,SOL,18.6498,0.3982,SELL,2023-03-12 05:12:00,-0.0613,CLOSE,2.69,5,Short
0xe921971dbc1ec5636c7872b4ccfded69e5a45abe,ETH,1622.8956,0.3401,BUY,2023-03-12 07:05:00,-0.4249,OPEN,0.0,3,Long
0xb973994ea6148c341bff47f5e9721ff9029420df,BTC,25652.3105,0.0748,BUY,2023-03-12 08:56:00,-0.0031,OPEN,0.0,10,Long
0xa2e1a7b77321268164f1cab8f52cd112cfe0f364,ETH,1617.8416,0.0284,SELL,2023-03-12 10:10:00,-0.0103,OPEN,0.0,20,Short
0x7d320effc2b28f577dcd364c61661834374cb1ee,OP,1.5632,0.5674,BUY,2023-03-12 10:35:00,-0.1528,OPEN,0.0,5,Long
0x5cc6e86a6eb53b1f13feb35d2a7d10c872850f05,AVAX,14.1416,0.0661,SELL,2023-03-12 10:58:00,-0.0411,OPEN,0.0,50,Short
0x4ccba13ed55148644802487bce53eb55921ba0fe,LINK,6.3218,1.2115,BUY,2023-03-12 11:01:00,0.8655,CLOSE,1.81,10,Long
0x0328d5d04ef6b199bde888fc75394a7e49cbb2e3,AVAX,14.0958,2.2859,BUY,2023-03-12 14:44:00,-0.3187,CLOSE,17.9,10,Long
0x2d1a95b8825f9bbc7b309def655febd63cc1029d,SOL,19.0719,1.0974,SELL,2023-03-12 16:28:00,0.5845,CLOSE,3.01,1,Short
0xbb4e5487f3cf95039e0674754240ffcd91dcb7b6,AVAX,15.1515,0.0287,SELL,2023-03-12 21:07:00,-0.0036,CLOSE,36.06,20,Short
0xf547770f567ab48950b47158a6efc236cb73d8c1,OP,1.6397,0.2578,BUY,2023-03-12 21:40:00,0.0161,OPEN,0.0,2,Long
0x0f2f77b9475059e62105e77b8d130a7cd6f85ea9,ETH,1520.7571,0.0308,BUY,2023-03-12 21:41:00,-0.0087,OPEN,0.0,50,Long
0xc599099a389d38c5d9c8b5481edbeba0598102b1,BTC,25263.0882,0.529,SELL,2023-03-12 22:25:00,-0.0435,CLOSE,91.05,50,Short
0xb973994ea6148c341bff47f5e9721ff9029420df,AVAX,15.146,0.718,SELL,2023-03-12 23:21:00,-0.2555,OPEN,0.0,20,Short
0x5adebdbe4ffde843c5c0942476dafed98f4081ed,BTC,24782.0465,0.8718,SELL,2023-03-13 05:54:00,-0.3163,CLOSE,21.24,20,Short
0x9f46469dacc43d56c35b79bae4905b54b673b96f,MATIC,0.8717,0.3841,BUY,2023-03-13 06:58:00,-0.0562,OPEN,0.0,20,Long
0x23be95267b9414f864c908abccf5f987e42ce22c,ARB,1.1561,0.0807,BUY,2023-03-13 14:38:00,-0.0613,CLOSE,4.0,1,Long
0xeebc475a7fbdf24e9a015d16ca79c7f443e7ab81,MATIC,0.9256,0.2697,BUY,2023-03-13 18:55:00,-0.0912,OPEN,0.0,50,Long
0xb2ad781ab883a8f93650bcd708f6c9529a07f690,AVAX,13.9983,0.5945,BUY,2023-03-14 02:17:00,-0.1752,CLOSE,-1.58,1,Long
0xb77e6e8c09d1faa2d9fa8746ce75c51abe7252be,AVAX,13.6462,0.9087,SELL,2023-03-14 05:34:00,-0.1366,CLOSE,-18.5,5,Short
0x2e380d92bab460b09297a542e4b0198e2c87e43c,ETH,1410.6018,0.4254,SELL,2023-03-14 08:12:00,0.0752,OPEN,0.0,1,Short
0x2e380d92bab460b09297a542e4b0198e2c87e43c,SOL,18.843,0.0422,BUY,2023-03-14 11:31:00,-0.0209,CLOSE,0.6,20,Long
0x9c453737aa43460414e9164eba11d3f5579cf2f1,MATIC,0.8719,2.4725,SELL,2023-03-14 13:50:00,2.9984,CLOSE,-1.16,20,Short
0x7d320effc2b28f577dcd364c61661834374cb1ee,LINK,5.8048,0.3301,BUY,2023-03-14 14:23:00,-0.0539,OPEN,0.0,20,Long
0x0f2f77b9475059e62105e77b8d130a7cd6f85ea9,BNB,185.7907,0.426,BUY,2023-03-14 15:24:00,0.3538,OPEN,0.0,2,Long
0x6262afa887ea89b1b66c12e70d25de9412bdf3dd,AVAX,13.6966,0.3128,BUY,2023-03-14 15:59:00,-0.0888,OPEN,0.0,1,Long
0x525162b29a67219a10418bb3be42f9213b57465d,OP,1.5605,0.2067,SELL,2023-03-14 22:51:00,-0.1287,CLOSE,-2.51,3,Short
0xb429f0db71443a6dc3b6dd7fc8a7ccec4aa6dfca,MATIC,0.9524,0.1553,SELL,2023-03-15 01:46:00,0.0925,CLOSE,-3.87,20,Short
0xee391c2f221fd53d6a55604791a2377121504c19,SOL,19.8606,0.036,BUY,2023-03-15 02:27:00,0.0133,CLOSE,0.27,1,Long
0xaa624205b23ee2d620474b557ab013e55b55c926,SOL,20.9017,0.973,BUY,2023-03-15 02:28:00,-0.1855,OPEN,0.0,2,Long
0xdb5102ee19e81b7181b47ffb28758462bdc6a2f6,AVAX,14.8191,0.4561,BUY,2023-03-15 02:41:00,-0.0619,OPEN,0.0,3,Long
0x5f3203e5a82554fb4ff75ee00ec09483e2ae0341,MATIC,0.9151,0.1065,BUY,2023-03-15 03:54:00,0.0827,OPEN,0.0,3,Long
0x0285eb8e3dcc5302124dd67b15b3a223cf2bd3b2,SOL,20.8188,0.1976,BUY,2023-03-15 04:50:00,0.1519,CLOSE,1.41,1,Long
0x6ae91f9044b365bc545fbaefecc120afb3f0e0b8,MATIC,0.9119,0.4456,SELL,2023-03-15 14:38:00,-0.0347,CLOSE,97.27,20,Short
0x4ccba13ed55148644802487bce53eb55921ba0fe,BNB,208.6518,0.0226,BUY,2023-03-15 15:26:00,0.0093,OPEN,0.0,3,Long
0x4f4a940690ae223310632fab09b9ce1d1115fe6b,ETH,1487.9198,3.8718,SELL,2023-03-15 17:13:00,-1.0188,CLOSE,57.53,20,Short
0xa2e1a7b77321268164f1cab8f52cd112cfe0f364,ETH,1670.3477,0.8521,SELL,2023-03-15 23:45:00,0.0711,CLOSE,30.21,10,Short
0xc599099a389d38c5d9c8b5481edbeba0598102b1,DOGE,0.0733,0.1567,BUY,2023-03-16 01:10:00,-0.0246,OPEN,0.0,1,Long
0xf547770f567ab48950b47158a6efc236cb73d8c1,DOGE,0.0697,1.734,BUY,2023-03-16 05:49:00,0.9687,OPEN,0.0,50,Long
0xf547770f567ab48950b47158a6efc236cb73d8c1,DOGE,0.0751,0.8682,SELL,2023-03-16 08:07:00,-0.5972,CLOSE,-4.24,5,Short
0xbb4e5487f3cf95039e0674754240ffcd91dcb7b6,BTC,24949.6839,0.2833,BUY,2023-03-16 10:10:00,-0.268,OPEN,0.0,2,Long
0x7968a5f8676e6b77d71e6dadf79e40929b9c9eb0,LINK,5.5596,0.1071,BUY,2023-03-17 01:18:00,-0.0752,OPEN,0.0,5,Long
0x75e3bcbec520c0c454921cf1afac79214071ba6e,AVAX,14.0225,0.6747,SELL,2023-03-17 01:45:00,0.5193,OPEN,0.0,10,Short
0x6262afa887ea89b1b66c12e70d25de9412bdf3dd,SOL,19.2927,0.0599,SELL,2023-03-17 08:15:00,0.0038,CLOSE,32.27,20,Short
0x30cf07144e7941c6c51824aa794607d5a2f34311,ETH,1627.0686,0.1265,BUY,2023-03-17 09:08:00,-0.0628,OPEN,0.0,2,Long
0xebf28c699b1e7f2ad3e31316d86da0df789a475b,BNB,212.4225,1.6489,SELL,2023-03-17 10:32:00,0.8186,OPEN,0.0,20,Short
0xc599099a389d38c5d9c8b5481edbeba0598102b1,ETH,1636.098,0.206,BUY,2023-03-17 11:09:00,0.0929,CLOSE,3.48,1,Long
0x5f3203e5a82554fb4ff75ee00ec09483e2ae0341,BTC,25654.2438,1.1402,BUY,2023-03-17 12:28:00,-0.1856,OPEN,0.0,3,Long
0xaa624205b23ee2d620474b557ab013e55b55c926,ETH,1567.7547,0.2646,SELL,2023-03-17 18:01:00,-0.1572,CLOSE,4.08,1,Short
0x2e380d92bab460b09297a542e4b0198e2c87e43c,DOGE,0.0693,1.4847,SELL,2023-03-17 19:20:00,-1.4693,OPEN,0.0,50,Short
0x47484e135be5cc29287e7165fb9c975996f6a214,BTC,23569.8548,0.8298,SELL,2023-03-17 20:46:00,0.6123,CLOSE,-9.12,5,Short
0x4939835272851ed4624ebeef2cd55b020d083576,ARB,1.2197,1.033,BUY,2023-03-17 21:09:00,0.1759,OPEN,0.0,50,Long
0x79734a87ec5efa730c4a5d0ff563bac34e411e6b,LINK,5.6779,0.584,BUY,2023-03-17 22:21:00,0.1338,OPEN,0.0,1,Long
0x646d2815b93dc22b981b7152e79d208287e60827,OP,1.5479,0.3003,BUY,2023-03-18 01:14:00,0.0752,CLOSE,-4.05,2,Long
0x14fb2d0de7f331f4ab61b71a9d5c4c8e4ef8c0e5,ARB,1.1773,1.5074,SELL,2023-03-18 08:15:00,-0.3624,CLOSE,125.0,50,Short
0x4939835272851ed4624ebeef2cd55b020d083576,LINK,5.7554,0.9999,BUY,2023-03-18 08:29:00,-0.5958,CLOSE,-31.51,20,Long
0xa2e1a7b77321268164f1cab8f52cd112cfe0f364,BTC,25488.3699,0.6139,SELL,2023-03-18 10:15:00,-0.4072,OPEN,0.0,50,Short
0xebf28c699b1e7f2ad3e31316d86da0df789a475b,DOGE,0.0701,0.2369,BUY,2023-03-18 11:20:00,0.0871,OPEN,0.0,20,Long
0xdb5102ee19e81b7181b47ffb28758462bdc6a2f6,ETH,1590.5615,0.7554,BUY,2023-03-18 14:30:00,-0.437,CLOSE,2.46,1,Long
0xeebc475a7fbdf24e9a015d16ca79c7f443e7ab81,DOGE,0.074,0.1992,BUY,2023-03-18 14:50:00,0.0184,CLOSE,-3.47,1,Long
0x75e3bcbec520c0c454921cf1afac79214071ba6e,BTC,22675.829,1.2117,SELL,2023-03-18 15:04:00,-0.1942,CLOSE,0.3,2,Short
0x14fb2d0de7f331f4ab61b71a9d5c4c8e4ef8c0e5,BTC,25485.7316,0.1669,SELL,2023-03-18 15:25:00,0.1457,OPEN,0.0,2,Short
0xa2a2e9a7468bbcd27e0f039d47476b02aac10637,ETH,1547.0452,0.4588,BUY,2023-03-18 15:53:00,0.0915,OPEN,0.0,10,Long
0x2fb4e305fa7f9e99b4f649c36ab6f03349f63204,DOGE,0.0723,0.5378,SELL,2023-03-18 16:36:00,0.2596,CLOSE,7.71,5,Short
0x6121a1650753afb98b8a066940907804424fc225,ARB,1.2138,0.4555,SELL,2023-03-18 17:25:00,-0.0891,OPEN,0.0,1,Short
0x0af6790523dd0af40c1c3a03a4c1a0df6067eba2,BNB,228.4718,0.2457,BUY,2023-03-18 20:19:00,-0.0556,CLOSE,8.9,3,Long
0xee391c2f221fd53d6a55604791a2377121504c19,ARB,1.2671,0.9635,BUY,2023-03-18 20:36:00,-0.6593,OPEN,0.0,50,Long
0x23be95267b9414f864c908abccf5f987e42ce22c,DOGE,0.0725,0.4009,BUY,2023-03-18 22:09:00,-0.0245,OPEN,0.0,5,Long
0xbdd2a8dc587fa386779f90becc9694c9586d3ce5,ETH,1538.0779,0.7785,BUY,2023-03-18 23:07:00,0.6089,CLOSE,72.07,50,Long
0x925c717311ca9170b4ac3e9b636d21179e3359dd,BNB,219.0184,1.2228,BUY,2023-03-19 03:33:00,0.7309,OPEN,0.0,2,Long
0x5f3203e5a82554fb4ff75ee00ec09483e2ae0341,BNB,197.3414,0.2076,BUY,2023-03-19 04:38:00,-0.1197,OPEN,0.0,3,Long
0xe2f5ee794b96897c7d576413e0148b2e8f9fa655,AVAX,14.1275,0.8871,BUY,2023-03-19 11:06:00,0.1037,OPEN,0.0,10,Long
0x0285eb8e3dcc5302124dd67b15b3a223cf2bd3b2,OP,1.4617,0.3077,SELL,2023-03-19 17:00:00,0.1122,OPEN,0.0,2,Short
0x5f3203e5a82554fb4ff75ee00ec09483e2ae0341,DOGE,0.0672,0.5867,BUY,2023-03-19 18:19:00,-0.0006,CLOSE,164.27,50,Long
0x6ae91f9044b365bc545fbaefecc120afb3f0e0b8,LINK,6.2932,0.0188,SELL,2023-03-20 00:55:00,0.0017,CLOSE,3.07,2,Short
0x4ccba13ed55148644802487bce53eb55921ba0fe,SOL,20.6556,0.0958,SELL,2023-03-20 01:14:00,0.0379,CLOSE,6.04,10,Short
0xb5165416bd5e31205f5eebdb26cd1592ebddca2e,DOGE,0.0749,0.0895,BUY,2023-03-20 03:23:00,0.0223,CLOSE,23.8,10,Long
0xbb4e5487f3cf95039e0674754240ffcd91dcb7b6,OP,1.5113,2.3271,BUY,2023-03-20 03:46:00,2.2479,OPEN,0.0,10,Long
0x09fceb2336574e225ea891b132998c73f4696abe,MATIC,0.873,0.3673,SELL,2023-03-20 10:50:00,-0.2039,OPEN,0.0,50,Short
0xe2f5ee794b96897c7d576413e0148b2e8f9fa655,ETH,1638.8829,0.2325,BUY,2023-03-20 23:32:00,-0.1799,CLOSE,9.59,10,Long
0x893c0ce1b001bed43dbe9f36ff779cf9df99e513,LINK,5.8766,0.3499,BUY,2023-03-21 00:43:00,0.0255,OPEN,0.0,50,Long
0x43daceb7e014b2c8f1e1dea64bf293277027181b,DOGE,0.0664,0.1774,BUY,2023-03-21 02:12:00,0.0114,CLOSE,-11.83,20,Long
0x2e380d92bab460b09297a542e4b0198e2c87e43c,LINK,5.4541,0.2003,BUY,2023-03-21 04:31:00,0.1144,CLOSE,-47.76,50,Long
0xdaae4227dfe85b6068adba35a50dd7a2e75f34fe,ARB,1.3751,0.088,SELL,2023-03-21 04:38:00,-0.085,CLOSE,-1.25,1,Short
0xeebc475a7fbdf24e9a015d16ca79c7f443e7ab81,OP,1.4026,0.6265,SELL,2023-03-21 04:57:00,0.4685,OPEN,0.0,50,Short
0xc4dea9884019946f0c0617e568292cdd487b5de4,AVAX,14.5346,0.2382,BUY,2023-03-21 05:49:00,0.0477,OPEN,0.0,20,Long
0x987c1d0a09e6109925ce9325a327c9bc34db8d33,ETH,1499.8915,0.1688,BUY,2023-03-21 13:40:00,-0.0338,CLOSE,11.08,10,Long
0x744c9dcc29d0c40a3d305d66bb7cf1e724333f73,AVAX,14.1196,2.0903,BUY,2023-03-21 14:18:00,-0.1923,OPEN,0.0,10,Long
0xd45a1cd4a5790cb05bf8c66c9c2a4154c047bb63,ETH,1610.3537,0.4006,SELL,2023-03-21 16:49:00,-0.0662,CLOSE,-3.96,1,Short
0xf547770f567ab48950b47158a6efc236cb73d8c1,ETH,1651.603,0.2519,BUY,2023-03-21 19:58:00,-0.0016,CLOSE,34.47,10,Long
0xe2c1562bb67f7a529b76e91f7196d63f54ccddaf,BNB,228.2276,0.0526,BUY,2023-03-21 20:29:00,0.0052,OPEN,0.0,5,Long
0x23be95267b9414f864c908abccf5f987e42ce22c,ETH,1593.4922,0.3287,BUY,2023-03-21 21:32:00,-0.0659,OPEN,0.0,2,Long
0x26e94b906f96d22acf1132f3c95ef725e7f49365,ETH,1625.9567,0.3911,SELL,2023-03-22 02:22:00,-0.3527,OPEN,0.0,10,Short
0x1df10b04fc8b7bb56232fbf467593f3d4db7f636,MATIC,0.8687,0.2959,BUY,2023-03-22 03:00:00,-0.028,CLOSE,-0.15,2,Long
0x5adebdbe4ffde843c5c0942476dafed98f4081ed,SOL,18.8829,0.1538,SELL,2023-03-22 03:08:00,0.2268,CLOSE,12.95,5,Short
0x6ae91f9044b365bc545fbaefecc120afb3f0e0b8,AVAX,13.1675,0.0263,BUY,2023-03-22 03:14:00,0.0053,CLOSE,-14.76,10,Long
0x6ae91f9044b365bc545fbaefecc120afb3f0e0b8,LINK,6.0159,0.2582,BUY,2023-03-22 03:31:00,0.0569,OPEN,0.0,5,Long
0xc61546b61eada8292e6df67fbf85809118265b37,AVAX,12.2724,0.7648,SELL,2023-03-22 05:38:00,-0.3943,CLOSE,-4.63,5,Short
0xeea684c1f340e7d01d339e94e345a318e63f4345,LINK,5.7363,0.542,BUY,2023-03-22 06:04:00,0.0804,OPEN,0.0,50,Long
0x9f46469dacc43d56c35b79bae4905b54b673b96f,AVAX,14.6283,0.1292,BUY,2023-03-22 06:49:00,0.073,OPEN,0.0,3,Long
0x2e380d92bab460b09297a542e4b0198e2c87e43c,AVAX,15.4405,0.857,BUY,2023-03-22 07:47:00,-0.6164,OPEN,0.0,50,Long
0x5cc6e86a6eb53b1f13feb35d2a7d10c872850f05,ETH,1595.5264,0.3585,SELL,2023-03-22 09:19:00,0.0606,CLOSE,0.61,1,Short
0xb429f0db71443a6dc3b6dd7fc8a7ccec4aa6dfca,DOGE,0.0765,0.523,SELL,2023-03-22 09:54:00,0.2819,OPEN,0.0,50,Short
0x1df10b04fc8b7bb56232fbf467593f3d4db7f636,AVAX,13.6943,0.6527,SELL,2023-03-22 11:16:00,-0.5243,CLOSE,1.32,10,Short
0x09fceb2336574e225ea891b132998c73f4696abe,AVAX,13.4205,0.5667,BUY,2023-03-22 11:38:00,-0.0861,OPEN,0.0,2,Long
0x9c453737aa43460414e9164eba11d3f5579cf2f1,MATIC,0.9132,0.6812,BUY,2023-03-22 13:48:00,-0.3412,CLOSE,0.27,1,Long
0x8528643b6c996c090947e88b00fe1763200c3698,ARB,1.1903,0.4401,SELL,2023-03-22 15:11:00,-0.1524,OPEN,0.0,20,Short
0x893c0ce1b001bed43dbe9f36ff779cf9df99e513,LINK,5.9187,1.5085,BUY,2023-03-22 17:14:00,-0.4624,CLOSE,1.47,5,Long
0x4f4a940690ae223310632fab09b9ce1d1115fe6b,ETH,1506.6409,0.3253,BUY,2023-03-23 00:13:00,0.1963,OPEN,0.0,20,Long
0x09fceb2336574e225ea891b132998c73f4696abe,AVAX,14.3705,0.0215,SELL,2023-03-23 00:37:00,0.0146,OPEN,0.0,5,Short
0x0285eb8e3dcc5302124dd67b15b3a223cf2bd3b2,MATIC,0.8878,0.3954,SELL,2023-03-23 00:53:00,0.4056,OPEN,0.0,50,Short
0x6121a1650753afb98b8a066940907804424fc225,ETH,1578.1724,0.214,SELL,2023-03-23 02:34:00,0.1038,CLOSE,-2.82,3,Short
0xc4dea9884019946f0c0617e568292cdd487b5de4,SOL,19.2541,0.1542,BUY,2023-03-23 03:48:00,-0.051,OPEN,0.0,5,Long
0x7d320effc2b28f577dcd364c61661834374cb1ee,MATIC,0.8139,0.8505,BUY,2023-03-23 05:36:00,0.1541,OPEN,0.0,5,Long
0xa2e1a7b77321268164f1cab8f52cd112cfe0f364,SOL,20.5853,0.9108,BUY,2023-03-23 11:06:00,-0.2839,CLOSE,3.88,5,Long
0x7968a5f8676e6b77d71e6dadf79e40929b9c9eb0,ETH,1570.382,0.079,BUY,2023-03-23 16:54:00,-0.0211,OPEN,0.0,10,Long
0xe2c1562bb67f7a529b76e91f7196d63f54ccddaf,SOL,21.3511,1.018,SELL,2023-03-23 20:26:00,0.658,OPEN,0.0,50,Short
0x893c0ce1b001bed43dbe9f36ff779cf9df99e513,SOL,17.3643,1.0321,SELL,2023-03-24 05:53:00,0.0017,CLOSE,59.89,50,Short
0x893c0ce1b001bed43dbe9f36ff779cf9df99e513,AVAX,14.3834,0.1221,BUY,2023-03-24 10:46:00,0.025,OPEN,0.0,2,Long
0x0af6790523dd0af40c1c3a03a4c1a0df6067eba2,ETH,1614.4697,0.0997,BUY,2023-03-24 11:19:00,0.0008,OPEN,0.0,1,Long
0xebf28c699b1e7f2ad3e31316d86da0df789a475b,LINK,5.7794,0.3612,SELL,2023-03-24 11:21:00,0.2991,OPEN,0.0,50,Short
0x78af6c0c766c104d1e512e617f991e02976ce472,SOL,18.6569,1.056,SELL,2023-03-24 13:13:00,-0.2089,CLOSE,-1.07,5,Short
0x0328d5d04ef6b199bde888fc75394a7e49cbb2e3,LINK,6.0953,0.9458,SELL,2023-03-24 15:14:00,-0.3975,OPEN,0.0,10,Short
0x30cf07144e7941c6c51824aa794607d5a2f34311,MATIC,0.8895,0.1052,BUY,2023-03-24 16:44:00,0.0106,CLOSE,-37.92,20,Long
0xee391c2f221fd53d6a55604791a2377121504c19,DOGE,0.075,0.4146,BUY,2023-03-24 20:22:00,-0.1705,CLOSE,6.76,2,Long
0x6121a1650753afb98b8a066940907804424fc225,DOGE,0.072,0.2969,SELL,2023-03-24 23:34:00,0.0815,OPEN,0.0,1,Short
0xbb4e5487f3cf95039e0674754240ffcd91dcb7b6,ARB,1.1624,1.0787,SELL,2023-03-25 00:23:00,-0.0221,OPEN,0.0,2,Short
0xe2f5ee794b96897c7d576413e0148b2e8f9fa655,SOL,20.3738,0.2946,SELL,2023-03-25 01:18:00,0.1254,CLOSE,13.7,50,Short
0x2d1a95b8825f9bbc7b309def655febd63cc1029d,AVAX,14.6368,0.2737,SELL,2023-03-25 04:36:00,-0.0123,OPEN,0.0,5,Short
0x37d65217f9a89b91d3d82602fe21b9178f03dce8,SOL,20.492,0.4208,SELL,2023-03-25 04:38:00,-0.1811,CLOSE,-3.35,2,Short
0xc599099a389d38c5d9c8b5481edbeba0598102b1,BTC,25999.9091,0.1264,SELL,2023-03-25 05:42:00,0.0555,OPEN,0.0,20,Short
0xea061b83a2dc03d04b9b22920149ea6f5465fa27,OP,1.5058,0.3383,BUY,2023-03-25 12:15:00,0.1139,CLOSE,2.13,3,Long
0xe2c1562bb67f7a529b76e91f7196d63f54ccddaf,BTC,25761.1317,0.1967,SELL,2023-03-25 12:43:00,-0.0735,CLOSE,0.37,2,Short
0x4ccba13ed55148644802487bce53eb55921ba0fe,AVAX,13.1734,0.9472,BUY,2023-03-25 17:39:00,0.7198,CLOSE,-41.72,10,Long
0x47484e135be5cc29287e7165fb9c975996f6a214,BTC,24261.4771,1.916,SELL,2023-03-25 18:59:00,1.1927,OPEN,0.0,50,Short
0x2e380d92bab460b09297a542e4b0198e2c87e43c,AVAX,14.5965,0.6234,BUY,2023-03-25 19:16:00,0.0015,OPEN,0.0,3,Long
0x925c717311ca9170b4ac3e9b636d21179e3359dd,SOL,19.7303,0.4067,SELL,2023-03-25 20:55:00,0.0514,OPEN,0.0,3,Short
0x8528643b6c996c090947e88b00fe1763200c3698,BNB,221.5569,3.313,SELL,2023-03-26 00:57:00,0.1836,OPEN,0.0,10,Short
0xb5165416bd5e31205f5eebdb26cd1592ebddca2e,ARB,1.0848,0.0578,BUY,2023-03-26 01:12:00,0.0337,CLOSE,9.76,5,Long
0x3be2f0013aec35a8fd588a7ee15b7c917e04dd75,DOGE,0.0699,1.2298,SELL,2023-03-26 03:18:00,-0.4236,OPEN,0.0,3,Short
0x30cf07144e7941c6c51824aa794607d5a2f34311,ARB,1.2649,0.558,SELL,2023-03-26 05:58:00,-0.3511,OPEN,0.0,10,Short
0xe2c1562bb67f7a529b76e91f7196d63f54ccddaf,MATIC,0.932,0.4913,BUY,2023-03-26 07:04:00,-0.2763,OPEN,0.0,5,Long
0x4379bda828db78e0c9e1b8c145905c0b109af197,OP,1.5638,0.1809,SELL,2023-03-26 08:05:00,0.0562,OPEN,0.0,5,Short
0x5f3203e5a82554fb4ff75ee00ec09483e2ae0341,ETH,1633.9973,0.2287,SELL,2023-03-26 08:13:00,-0.0248,CLOSE,-2.58,5,Short
0xdaae4227dfe85b6068adba35a50dd7a2e75f34fe,LINK,5.8489,0.0797,BUY,2023-03-26 13:16:00,-0.0016,OPEN,0.0,5,Long
0xb973994ea6148c341bff47f5e9721ff9029420df,LINK,6.2737,0.4989,SELL,2023-03-26 14:15:00,-0.6371,OPEN,0.0,10,Short
0x1d186cb24f764ddad17b04d51d4a66b0c92ad716,SOL,20.0784,0.9472,SELL,2023-03-26 19:42:00,0.4134,CLOSE,247.62,50,Short
0x925c717311ca9170b4ac3e9b636d21179e3359dd,LINK,5.9379,0.5448,SELL,2023-03-27 00:06:00,-0.1927,OPEN,0.0,20,Short
0x37d65217f9a89b91d3d82602fe21b9178f03dce8,MATIC,0.9182,0.8024,BUY,2023-03-27 09:56:00,-0.3096,OPEN,0.0,10,Long
0xe2c1562bb67f7a529b76e91f7196d63f54ccddaf,ETH,1487.5546,1.2021,SELL,2023-03-27 15:28:00,-0.8249,CLOSE,0.81,5,Short
0x24a05b6a280881d9f48b32588c8c89018988a3b9,ETH,1520.9666,0.4097,BUY,2023-03-27 17:37:00,0.0253,CLOSE,-6.67,20,Long
0x525162b29a67219a10418bb3be42f9213b57465d,ARB,1.1823,0.158,BUY,2023-03-28 00:12:00,0.0749,CLOSE,-2.56,5,Long
0x4939835272851ed4624ebeef2cd55b020d083576,SOL,20.0327,0.9871,BUY,2023-03-28 00:13:00,-0.202,CLOSE,105.59,50,Long
0x8528643b6c996c090947e88b00fe1763200c3698,BTC,23260.052,0.031,SELL,2023-03-28 00:33:00,0.0264,OPEN,0.0,1,Short
0x8528643b6c996c090947e88b00fe1763200c3698,ARB,1.1924,0.037,BUY,2023-03-28 01:00:00,-0.0114,OPEN,0.0,5,Long
0x8528643b6c996c090947e88b00fe1763200c3698,OP,1.5132,0.1877,BUY,2023-03-28 01:43:00,0.1277,CLOSE,-16.61,10,Long
0x1d186cb24f764ddad17b04d51d4a66b0c92ad716,DOGE,0.0739,0.3385,BUY,2023-03-28 05:27:00,-0.0997,OPEN,0.0,50,Long
0xee391c2f221fd53d6a55604791a2377121504c19,MATIC,0.9342,0.0995,BUY,2023-03-28 05:41:00,0.0133,OPEN,0.0,3,Long
0x26e94b906f96d22acf1132f3c95ef725e7f49365,SOL,19.9388,1.1188,BUY,2023-03-28 06:55:00,1.0144,OPEN,0.0,10,Long
0x47484e135be5cc29287e7165fb9c975996f6a214,BTC,25593.1034,0.9613,SELL,2023-03-28 20:04:00,0.7455,OPEN,0.0,10,Short
0xb5165416bd5e31205f5eebdb26cd1592ebddca2e,AVAX,14.4904,0.2051,BUY,2023-03-28 22:36:00,0.0127,CLOSE,-7.87,10,Long
0xeebc475a7fbdf24e9a015d16ca79c7f443e7ab81,BTC,25394.4037,0.776,SELL,2023-03-28 22:39:00,-0.0186,OPEN,0.0,1,Short
0x09fceb2336574e225ea891b132998c73f4696abe,LINK,5.6758,0.5396,BUY,2023-03-29 01:30:00,-0.1802,CLOSE,-3.07,3,Long
0x5a1966353c437c4a9bafc506875acdf42fc8ff65,LINK,5.7008,0.2515,BUY,2023-03-29 06:52:00,-0.1332,CLOSE,-20.03,5,Long
0xc61546b61eada8292e6df67fbf85809118265b37,OP,1.5916,0.2589,BUY,2023-03-29 10:48:00,-0.0631,CLOSE,-0.97,1,Long
0xa2a2e9a7468bbcd27e0f039d47476b02aac10637,BNB,210.332,0.7174,SELL,2023-03-29 14:55:00,0.3744,CLOSE,17.16,50,Short
0x3be2f0013aec35a8fd588a7ee15b7c917e04dd75,ETH,1626.9474,0.0373,SELL,2023-03-29 18:03:00,-0.0114,CLOSE,-15.25,10,Short
0xbdd2a8dc587fa386779f90becc9694c9586d3ce5,ARB,1.1976,0.5695,BUY,2023-03-29 18:37:00,-0.4585,OPEN,0.0,50,Long
0x2d1a95b8825f9bbc7b309def655febd63cc1029d,BNB,209.3396,0.1727,BUY,2023-03-29 18:47:00,-0.0387,CLOSE,0.66,1,Long
0x26e94b906f96d22acf1132f3c95ef725e7f49365,BTC,25139.2158,1.3732,SELL,2023-03-29 21:48:00,0.6896,OPEN,0.0,1,Short
0xebf28c699b1e7f2ad3e31316d86da0df789a475b,BNB,208.3016,0.3518,SELL,2023-03-29 21:56:00,0.1447,CLOSE,-117.08,50,Short
0x43daceb7e014b2c8f1e1dea64bf293277027181b,BTC,26420.4285,0.7963,SELL,2023-03-29 22:28:00,0.1443,OPEN,0.0,5,Short
0x47484e135be5cc29287e7165fb9c975996f6a214,AVAX,13.913,0.0103,BUY,2023-03-29 23:54:00,-0.0004,OPEN,0.0,20,Long
0xbdd2a8dc587fa386779f90becc9694c9586d3ce5,BNB,186.7339,0.1549,BUY,2023-03-30 03:55:00,-0.0151,OPEN,0.0,20,Long
0x0285eb8e3dcc5302124dd67b15b3a223cf2bd3b2,MATIC,0.8972,1.2938,BUY,2023-03-30 05:59:00,0.1561,CLOSE,-16.58,5,Long
0x525162b29a67219a10418bb3be42f9213b57465d,AVAX,14.5776,0.2001,SELL,2023-03-30 06:10:00,-0.0868,OPEN,0.0,2,Short
0x0285eb8e3dcc5302124dd67b15b3a223cf2bd3b2,BNB,197.8249,0.3627,SELL,2023-03-30 06:41:00,-0.0508,OPEN,0.0,5,Short
0xc87fa1c370a4cdce8a3de02aecd8246696f21820,ETH,1732.1531,0.7541,SELL,2023-03-30 10:59:00,-0.0486,OPEN,0.0,2,Short
0x37d65217f9a89b91d3d82602fe21b9178f03dce8,LINK,5.354,0.1456,BUY,2023-03-30 15:08:00,-0.0941,CLOSE,-22.04,20,Long
0x6772ce2c78ad77d185e724baf3c73fc855e0c397,BTC,23825.8308,0.522,BUY,2023-03-30 20:03:00,-0.0376,OPEN,0.0,1,Long
0xea061b83a2dc03d04b9b22920149ea6f5465fa27,DOGE,0.0704,0.2366,SELL,2023-03-30 21:26:00,0.0212,CLOSE,5.33,5,Short
0xb4d87bd4dc83166db001549b0f7dd10ed8172a97,BNB,217.2122,0.0447,SELL,2023-03-31 00:36:00,-0.0048,CLOSE,10.2,5,Short
0xc4dea9884019946f0c0617e568292cdd487b5de4,BNB,199.4271,0.2782,SELL,2023-03-31 03:21:00,0.0999,OPEN,0.0,3,Short
0xeebc475a7fbdf24e9a015d16ca79c7f443e7ab81,LINK,6.4628,0.0961,BUY,2023-03-31 03:53:00,-0.0682,OPEN,0.0,3,Long
0x6121a1650753afb98b8a066940907804424fc225,ETH,1657.3827,0.9884,SELL,2023-03-31 08:58:00,0.2017,CLOSE,12.02,10,Short
0x4379bda828db78e0c9e1b8c145905c0b109af197,BNB,203.4271,0.0976,BUY,2023-03-31 13:32:00,-0.0289,CLOSE,-4.88,3,Long
0xc599099a389d38c5d9c8b5481edbeba0598102b1,BNB,213.4182,0.1314,BUY,2023-03-31 14:04:00,-0.0023,OPEN,0.0,10,Long
0xebf28c699b1e7f2ad3e31316d86da0df789a475b,SOL,21.5201,1.1866,SELL,2023-03-31 15:34:00,-1.0311,OPEN,0.0,50,Short
0x4ccba13ed55148644802487bce53eb55921ba0fe,ARB,1.226,0.5783,BUY,2023-03-31 17:09:00,-0.1167,OPEN,0.0,2,Long
0xea061b83a2dc03d04b9b22920149ea6f5465fa27,DOGE,0.0746,0.2925,BUY,2023-04-01 00:08:00,-0.0807,OPEN,0.0,50,Long
0x9f46469dacc43d56c35b79bae4905b54b673b96f,BNB,202.2588,0.0572,BUY,2023-04-01 00:23:00,0.0651,CLOSE,2.32,20,Long
0x4f4a940690ae223310632fab09b9ce1d1115fe6b,BTC,24163.6591,0.5926,BUY,2023-04-01 05:50:00,0.3081,OPEN,0.0,10,Long
0x5cc6e86a6eb53b1f13feb35d2a7d10c872850f05,ARB,1.1996,0.4284,BUY,2023-04-01 12:43:00,-0.3733,OPEN,0.0,3,Long
0x2fb4e305fa7f9e99b4f649c36ab6f03349f63204,SOL,22.1192,0.0849,BUY,2023-04-01 12:43:00,-0.0562,OPEN,0.0,5,Long
0x6121a1650753afb98b8a066940907804424fc225,BNB,215.396,1.0348,BUY,2023-04-01 17:42:00,0.0929,CLOSE,1.55,1,Long
0xeebc475a7fbdf24e9a015d16ca79c7f443e7ab81,ETH,1684.0256,0.8361,BUY,2023-04-01 20:20:00,-0.3954,CLOSE,1.57,20,Long
0xedbe03d7cf3f6121ea929dfa1841270856f03d2b,BTC,25650.8619,0.6334,SELL,2023-04-01 20:33:00,-0.3419,CLOSE,-106.81,50,Short
0xf547770f567ab48950b47158a6efc236cb73d8c1,BTC,26189.3116,0.2711,SELL,2023-04-02 01:07:00,-0.0497,OPEN,0.0,5,Short
0xa2a2e9a7468bbcd27e0f039d47476b02aac10637,BNB,210.0189,0.6037,SELL,2023-04-02 02:39:00,0.2204,OPEN,0.0,10,Short
0xe2c1562bb67f7a529b76e91f7196d63f54ccddaf,SOL,22.474,0.0842,SELL,2023-04-02 05:54:00,-0.071,CLOSE,88.12,50,Short
0x893c0ce1b001bed43dbe9f36ff779cf9df99e513,MATIC,0.9655,0.8486,SELL,2023-04-02 08:19:00,0.798,OPEN,0.0,2,Short
0xeebc475a7fbdf24e9a015d16ca79c7f443e7ab81,BTC,25361.2776,0.1906,SELL,2023-04-02 10:39:00,-0.1002,CLOSE,-24.82,5,Short
0x26e94b906f96d22acf1132f3c95ef725e7f49365,OP,1.4905,0.3174,BUY,2023-04-02 13:34:00,0.1535,CLOSE,27.67,50,Long
0xb5165416bd5e31205f5eebdb26cd1592ebddca2e,AVAX,13.1688,0.9235,SELL,2023-04-02 14:29:00,-0.5446,CLOSE,22.23,50,Short
0xdb5102ee19e81b7181b47ffb28758462bdc6a2f6,BNB,209.8528,0.0424,SELL,2023-04-02 15:58:00,-0.0514,OPEN,0.0,5,Short
0xdb5102ee19e81b7181b47ffb28758462bdc6a2f6,LINK,6.0494,0.6999,SELL,2023-04-02 19:46:00,0.7197,OPEN,0.0,2,Short
0xee391c2f221fd53d6a55604791a2377121504c19,ARB,1.1868,1.4841,BUY,2023-04-03 00:41:00,-0.5732,OPEN,0.0,50,Long
0x79734a87ec5efa730c4a5d0ff563bac34e411e6b,BTC,25298.2501,1.1051,SELL,2023-04-03 08:02:00,-0.593,CLOSE,171.53,50,Short
0x3be2f0013aec35a8fd588a7ee15b7c917e04dd75,OP,1.4421,0.8557,BUY,2023-04-03 08:49:00,-0.7041,CLOSE,15.56,5,Long
0xdb5102ee19e81b7181b47ffb28758462bdc6a2f6,OP,1.6002,0.5138,SELL,2023-04-03 12:03:00,-0.0079,CLOSE,48.53,20,Short
0x6262afa887ea89b1b66c12e70d25de9412bdf3dd,OP,1.4981,0.3021,BUY,2023-04-03 14:17:00,0.0088,CLOSE,-11.08,10,Long
0x0285eb8e3dcc5302124dd67b15b3a223cf2bd3b2,DOGE,0.0701,0.1421,SELL,2023-04-03 18:08:00,0.1191,CLOSE,-1.89,5,Short
0x23be95267b9414f864c908abccf5f987e42ce22c,AVAX,13.6635,0.4972,SELL,2023-04-03 18:33:00,0.6313,OPEN,0.0,20,Short
0xb5165416bd5e31205f5eebdb26cd1592ebddca2e,DOGE,0.072,0.5909,BUY,2023-04-03 21:29:00,-0.3408,CLOSE,65.61,50,Long
0xb973994ea6148c341bff47f5e9721ff9029420df,BTC,23128.0638,0.6657,BUY,2023-04-04 00:36:00,-0.4435,OPEN,0.0,20,Long
0x646d2815b93dc22b981b7152e79d208287e60827,DOGE,0.0677,0.0284,BUY,2023-04-04 02:29:00,0.0141,CLOSE,-5.82,20,Long
0x0328d5d04ef6b199bde888fc75394a7e49cbb2e3,OP,1.6001,0.5153,BUY,2023-04-04 06:19:00,0.2418,CLOSE,7.19,2,Long
0xe2c1562bb67f7a529b76e91f7196d63f54ccddaf,ETH,1722.6383,0.1774,BUY,2023-04-04 07:56:00,-0.0449,OPEN,0.0,10,Long
0x47484e135be5cc29287e7165fb9c975996f6a214,DOGE,0.0695,0.6361,BUY,2023-04-04 11:46:00,0.2726,OPEN,0.0,10,Long
0x4ccba13ed55148644802487bce53eb55921ba0fe,OP,1.3975,0.3866,SELL,2023-04-04 14:01:00,-0.0203,OPEN,0.0,5,Short
0x23be95267b9414f864c908abccf5f987e42ce22c,MATIC,0.901,0.44,BUY,2023-04-04 14:05:00,-0.3938,OPEN,0.0,10,Long
0x0285eb8e3dcc5302124dd67b15b3a223cf2bd3b2,SOL,20.1449,0.7168,BUY,2023-04-04 16:07:00,0.0086,OPEN,0.0,5,Long
0x893c0ce1b001bed43dbe9f36ff779cf9df99e513,ARB,1.2116,0.2079,SELL,2023-04-04 18:13:00,0.0377,OPEN,0.0,5,Short
0x744cb7ef9bc0528b331a9c8cbdd555eeda37cf0e,OP,1.6122,0.32,SELL,2023-04-05 00:08:00,0.0289,CLOSE,10.77,2,Short
0xc87fa1c370a4cdce8a3de02aecd8246696f21820,LINK,6.3764,0.9411,SELL,2023-04-05 00:10:00,-0.9256,CLOSE,-4.27,2,Short
0xb2ad781ab883a8f93650bcd708f6c9529a07f690,DOGE,0.0731,0.8542,SELL,2023-04-05 00:30:00,-0.1349,CLOSE,-8.68,2,Short
0xea061b83a2dc03d04b9b22920149ea6f5465fa27,SOL,21.2065,0.0976,BUY,2023-04-05 00:48:00,-0.0399,OPEN,0.0,2,Long
0x0328d5d04ef6b199bde888fc75394a7e49cbb2e3,MATIC,0.9265,0.3657,SELL,2023-04-05 02:30:00,-0.2459,CLOSE,-3.25,2,Short
0x4aed548b0ad2ad42d36a65fc9fbb736529027373,ARB,1.1647,0.8117,BUY,2023-04-05 02:59:00,0.0568,CLOSE,24.96,20,Long
0x453dd2d9eed5ff86eb409796ee5f1e1d285c33d4,ARB,1.1581,0.4087,BUY,2023-04-05 07:39:00,-0.0018,CLOSE,4.1,2,Long
0x4f4a940690ae223310632fab09b9ce1d1115fe6b,BTC,26701.2584,0.6503,SELL,2023-04-05 09:54:00,0.0211,OPEN,0.0,20,Short
0xb77e6e8c09d1faa2d9fa8746ce75c51abe7252be,BNB,193.5965,1.0871,BUY,2023-04-05 10:45:00,0.349,OPEN,0.0,50,Long
0xe921971dbc1ec5636c7872b4ccfded69e5a45abe,DOGE,0.0757,0.0755,BUY,2023-04-05 14:40:00,0.0284,CLOSE,-53.81,50,Long
0x6262afa887ea89b1b66c12e70d25de9412bdf3dd,AVAX,14.915,0.6147,SELL,2023-04-05 14:52:00,-0.6009,OPEN,0.0,3,Short
0x4aed548b0ad2ad42d36a65fc9fbb736529027373,AVAX,15.4736,0.3059,BUY,2023-04-05 17:06:00,-0.3182,CLOSE,13.16,20,Long
0xe921971dbc1ec5636c7872b4ccfded69e5a45abe,DOGE,0.0645,0.073,SELL,2023-04-05 19:39:00,0.0558,CLOSE,-5.49,5,Short
0x4aed548b0ad2ad42d36a65fc9fbb736529027373,DOGE,0.0717,0.1017,BUY,2023-04-05 21:46:00,-0.0441,CLOSE,0.51,3,Long
0x4ccba13ed55148644802487bce53eb55921ba0fe,AVAX,12.3186,0.1739,SELL,2023-04-06 01:14:00,-0.0058,CLOSE,-4.81,2,Short
0x9f46469dacc43d56c35b79bae4905b54b673b96f,MATIC,0.8657,0.2101,BUY,2023-04-06 02:57:00,0.1306,OPEN,0.0,2,Long
0x75e3bcbec520c0c454921cf1afac79214071ba6e,ETH,1677.8168,0.3383,SELL,2023-04-06 03:01:00,-0.0033,CLOSE,0.61,2,Short
0x525162b29a67219a10418bb3be42f9213b57465d,DOGE,0.0698,0.0919,BUY,2023-04-06 03:18:00,-0.0637,CLOSE,12.86,10,Long
0x646d2815b93dc22b981b7152e79d208287e60827,DOGE,0.0725,0.6582,SELL,2023-04-06 04:40:00,-0.6227,CLOSE,110.68,20,Short
0x78af6c0c766c104d1e512e617f991e02976ce472,ARB,1.2573,0.0193,BUY,2023-04-06 05:01:00,-0.0116,OPEN,0.0,10,Long
0x1df10b04fc8b7bb56232fbf467593f3d4db7f636,BNB,208.4152,1.4416,BUY,2023-04-06 07:02:00,-0.5573,CLOSE,-2.43,3,Long
0x525162b29a67219a10418bb3be42f9213b57465d,ARB,1.1709,0.9914,BUY,2023-04-06 07:55:00,-0.1248,OPEN,0.0,2,Long
0x0af6790523dd0af40c1c3a03a4c1a0df6067eba2,AVAX,13.827,0.8338,BUY,2023-04-06 09:32:00,0.1121,OPEN,0.0,3,Long
0x4939835272851ed4624ebeef2cd55b020d083576,LINK,6.5347,0.3654,SELL,2023-04-06 12:12:00,0.1476,CLOSE,-31.92,20,Short
0xeea684c1f340e7d01d339e94e345a318e63f4345,OP,1.4925,0.1617,BUY,2023-04-06 12:18:00,-0.0165,CLOSE,1.62,2,Long
0x0328d5d04ef6b199bde888fc75394a7e49cbb2e3,OP,1.5024,0.358,BUY,2023-04-06 12:38:00,-0.0313,CLOSE,24.07,10,Long
0xb2ad781ab883a8f93650bcd708f6c9529a07f690,ETH,1584.4073,0.9486,SELL,2023-04-06 13:40:00,0.5377,CLOSE,-1.71,10,Short
0x4f4a940690ae223310632fab09b9ce1d1115fe6b,BTC,25055.0808,0.4533,BUY,2023-04-06 17:54:00,-0.1111,CLOSE,8.29,5,Long
0xcfd86a92699b4e78a9d76f77c3658a5933d981e1,LINK,6.1045,0.1829,SELL,2023-04-06 17:58:00,0.0961,CLOSE,3.47,1,Short
0x9c453737aa43460414e9164eba11d3f5579cf2f1,OP,1.3672,0.1996,SELL,2023-04-06 21:40:00,-0.0081,OPEN,0.0,20,Short
0x0e414a03aedcefa5c05276b7aa873350baf6378b,ETH,1485.2729,0.2365,SELL,2023-04-07 00:45:00,-0.0226,CLOSE,12.09,3,Short
0xb429f0db71443a6dc3b6dd7fc8a7ccec4aa6dfca,OP,1.535,0.4643,SELL,2023-04-07 05:46:00,0.1717,CLOSE,-0.9,10,Short
0x6ae91f9044b365bc545fbaefecc120afb3f0e0b8,MATIC,0.9269,0.7244,SELL,2023-04-07 10:58:00,0.2675,OPEN,0.0,10,Short
0x453dd2d9eed5ff86eb409796ee5f1e1d285c33d4,SOL,20.0873,0.3,BUY,2023-04-07 13:44:00,-0.2637,OPEN,0.0,2,Long
0xb973994ea6148c341bff47f5e9721ff9029420df,ARB,1.115,1.6125,BUY,2023-04-07 14:36:00,-1.1056,CLOSE,64.97,20,Long
0x37d65217f9a89b91d3d82602fe21b9178f03dce8,ETH,1639.8809,0.1811,BUY,2023-04-07 15:29:00,0.0499,OPEN,0.0,2,Long
0xb973994ea6148c341bff47f5e9721ff9029420df,MATIC,0.9195,0.974,BUY,2023-04-07 20:16:00,-0.362,CLOSE,3.16,1,Long
0xdb5102ee19e81b7181b47ffb28758462bdc6a2f6,MATIC,0.9608,0.5433,BUY,2023-04-08 04:54:00,0.5703,CLOSE,-4.65,5,Long
0xb429f0db71443a6dc3b6dd7fc8a7ccec4aa6dfca,SOL,19.4929,0.2679,SELL,2023-04-08 09:44:00,-0.0317,OPEN,0.0,20,Short
0x893c0ce1b001bed43dbe9f36ff779cf9df99e513,MATIC,0.9752,0.1366,BUY,2023-04-08 10:08:00,0.0497,CLOSE,15.58,5,Long
0xb2ad781ab883a8f93650bcd708f6c9529a07f690,MATIC,0.9492,0.354,BUY,2023-04-08 10:15:00,0.1457,OPEN,0.0,20,Long
0x0285eb8e3dcc5302124dd67b15b3a223cf2bd3b2,BTC,25160.5638,0.2892,SELL,2023-04-08 13:10:00,-0.0855,OPEN,0.0,2,Short
0xd45a1cd4a5790cb05bf8c66c9c2a4154c047bb63,DOGE,0.0695,0.3216,SELL,2023-04-08 14:47:00,-0.0887,OPEN,0.0,50,Short
0xee391c2f221fd53d6a55604791a2377121504c19,SOL,19.1697,0.5282,BUY,2023-04-08 18:19:00,0.2769,CLOSE,1.08,1,Long
0xebf28c699b1e7f2ad3e31316d86da0df789a475b,ETH,1581.6361,0.3024,BUY,2023-04-08 23:00:00,-0.124,CLOSE,-24.03,10,Long
0xd070b332429151e576014d456b91028526f824b6,DOGE,0.0716,0.206,SELL,2023-04-09 01:01:00,0.2181,OPEN,0.0,3,Short
0x453dd2d9eed5ff86eb409796ee5f1e1d285c33d4,ETH,1579.2623,0.4208,SELL,2023-04-09 08:02:00,0.0262,CLOSE,3.26,5,Short
0xb77e6e8c09d1faa2d9fa8746ce75c51abe7252be,LINK,5.9732,0.1355,SELL,2023-04-09 08:52:00,0.002,OPEN,0.0,2,Short
0xeebc475a7fbdf24e9a015d16ca79c7f443e7ab81,SOL,20.201,0.4813,SELL,2023-04-09 21:40:00,0.4307,OPEN,0.0,20,Short
0x5adebdbe4ffde843c5c0942476dafed98f4081ed,LINK,5.8763,0.4175,BUY,2023-04-10 01:11:00,-0.3037,OPEN,0.0,2,Long
0x893c0ce1b001bed43dbe9f36ff779cf9df99e513,SOL,19.0853,0.6808,BUY,2023-04-10 04:10:00,0.2107,OPEN,0.0,5,Long
0xea061b83a2dc03d04b9b22920149ea6f5465fa27,OP,1.6278,0.6088,SELL,2023-04-10 04:20:00,-0.3373,CLOSE,-54.42,20,Short
0xe2f5ee794b96897c7d576413e0148b2e8f9fa655,AVAX,13.397,0.3127,BUY,2023-04-10 09:40:00,0.1322,CLOSE,0.47,1,Long
0x987c1d0a09e6109925ce9325a327c9bc34db8d33,BNB,227.0442,0.0106,SELL,2023-04-10 09:59:00,0.0005,OPEN,0.0,3,Short
0x5adebdbe4ffde843c5c0942476dafed98f4081ed,DOGE,0.0721,0.7956,SELL,2023-04-10 10:48:00,0.1186,CLOSE,24.64,10,Short
0x23be95267b9414f864c908abccf5f987e42ce22c,BTC,23222.1748,0.4488,BUY,2023-04-10 11:35:00,0.3134,OPEN,0.0,2,Long
0x744c9dcc29d0c40a3d305d66bb7cf1e724333f73,LINK,5.8221,0.1434,SELL,2023-04-10 12:02:00,0.0732,CLOSE,213.84,50,Short
0x5adebdbe4ffde843c5c0942476dafed98f4081ed,SOL,19.1629,1.784,SELL,2023-04-10 13:51:00,0.9807,OPEN,0.0,10,Short
0x24a05b6a280881d9f48b32588c8c89018988a3b9,SOL,18.5506,0.0348,BUY,2023-04-10 17:53:00,0.0074,OPEN,0.0,3,Long
0xea061b83a2dc03d04b9b22920149ea6f5465fa27,MATIC,0.9657,0.5509,BUY,2023-04-10 21:47:00,-0.4738,CLOSE,2.71,10,Long
0x2fb4e305fa7f9e99b4f649c36ab6f03349f63204,DOGE,0.0716,0.0648,SELL,2023-04-11 01:16:00,0.0104,OPEN,0.0,50,Short
0x525162b29a67219a10418bb3be42f9213b57465d,BTC,22147.9224,0.9127,SELL,2023-04-11 07:01:00,-0.5074,OPEN,0.0,5,Short
0x744c9dcc29d0c40a3d305d66bb7cf1e724333f73,BNB,204.6994,0.6011,BUY,2023-04-11 07:55:00,0.5524,CLOSE,9.44,10,Long
0x4ccba13ed55148644802487bce53eb55921ba0fe,MATIC,0.8889,0.3261,BUY,2023-04-11 08:30:00,-0.0633,CLOSE,-10.22,20,Long
0x9f46469dacc43d56c35b79bae4905b54b673b96f,DOGE,0.0699,0.6156,SELL,2023-04-11 16:02:00,-0.2405,OPEN,0.0,1,Short
0x4939835272851ed4624ebeef2cd55b020d083576,ETH,1661.7784,3.2997,SELL,2023-04-11 17:35:00,-0.7153,OPEN,0.0,50,Short
0xb77e6e8c09d1faa2d9fa8746ce75c51abe7252be,ARB,1.2589,0.1723,BUY,2023-04-11 21:07:00,-0.0172,OPEN,0.0,50,Long
0x525162b29a67219a10418bb3be42f9213b57465d,ETH,1498.5769,0.4026,BUY,2023-04-11 21:31:00,-0.1314,CLOSE,236.75,50,Long
0xdaae4227dfe85b6068adba35a50dd7a2e75f34fe,BNB,225.387,0.0247,BUY,2023-04-12 05:26:00,0.0014,CLOSE,-16.27,20,Long
0x0328d5d04ef6b199bde888fc75394a7e49cbb2e3,OP,1.6263,0.2818,SELL,2023-04-12 05:53:00,0.1409,OPEN,0.0,10,Short
0xc87fa1c370a4cdce8a3de02aecd8246696f21820,MATIC,0.8887,0.8742,BUY,2023-04-12 08:44:00,-0.7952,OPEN,0.0,5,Long
0xc599099a389d38c5d9c8b5481edbeba0598102b1,DOGE,0.0665,0.5447,BUY,2023-04-12 09:11:00,0.0239,OPEN,0.0,2,Long
0xa2a2e9a7468bbcd27e0f039d47476b02aac10637,BNB,214.9221,0.4688,BUY,2023-04-12 21:11:00,-0.0695,CLOSE,-37.89,20,Long
0xdaae4227dfe85b6068adba35a50dd7a2e75f34fe,MATIC,0.8736,0.2344,BUY,2023-04-12 22:45:00,-0.0084,OPEN,0.0,2,Long
0x9c453737aa43460414e9164eba11d3f5579cf2f1,LINK,5.4223,0.3867,BUY,2023-04-13 03:10:00,-0.0778,OPEN,0.0,5,Long
0x78af6c0c766c104d1e512e617f991e02976ce472,ETH,1732.7536,0.1974,SELL,2023-04-13 03:57:00,0.0634,OPEN,0.0,10,Short
0xc87fa1c370a4cdce8a3de02aecd8246696f21820,MATIC,0.9562,0.4653,BUY,2023-04-13 05:40:00,-0.0766,CLOSE,-2.63,1,Long
0x23be95267b9414f864c908abccf5f987e42ce22c,BTC,24968.0574,0.152,BUY,2023-04-13 06:18:00,0.0891,CLOSE,-0.64,3,Long
0x6ae91f9044b365bc545fbaefecc120afb3f0e0b8,AVAX,13.9647,0.0564,SELL,2023-04-13 10:28:00,-0.0011,CLOSE,8.69,5,Short
0x6262afa887ea89b1b66c12e70d25de9412bdf3dd,BTC,26496.4831,0.1166,SELL,2023-04-13 10:56:00,-0.0861,CLOSE,7.39,3,Short
0xb77e6e8c09d1faa2d9fa8746ce75c51abe7252be,OP,1.5318,0.469,BUY,2023-04-13 11:29:00,0.0336,CLOSE,1.87,10,Long
0xc599099a389d38c5d9c8b5481edbeba0598102b1,SOL,18.8579,0.225,SELL,2023-04-13 14:49:00,-0.0616,OPEN,0.0,1,Short
0xb2ad781ab883a8f93650bcd708f6c9529a07f690,BNB,217.6733,1.3811,SELL,2023-04-13 17:16:00,0.2956,OPEN,0.0,50,Short
0x24a05b6a280881d9f48b32588c8c89018988a3b9,LINK,6.1424,1.9981,SELL,2023-04-13 18:06:00,0.0517,OPEN,0.0,2,Short
0x47484e135be5cc29287e7165fb9c975996f6a214,BNB,192.1805,0.3428,BUY,2023-04-13 20:19:00,-0.1107,OPEN,0.0,5,Long
0x6121a1650753afb98b8a066940907804424fc225,DOGE,0.0697,0.2344,SELL,2023-04-13 22:11:00,0.0216,OPEN,0.0,10,Short
0x4ccba13ed55148644802487bce53eb55921ba0fe,BNB,201.0337,0.0653,SELL,2023-04-14 00:32:00,0.0372,CLOSE,-9.36,5,Short
0xe2c1562bb67f7a529b76e91f7196d63f54ccddaf,DOGE,0.0705,0.1031,BUY,2023-04-14 01:28:00,-0.0781,CLOSE,-2.41,50,Long
0xb973994ea6148c341bff47f5e9721ff9029420df,ETH,1496.4946,0.4329,BUY,2023-04-14 05:03:00,0.195,CLOSE,-1.58,1,Long
0x47484e135be5cc29287e7165fb9c975996f6a214,BTC,26433.0898,0.1511,BUY,2023-04-14 05:14:00,0.0597,CLOSE,-1.39,3,Long
0x0e414a03aedcefa5c05276b7aa873350baf6378b,AVAX,13.3789,0.5246,SELL,2023-04-14 06:38:00,0.0081,CLOSE,-0.46,1,Short
0x43daceb7e014b2c8f1e1dea64bf293277027181b,BTC,25324.467,0.0191,SELL,2023-04-14 07:23:00,0.025,OPEN,0.0,50,Short
0xa2e1a7b77321268164f1cab8f52cd112cfe0f364,AVAX,13.5588,0.1482,SELL,2023-04-14 08:55:00,-0.0747,CLOSE,-12.82,20,Short
0x09fceb2336574e225ea891b132998c73f4696abe,ARB,1.2935,0.1692,SELL,2023-04-14 09:43:00,-0.0303,CLOSE,4.76,2,Short
0x0f2f77b9475059e62105e77b8d130a7cd6f85ea9,LINK,6.3095,0.0147,BUY,2023-04-14 09:51:00,-0.0104,OPEN,0.0,5,Long
0x2fb4e305fa7f9e99b4f649c36ab6f03349f63204,DOGE,0.0717,0.1435,SELL,2023-04-14 11:29:00,-0.0421,OPEN,0.0,10,Short
0x2d1a95b8825f9bbc7b309def655febd63cc1029d,ARB,1.2357,0.0322,SELL,2023-04-14 12:51:00,-0.0182,OPEN,0.0,2,Short
0xebf28c699b1e7f2ad3e31316d86da0df789a475b,AVAX,14.7239,0.5482,BUY,2023-04-14 14:14:00,0.1623,OPEN,0.0,2,Long
0x6121a1650753afb98b8a066940907804424fc225,OP,1.5741,0.1397,SELL,2023-04-14 20:09:00,-0.0649,CLOSE,-43.36,20,Short
0xdaae4227dfe85b6068adba35a50dd7a2e75f34fe,LINK,5.6624,0.5457,SELL,2023-04-15 00:58:00,-0.121,OPEN,0.0,20,Short
0x14fb2d0de7f331f4ab61b71a9d5c4c8e4ef8c0e5,BNB,184.7502,1.1547,SELL,2023-04-15 02:58:00,0.0092,OPEN,0.0,3,Short
0x4f4a940690ae223310632fab09b9ce1d1115fe6b,BNB,207.3408,0.0869,BUY,2023-04-15 06:55:00,-0.0528,OPEN,0.0,20,Long
0xd45a1cd4a5790cb05bf8c66c9c2a4154c047bb63,BTC,25881.0851,0.3412,BUY,2023-04-15 06:58:00,-0.1193,CLOSE,11.0,50,Long
0x23be95267b9414f864c908abccf5f987e42ce22c,BNB,184.1123,0.4023,BUY,2023-04-15 09:19:00,0.0365,CLOSE,-68.88,20,Long
0x4ccba13ed55148644802487bce53eb55921ba0fe,SOL,18.0803,0.0389,SELL,2023-04-15 12:04:00,0.0154,CLOSE,0.33,5,Short
0x23be95267b9414f864c908abccf5f987e42ce22c,ETH,1550.6535,0.2531,BUY,2023-04-15 13:05:00,0.0185,OPEN,0.0,50,Long
0x26e94b906f96d22acf1132f3c95ef725e7f49365,BTC,25728.422,0.8681,BUY,2023-04-15 16:09:00,-0.4321,OPEN,0.0,20,Long
0xd45a1cd4a5790cb05bf8c66c9c2a4154c047bb63,DOGE,0.0752,0.2215,BUY,2023-04-15 18:00:00,0.0798,CLOSE,-113.59,50,Long
0x6262afa887ea89b1b66c12e70d25de9412bdf3dd,OP,1.5487,0.3432,BUY,2023-04-15 23:06:00,-0.1171,CLOSE,-2.43,2,Long
0xc4dea9884019946f0c0617e568292cdd487b5de4,LINK,5.7856,0.5642,SELL,2023-04-15 23:13:00,-0.6523,OPEN,0.0,5,Short
0x4ccba13ed55148644802487bce53eb55921ba0fe,MATIC,0.9245,0.2055,BUY,2023-04-16 01:44:00,0.0462,CLOSE,-1.23,3,Long
0x09fceb2336574e225ea891b132998c73f4696abe,BTC,25030.5996,0.1903,BUY,2023-04-16 17:52:00,0.019,CLOSE,-2.71,1,Long
0x9f46469dacc43d56c35b79bae4905b54b673b96f,ARB,1.1751,0.4196,BUY,2023-04-16 17:53:00,-0.1973,CLOSE,0.17,1,Long
0x24a05b6a280881d9f48b32588c8c89018988a3b9,ETH,1435.0258,2.6754,SELL,2023-04-16 18:11:00,2.1901,CLOSE,-5.53,2,Short
0x43daceb7e014b2c8f1e1dea64bf293277027181b,BTC,25216.0529,1.035,SELL,2023-04-16 18:26:00,0.2412,CLOSE,-40.77,50,Short
0xcfd86a92699b4e78a9d76f77c3658a5933d981e1,LINK,5.9711,0.3491,SELL,2023-04-16 18:43:00,-0.0368,OPEN,0.0,3,Short
0xd070b332429151e576014d456b91028526f824b6,LINK,5.8882,0.1396,BUY,2023-04-16 20:07:00,-0.0101,OPEN,0.0,10,Long
0x6262afa887ea89b1b66c12e70d25de9412bdf3dd,ETH,1528.0782,0.4108,BUY,2023-04-16 20:19:00,-0.1816,OPEN,0.0,20,Long
0xc4dea9884019946f0c0617e568292cdd487b5de4,ETH,1768.2938,0.0333,BUY,2023-04-16 23:31:00,0.0099,CLOSE,-40.45,50,Long
0x30cf07144e7941c6c51824aa794607d5a2f34311,OP,1.4919,0.692,BUY,2023-04-17 00:51:00,0.3848,OPEN,0.0,2,Long
0xc87fa1c370a4cdce8a3de02aecd8246696f21820,SOL,19.7953,0.1531,SELL,2023-04-17 03:08:00,-0.0296,CLOSE,-12.81,10,Short
0x43daceb7e014b2c8f1e1dea64bf293277027181b,OP,1.4084,1.1061,SELL,2023-04-17 04:30:00,1.3816,CLOSE,14.51,10,Short
0xe2f5ee794b96897c7d576413e0148b2e8f9fa655,MATIC,0.8963,0.083,SELL,2023-04-17 06:35:00,-0.0469,OPEN,0.0,2,Short
0x9c453737aa43460414e9164eba11d3f5579cf2f1,SOL,20.8631,2.3223,SELL,2023-04-17 07:52:00,0.3079,CLOSE,-11.98,10,Short
0x3be2f0013aec35a8fd588a7ee15b7c917e04dd75,BTC,26166.1192,0.3695,BUY,2023-04-17 08:34:00,0.403,OPEN,0.0,50,Long
0xcfd86a92699b4e78a9d76f77c3658a5933d981e1,SOL,19.0498,1.377,SELL,2023-04-17 11:39:00,1.383,OPEN,0.0,20,Short
0xaa624205b23ee2d620474b557ab013e55b55c926,OP,1.3888,0.4967,BUY,2023-04-17 15:23:00,0.0869,OPEN,0.0,3,Long
0xc4dea9884019946f0c0617e568292cdd487b5de4,LINK,5.8621,1.4694,BUY,2023-04-17 17:37:00,-0.2491,CLOSE,6.3,3,Long
0x8528643b6c996c090947e88b00fe1763200c3698,DOGE,0.0674,1.6937,SELL,2023-04-18 02:51:00,-1.7309,CLOSE,-5.38,2,Short
0x4f4a940690ae223310632fab09b9ce1d1115fe6b,LINK,6.3671,0.4452,SELL,2023-04-18 03:54:00,0.2113,CLOSE,-2.55,10,Short
0xbb4e5487f3cf95039e0674754240ffcd91dcb7b6,AVAX,14.0538,0.0518,BUY,2023-04-18 05:58:00,0.0133,OPEN,0.0,3,Long
0x2d1a95b8825f9bbc7b309def655febd63cc1029d,SOL,19.912,0.042,BUY,2023-04-18 06:43:00,0.0071,CLOSE,0.77,3,Long
0x2fb4e305fa7f9e99b4f649c36ab6f03349f63204,BNB,189.3378,0.5117,BUY,2023-04-18 11:26:00,-0.2848,OPEN,0.0,5,Long
0x4939835272851ed4624ebeef2cd55b020d083576,OP,1.5686,0.3279,SELL,2023-04-18 11:52:00,0.1902,CLOSE,-6.01,2,Short
0x1d186cb24f764ddad17b04d51d4a66b0c92ad716,OP,1.5837,0.4183,SELL,2023-04-18 14:48:00,0.2016,CLOSE,-5.93,3,Short
0x23be95267b9414f864c908abccf5f987e42ce22c,ARB,1.1113,0.143,SELL,2023-04-18 17:40:00,0.0991,CLOSE,-39.74,50,Short
0x646d2815b93dc22b981b7152e79d208287e60827,SOL,19.7875,0.7032,BUY,2023-04-18 18:24:00,-0.155,OPEN,0.0,20,Long
0xea061b83a2dc03d04b9b22920149ea6f5465fa27,DOGE,0.0718,0.0149,BUY,2023-04-18 19:03:00,0.0133,CLOSE,10.34,20,Long
0x4aed548b0ad2ad42d36a65fc9fbb736529027373,MATIC,0.9309,0.4581,SELL,2023-04-18 21:37:00,0.1113,CLOSE,3.32,1,Short
0x525162b29a67219a10418bb3be42f9213b57465d,ETH,1679.5144,0.0221,SELL,2023-04-19 00:42:00,-0.01,OPEN,0.0,1,Short
0xe921971dbc1ec5636c7872b4ccfded69e5a45abe,LINK,6.6835,0.1431,BUY,2023-04-19 00:48:00,0.079,CLOSE,1.05,1,Long
0xeebc475a7fbdf24e9a015d16ca79c7f443e7ab81,OP,1.6774,0.313,SELL,2023-04-19 07:41:00,0.0096,OPEN,0.0,1,Short
0xeea684c1f340e7d01d339e94e345a318e63f4345,OP,1.5114,0.0279,SELL,2023-04-19 09:31:00,0.0074,CLOSE,-2.87,2,Short
0x987c1d0a09e6109925ce9325a327c9bc34db8d33,BNB,203.3594,0.8546,SELL,2023-04-19 11:16:00,0.3061,OPEN,0.0,50,Short
0xdaae4227dfe85b6068adba35a50dd7a2e75f34fe,AVAX,13.0439,0.5404,BUY,2023-04-19 13:54:00,0.398,OPEN,0.0,50,Long
0x5d4e187b0ea64e520ab88273cce8678ddb6803c8,AVAX,14.8327,0.2435,BUY,2023-04-19 16:50:00,0.1426,OPEN,0.0,1,Long
0xdaae4227dfe85b6068adba35a50dd7a2e75f34fe,AVAX,13.9241,0.2929,BUY,2023-04-19 18:19:00,0.0618,OPEN,0.0,50,Long
0x26e94b906f96d22acf1132f3c95ef725e7f49365,DOGE,0.0661,0.0746,BUY,2023-04-19 18:51:00,-0.0081,OPEN,0.0,10,Long
0x7d320effc2b28f577dcd364c61661834374cb1ee,AVAX,14.0004,0.0571,BUY,2023-04-19 19:00:00,-0.0476,OPEN,0.0,1,Long
0xcfd86a92699b4e78a9d76f77c3658a5933d981e1,ETH,1635.1736,0.6701,BUY,2023-04-19 23:14:00,0.3028,CLOSE,-58.25,50,Long
0x744cb7ef9bc0528b331a9c8cbdd555eeda37cf0e,BTC,25035.7072,0.905,SELL,2023-04-19 23:49:00,0.5846,CLOSE,293.32,50,Short
0xe921971dbc1ec5636c7872b4ccfded69e5a45abe,SOL,21.5783,0.6451,BUY,2023-04-20 05:15:00,0.0985,CLOSE,225.94,50,Long
0x78af6c0c766c104d1e512e617f991e02976ce472,AVAX,14.0162,1.4635,SELL,2023-04-20 05:23:00,-0.7145,CLOSE,41.01,20,Short
0x78af6c0c766c104d1e512e617f991e02976ce472,SOL,20.6882,0.0262,BUY,2023-04-20 14:03:00,-0.0058,CLOSE,-0.28,1,Long
0x9f46469dacc43d56c35b79bae4905b54b673b96f,SOL,19.8005,0.4876,SELL,2023-04-20 16:14:00,-0.2836,CLOSE,0.74,5,Short
0xc4dea9884019946f0c0617e568292cdd487b5de4,BTC,25427.1924,0.3626,SELL,2023-04-20 18:17:00,-0.2354,OPEN,0.0,2,Short
0xeea684c1f340e7d01d339e94e345a318e63f4345,OP,1.4686,0.3017,SELL,2023-04-20 22:24:00,-0.1316,OPEN,0.0,20,Short
0x0328d5d04ef6b199bde888fc75394a7e49cbb2e3,ETH,1557.4191,0.761,BUY,2023-04-20 23:59:00,0.2679,CLOSE,0.62,3,Long
0x525162b29a67219a10418bb3be42f9213b57465d,SOL,21.1329,1.2408,SELL,2023-04-21 04:08:00,1.2783,CLOSE,-5.26,3,Short
0x744cb7ef9bc0528b331a9c8cbdd555eeda37cf0e,LINK,5.929,0.1816,SELL,2023-04-21 05:52:00,0.0896,OPEN,0.0,3,Short
0x2e380d92bab460b09297a542e4b0198e2c87e43c,LINK,5.9254,0.5946,SELL,2023-04-21 10:28:00,0.2482,OPEN,0.0,3,Short
0x37d65217f9a89b91d3d82602fe21b9178f03dce8,MATIC,0.8209,0.259,SELL,2023-04-21 14:38:00,0.1147,OPEN,0.0,1,Short
0x893c0ce1b001bed43dbe9f36ff779cf9df99e513,ETH,1629.3888,1.0826,BUY,2023-04-21 16:16:00,0.8676,OPEN,0.0,50,Long
0x78af6c0c766c104d1e512e617f991e02976ce472,ETH,1664.3885,0.4067,BUY,2023-04-21 17:20:00,-0.3381,CLOSE,-2.89,1,Long
0xb2ad781ab883a8f93650bcd708f6c9529a07f690,LINK,6.2866,1.2017,BUY,2023-04-21 19:32:00,-0.0233,CLOSE,54.01,50,Long
0x744cb7ef9bc0528b331a9c8cbdd555eeda37cf0e,DOGE,0.0692,0.5525,SELL,2023-04-21 20:03:00,-0.2095,OPEN,0.0,5,Short
0x47484e135be5cc29287e7165fb9c975996f6a214,ETH,1669.7245,0.5736,SELL,2023-04-21 20:41:00,0.0938,OPEN,0.0,2,Short
0x43daceb7e014b2c8f1e1dea64bf293277027181b,BNB,217.4482,0.0345,BUY,2023-04-21 21:28:00,0.0003,CLOSE,9.9,5,Long
0x9f46469dacc43d56c35b79bae4905b54b673b96f,DOGE,0.0671,0.1194,BUY,2023-04-21 23:11:00,-0.0422,CLOSE,-0.98,1,Long
0xc599099a389d38c5d9c8b5481edbeba0598102b1,LINK,6.2772,0.5278,SELL,2023-04-22 02:05:00,0.3966,OPEN,0.0,50,Short
0x9c453737aa43460414e9164eba11d3f5579cf2f1,DOGE,0.0624,1.0466,BUY,2023-04-22 04:06:00,0.9949,CLOSE,-0.11,5,Long
0xb2ad781ab883a8f93650bcd708f6c9529a07f690,AVAX,13.9233,0.9274,BUY,2023-04-22 04:39:00,0.0616,OPEN,0.0,5,Long
0x6121a1650753afb98b8a066940907804424fc225,MATIC,0.9068,0.1895,BUY,2023-04-22 06:07:00,0.036,OPEN,0.0,5,Long
0x2d1a95b8825f9bbc7b309def655febd63cc1029d,BTC,26812.9253,0.1377,SELL,2023-04-22 06:29:00,-0.0773,OPEN,0.0,50,Short
0x8528643b6c996c090947e88b00fe1763200c3698,DOGE,0.0671,0.1955,SELL,2023-04-22 06:54:00,0.087,CLOSE,-5.76,2,Short
0xd070b332429151e576014d456b91028526f824b6,AVAX,14.6777,0.156,BUY,2023-04-22 10:35:00,0.1007,CLOSE,10.55,2,Long
0xa2a2e9a7468bbcd27e0f039d47476b02aac10637,ARB,1.1334,0.0182,SELL,2023-04-22 10:51:00,0.0156,CLOSE,-0.77,3,Short
0x4939835272851ed4624ebeef2cd55b020d083576,ETH,1656.5367,0.9363,BUY,2023-04-22 13:00:00,-0.0568,OPEN,0.0,50,Long
0x0f2f77b9475059e62105e77b8d130a7cd6f85ea9,LINK,6.4523,1.5408,BUY,2023-04-22 15:39:00,-0.3148,OPEN,0.0,1,Long
0x47484e135be5cc29287e7165fb9c975996f6a214,DOGE,0.0775,0.2881,BUY,2023-04-22 16:28:00,0.2074,CLOSE,-3.43,2,Long
0xedbe03d7cf3f6121ea929dfa1841270856f03d2b,LINK,6.6068,0.2229,BUY,2023-04-22 22:12:00,0.0514,OPEN,0.0,2,Long
0xe2c1562bb67f7a529b76e91f7196d63f54ccddaf,ARB,1.1599,0.3038,SELL,2023-04-22 22:33:00,0.1221,CLOSE,-1.37,1,Short
0x43daceb7e014b2c8f1e1dea64bf293277027181b,DOGE,0.0715,0.2358,SELL,2023-04-23 03:56:00,-0.0134,CLOSE,0.54,1,Short
0x0f2f77b9475059e62105e77b8d130a7cd6f85ea9,ETH,1651.3558,0.061,SELL,2023-04-23 04:39:00,-0.0082,CLOSE,-9.5,5,Short
0x7d320effc2b28f577dcd364c61661834374cb1ee,AVAX,14.5639,0.102,SELL,2023-04-23 06:35:00,0.0041,OPEN,0.0,3,Short
0x0328d5d04ef6b199bde888fc75394a7e49cbb2e3,ARB,1.2671,0.1481,BUY,2023-04-23 07:09:00,0.001,CLOSE,-0.34,1,Long
0x987c1d0a09e6109925ce9325a327c9bc34db8d33,BTC,23421.4191,0.0315,SELL,2023-04-23 07:27:00,-0.0194,OPEN,0.0,20,Short
0xeebc475a7fbdf24e9a015d16ca79c7f443e7ab81,ARB,1.27,0.3732,BUY,2023-04-23 08:05:00,-0.3664,CLOSE,-1.24,1,Long
0x30cf07144e7941c6c51824aa794607d5a2f34311,ARB,1.159,0.1803,SELL,2023-04-23 15:12:00,0.0669,CLOSE,-18.27,20,Short
0xcfd86a92699b4e78a9d76f77c3658a5933d981e1,SOL,19.1016,1.2192,SELL,2023-04-23 15:14:00,0.2999,CLOSE,1.58,1,Short
0x0e414a03aedcefa5c05276b7aa873350baf6378b,BTC,25317.1044,1.0157,SELL,2023-04-23 15:43:00,-0.6677,OPEN,0.0,10,Short
0x4f4a940690ae223310632fab09b9ce1d1115fe6b,DOGE,0.0721,0.0895,SELL,2023-04-23 15:43:00,-0.0249,OPEN,0.0,50,Short
0xe921971dbc1ec5636c7872b4ccfded69e5a45abe,AVAX,12.6071,0.0844,BUY,2023-04-23 18:41:00,-0.0285,CLOSE,-0.5,2,Long
0x6262afa887ea89b1b66c12e70d25de9412bdf3dd,LINK,6.2002,2.7141,BUY,2023-04-23 19:07:00,1.335,OPEN,0.0,3,Long
0x23be95267b9414f864c908abccf5f987e42ce22c,SOL,20.3422,0.3718,SELL,2023-04-23 20:19:00,-0.0599,OPEN,0.0,5,Short
0xb5165416bd5e31205f5eebdb26cd1592ebddca2e,MATIC,0.8472,0.2459,SELL,2023-04-24 02:05:00,0.0499,OPEN,0.0,50,Short
0xbb4e5487f3cf95039e0674754240ffcd91dcb7b6,LINK,6.3435,0.3239,SELL,2023-04-24 05:04:00,-0.2097,CLOSE,30.18,10,Short
0xa2a2e9a7468bbcd27e0f039d47476b02aac10637,OP,1.6761,0.9807,BUY,2023-04-24 06:42:00,-0.4813,CLOSE,3.07,3,Long
0xc87fa1c370a4cdce8a3de02aecd8246696f21820,MATIC,0.8899,1.2466,BUY,2023-04-24 11:31:00,0.6701,OPEN,0.0,5,Long
0x5cc6e86a6eb53b1f13feb35d2a7d10c872850f05,BTC,23995.0996,0.2264,BUY,2023-04-24 14:13:00,0.1377,CLOSE,-5.04,5,Long
0xc4dea9884019946f0c0617e568292cdd487b5de4,AVAX,13.7588,0.0666,BUY,2023-04-24 14:15:00,0.0241,OPEN,0.0,1,Long
0xa2e1a7b77321268164f1cab8f52cd112cfe0f364,ARB,1.1699,0.0747,SELL,2023-04-24 18:09:00,0.0496,CLOSE,12.12,10,Short
0xdaae4227dfe85b6068adba35a50dd7a2e75f34fe,BNB,212.0849,0.4721,BUY,2023-04-24 19:45:00,-0.1443,CLOSE,-8.14,3,Long
0x453dd2d9eed5ff86eb409796ee5f1e1d285c33d4,ARB,1.1631,0.3706,BUY,2023-04-24 22:12:00,0.0714,OPEN,0.0,5,Long
0xf547770f567ab48950b47158a6efc236cb73d8c1,MATIC,0.9544,0.598,SELL,2023-04-24 22:14:00,-0.0034,OPEN,0.0,10,Short
0xe921971dbc1ec5636c7872b4ccfded69e5a45abe,ARB,1.1156,0.2812,BUY,2023-04-25 01:12:00,0.0147,OPEN,0.0,3,Long
0x744c9dcc29d0c40a3d305d66bb7cf1e724333f73,BNB,208.0764,0.8887,BUY,2023-04-25 01:17:00,0.4808,CLOSE,41.82,20,Long
0x30cf07144e7941c6c51824aa794607d5a2f34311,AVAX,14.8192,0.3812,BUY,2023-04-25 01:37:00,-0.1042,OPEN,0.0,2,Long
0xdaae4227dfe85b6068adba35a50dd7a2e75f34fe,ETH,1469.4979,0.3874,BUY,2023-04-25 03:18:00,0.0488,CLOSE,-2.27,1,Long
0x7968a5f8676e6b77d71e6dadf79e40929b9c9eb0,DOGE,0.0702,0.3138,SELL,2023-04-25 04:17:00,-0.0486,OPEN,0.0,2,Short
0x5d4e187b0ea64e520ab88273cce8678ddb6803c8,BTC,22184.3331,0.1132,BUY,2023-04-25 10:10:00,0.0203,OPEN,0.0,3,Long
0xd45a1cd4a5790cb05bf8c66c9c2a4154c047bb63,DOGE,0.0674,0.1524,SELL,2023-04-25 10:17:00,0.0493,CLOSE,1.09,1,Short
0xb5165416bd5e31205f5eebdb26cd1592ebddca2e,ETH,1598.3846,0.4345,SELL,2023-04-25 10:33:00,0.244,OPEN,0.0,3,Short
0xeea684c1f340e7d01d339e94e345a318e63f4345,LINK,6.1351,0.2033,SELL,2023-04-25 10:55:00,-0.0266,OPEN,0.0,2,Short
0x5a1966353c437c4a9bafc506875acdf42fc8ff65,LINK,5.4547,0.1045,BUY,2023-04-25 10:56:00,-0.042,CLOSE,2.54,2,Long
0x2e380d92bab460b09297a542e4b0198e2c87e43c,AVAX,13.7475,0.215,SELL,2023-04-25 16:42:00,-0.0236,OPEN,0.0,5,Short
0x2d1a95b8825f9bbc7b309def655febd63cc1029d,BNB,220.2512,0.494,SELL,2023-04-25 18:46:00,-0.2074,OPEN,0.0,5,Short
0x23be95267b9414f864c908abccf5f987e42ce22c,MATIC,0.9655,0.3704,SELL,2023-04-25 19:17:00,-0.3031,OPEN,0.0,3,Short
0xb973994ea6148c341bff47f5e9721ff9029420df,DOGE,0.0679,0.7305,SELL,2023-04-25 20:00:00,-0.1364,OPEN,0.0,2,Short
0x4379bda828db78e0c9e1b8c145905c0b109af197,BNB,193.1711,0.2699,SELL,2023-04-25 21:11:00,-0.0528,OPEN,0.0,3,Short
0xeebc475a7fbdf24e9a015d16ca79c7f443e7ab81,SOL,20.1553,0.0436,BUY,2023-04-25 22:14:00,0.0087,CLOSE,-15.44,5,Long
0x78af6c0c766c104d1e512e617f991e02976ce472,SOL,21.5486,0.3954,SELL,2023-04-25 22:18:00,0.0633,OPEN,0.0,10,Short
0x4aed548b0ad2ad42d36a65fc9fbb736529027373,MATIC,0.891,0.0977,BUY,2023-04-26 10:27:00,-0.0503,CLOSE,2.16,1,Long
0x30cf07144e7941c6c51824aa794607d5a2f34311,DOGE,0.0719,2.2803,SELL,2023-04-26 15:51:00,0.8789,OPEN,0.0,20,Short
0xb77e6e8c09d1faa2d9fa8746ce75c51abe7252be,ARB,1.2688,1.3522,BUY,2023-04-26 19:44:00,0.4391,OPEN,0.0,3,Long
0x5f3203e5a82554fb4ff75ee00ec09483e2ae0341,ARB,1.1685,0.1301,SELL,2023-04-27 05:25:00,0.0351,OPEN,0.0,50,Short
0x43daceb7e014b2c8f1e1dea64bf293277027181b,DOGE,0.0643,0.1666,BUY,2023-04-27 06:26:00,0.2102,OPEN,0.0,2,Long
0x7968a5f8676e6b77d71e6dadf79e40929b9c9eb0,SOL,19.9408,0.5028,BUY,2023-04-27 07:37:00,-0.5072,CLOSE,-11.13,2,Long
0xe2c1562bb67f7a529b76e91f7196d63f54ccddaf,ETH,1599.3747,0.4444,SELL,2023-04-27 07:56:00,-0.2666,OPEN,0.0,2,Short
0xb5165416bd5e31205f5eebdb26cd1592ebddca2e,ARB,1.1132,1.0612,BUY,2023-04-27 09:08:00,0.0504,OPEN,0.0,20,Long
0x4939835272851ed4624ebeef2cd55b020d083576,SOL,20.9563,1.7439,SELL,2023-04-27 11:41:00,2.027,CLOSE,-2.74,2,Short
0x75e3bcbec520c0c454921cf1afac79214071ba6e,ARB,1.1924,0.2015,BUY,2023-04-27 13:27:00,-0.1496,CLOSE,1.96,2,Long
0x4f4a940690ae223310632fab09b9ce1d1115fe6b,OP,1.5244,0.033,SELL,2023-04-27 13:59:00,-0.014,CLOSE,51.98,20,Short
0xcfd86a92699b4e78a9d76f77c3658a5933d981e1,DOGE,0.0744,0.0555,BUY,2023-04-27 16:20:00,0.0454,CLOSE,-1.47,5,Long
0x23be95267b9414f864c908abccf5f987e42ce22c,ARB,1.178,0.4176,BUY,2023-04-27 20:11:00,0.2584,OPEN,0.0,2,Long
0xf547770f567ab48950b47158a6efc236cb73d8c1,ARB,1.1342,0.2315,BUY,2023-04-27 21:59:00,0.0102,CLOSE,40.96,20,Long
0x30cf07144e7941c6c51824aa794607d5a2f34311,LINK,5.507,0.1776,SELL,2023-04-27 22:15:00,-0.1161,OPEN,0.0,1,Short
0xe921971dbc1ec5636c7872b4ccfded69e5a45abe,OP,1.4235,0.1297,SELL,2023-04-28 10:29:00,-0.0464,OPEN,0.0,50,Short
0xd070b332429151e576014d456b91028526f824b6,BNB,218.6203,0.0566,SELL,2023-04-28 11:40:00,0.0079,CLOSE,3.7,5,Short
0xd45a1cd4a5790cb05bf8c66c9c2a4154c047bb63,ETH,1600.3681,0.2087,SELL,2023-04-28 14:50:00,0.0856,CLOSE,-40.56,10,Short
0xeebc475a7fbdf24e9a015d16ca79c7f443e7ab81,BTC,25562.1606,0.2825,BUY,2023-04-28 17:13:00,-0.175,CLOSE,2.15,3,Long
0xedbe03d7cf3f6121ea929dfa1841270856f03d2b,MATIC,0.9195,0.1453,BUY,2023-04-29 00:08:00,-0.0156,CLOSE,-11.85,3,Long
0xc599099a389d38c5d9c8b5481edbeba0598102b1,MATIC,0.8929,0.1391,SELL,2023-04-29 03:54:00,0.0151,CLOSE,-2.41,2,Short
0x0af6790523dd0af40c1c3a03a4c1a0df6067eba2,BNB,223.6368,1.0235,SELL,2023-04-29 07:09:00,-0.1326,CLOSE,-1.46,5,Short
0x744cb7ef9bc0528b331a9c8cbdd555eeda37cf0e,LINK,6.5344,0.8183,SELL,2023-04-29 07:42:00,0.2318,CLOSE,4.06,2,Short
0x3be2f0013aec35a8fd588a7ee15b7c917e04dd75,MATIC,0.9188,0.3641,BUY,2023-04-29 07:43:00,0.0729,CLOSE,4.82,10,Long
0x6772ce2c78ad77d185e724baf3c73fc855e0c397,OP,1.5922,0.4061,SELL,2023-04-29 11:27:00,-0.0275,CLOSE,10.63,5,Short
0xbdd2a8dc587fa386779f90becc9694c9586d3ce5,AVAX,14.1111,0.1199,SELL,2023-04-29 12:33:00,0.0693,OPEN,0.0,2,Short
0x75e3bcbec520c0c454921cf1afac79214071ba6e,MATIC,0.8002,0.165,BUY,2023-04-29 13:46:00,0.105,CLOSE,-127.45,50,Long
0x4aed548b0ad2ad42d36a65fc9fbb736529027373,BTC,26298.2576,0.2738,SELL,2023-04-29 22:54:00,0.0128,CLOSE,-72.65,50,Short
0xbb4e5487f3cf95039e0674754240ffcd91dcb7b6,AVAX,13.9003,0.1433,BUY,2023-04-30 02:22:00,0.0662,OPEN,0.0,50,Long
0x79734a87ec5efa730c4a5d0ff563bac34e411e6b,SOL,20.8771,0.7678,SELL,2023-04-30 02:44:00,-0.2538,CLOSE,5.1,3,Short
0xb77e6e8c09d1faa2d9fa8746ce75c51abe7252be,LINK,5.7251,0.0423,BUY,2023-04-30 08:41:00,-0.0176,OPEN,0.0,5,Long
0x24a05b6a280881d9f48b32588c8c89018988a3b9,SOL,17.9181,0.1844,BUY,2023-04-30 10:35:00,0.1564,OPEN,0.0,5,Long
0x646d2815b93dc22b981b7152e79d208287e60827,DOGE,0.0729,0.3178,SELL,2023-04-30 12:21:00,-0.0981,OPEN,0.0,5,Short
0xd070b332429151e576014d456b91028526f824b6,BNB,210.6878,0.0627,BUY,2023-04-30 18:23:00,0.0259,CLOSE,5.79,2,Long
0x75e3bcbec520c0c454921cf1afac79214071ba6e,BNB,207.1169,0.0807,SELL,2023-04-30 22:00:00,-0.0451,OPEN,0.0,1,Short
0x0e414a03aedcefa5c05276b7aa873350baf6378b,MATIC,0.8645,0.3312,SELL,2023-05-01 00:13:00,0.035,CLOSE,-2.06,2,Short
0x925c717311ca9170b4ac3e9b636d21179e3359dd,BNB,224.1863,1.8879,SELL,2023-05-01 00:18:00,0.8365,CLOSE,50.49,20,Short
0xc61546b61eada8292e6df67fbf85809118265b37,OP,1.5122,1.4729,SELL,2023-05-01 00:51:00,-0.7825,CLOSE,-6.81,2,Short
0xa2a2e9a7468bbcd27e0f039d47476b02aac10637,MATIC,0.8398,0.4177,SELL,2023-05-01 04:29:00,0.1279,OPEN,0.0,2,Short
0xdb5102ee19e81b7181b47ffb28758462bdc6a2f6,DOGE,0.0665,0.407,BUY,2023-05-01 06:07:00,-0.0063,CLOSE,24.93,10,Long
0x744cb7ef9bc0528b331a9c8cbdd555eeda37cf0e,BTC,23900.8965,0.5352,BUY,2023-05-01 11:23:00,0.0933,OPEN,0.0,50,Long
0x9f46469dacc43d56c35b79bae4905b54b673b96f,DOGE,0.0697,0.5838,BUY,2023-05-01 16:28:00,0.3787,CLOSE,-74.23,50,Long
0x26e94b906f96d22acf1132f3c95ef725e7f49365,MATIC,0.8693,0.6727,BUY,2023-05-01 17:06:00,-0.1738,CLOSE,-2.86,1,Long
0xbdd2a8dc587fa386779f90becc9694c9586d3ce5,ARB,1.2494,0.4021,SELL,2023-05-01 17:27:00,0.0474,OPEN,0.0,50,Short
0xd070b332429151e576014d456b91028526f824b6,AVAX,14.0845,1.8751,SELL,2023-05-01 23:37:00,1.4509,OPEN,0.0,3,Short
0xa2e1a7b77321268164f1cab8f52cd112cfe0f364,ARB,1.1757,0.0489,BUY,2023-05-02 00:20:00,-0.0043,CLOSE,-67.04,50,Long
0xdaae4227dfe85b6068adba35a50dd7a2e75f34fe,BTC,24478.0674,0.5439,BUY,2023-05-02 00:23:00,0.3005,OPEN,0.0,3,Long
0xb77e6e8c09d1faa2d9fa8746ce75c51abe7252be,MATIC,0.873,1.1311,SELL,2023-05-02 01:27:00,0.079,OPEN,0.0,10,Short
0x453dd2d9eed5ff86eb409796ee5f1e1d285c33d4,AVAX,14.4236,0.1586,BUY,2023-05-02 02:58:00,-0.0599,OPEN,0.0,20,Long
0x1df10b04fc8b7bb56232fbf467593f3d4db7f636,ARB,1.2302,0.3302,SELL,2023-05-02 05:06:00,0.0787,OPEN,0.0,1,Short
0x987c1d0a09e6109925ce9325a327c9bc34db8d33,ETH,1493.0903,0.8281,SELL,2023-05-02 07:45:00,-0.6247,OPEN,0.0,2,Short
0xe2f5ee794b96897c7d576413e0148b2e8f9fa655,ARB,1.1787,1.3466,BUY,2023-05-02 08:08:00,-0.056,CLOSE,3.7,2,Long
0xc4dea9884019946f0c0617e568292cdd487b5de4,DOGE,0.0772,1.0457,BUY,2023-05-02 10:44:00,0.4457,OPEN,0.0,5,Long
0x6ae91f9044b365bc545fbaefecc120afb3f0e0b8,MATIC,0.9173,0.2068,BUY,2023-05-02 10:46:00,0.0371,OPEN,0.0,20,Long
0x23be95267b9414f864c908abccf5f987e42ce22c,SOL,20.0936,0.2146,SELL,2023-05-02 18:26:00,-0.0626,CLOSE,-49.68,50,Short
0xb5165416bd5e31205f5eebdb26cd1592ebddca2e,OP,1.516,0.0704,SELL,2023-05-02 19:07:00,-0.0265,CLOSE,0.31,1,Short
0x78af6c0c766c104d1e512e617f991e02976ce472,ETH,1573.3419,0.1406,SELL,2023-05-03 06:47:00,-0.0784,OPEN,0.0,2,Short
0x0285eb8e3dcc5302124dd67b15b3a223cf2bd3b2,MATIC,0.9099,0.6545,SELL,2023-05-03 09:53:00,-0.2816,CLOSE,-0.9,20,Short
0x26e94b906f96d22acf1132f3c95ef725e7f49365,AVAX,12.3261,0.099,BUY,2023-05-03 10:53:00,-0.0037,OPEN,0.0,5,Long
0x0af6790523dd0af40c1c3a03a4c1a0df6067eba2,MATIC,0.9504,0.7738,BUY,2023-05-03 11:37:00,-0.2813,OPEN,0.0,50,Long
0x7968a5f8676e6b77d71e6dadf79e40929b9c9eb0,OP,1.5371,0.4007,BUY,2023-05-03 17:07:00,0.145,OPEN,0.0,3,Long
0xaa624205b23ee2d620474b557ab013e55b55c926,ARB,1.2609,0.6941,BUY,2023-05-03 20:00:00,-0.36,OPEN,0.0,3,Long
0x30cf07144e7941c6c51824aa794607d5a2f34311,ARB,1.1231,0.2929,SELL,2023-05-03 20:05:00,0.3011,OPEN,0.0,3,Short
0x893c0ce1b001bed43dbe9f36ff779cf9df99e513,BTC,26494.9274,0.8452,SELL,2023-05-03 21:39:00,0.3726,OPEN,0.0,2,Short
0xe921971dbc1ec5636c7872b4ccfded69e5a45abe,BNB,226.2901,1.1401,SELL,2023-05-04 00:08:00,0.1508,OPEN,0.0,10,Short
0xc87fa1c370a4cdce8a3de02aecd8246696f21820,BTC,25707.1731,0.057,SELL,2023-05-04 02:43:00,0.001,CLOSE,1.9,5,Short
0x646d2815b93dc22b981b7152e79d208287e60827,ETH,1565.8939,1.1372,BUY,2023-05-04 04:44:00,0.256,CLOSE,-1.09,10,Long
0x3be2f0013aec35a8fd588a7ee15b7c917e04dd75,BTC,26680.8565,0.9295,SELL,2023-05-04 09:55:00,0.3027,CLOSE,-25.87,20,Short
0x987c1d0a09e6109925ce9325a327c9bc34db8d33,BNB,220.8904,1.035,SELL,2023-05-04 13:38:00,-0.4712,OPEN,0.0,2,Short
0x6262afa887ea89b1b66c12e70d25de9412bdf3dd,ARB,1.1542,0.1422,BUY,2023-05-04 13:53:00,0.0621,CLOSE,-23.2,20,Long
0x75e3bcbec520c0c454921cf1afac79214071ba6e,BTC,24764.4789,1.4153,BUY,2023-05-04 14:17:00,0.2941,OPEN,0.0,3,Long
0xee391c2f221fd53d6a55604791a2377121504c19,AVAX,13.9306,0.903,SELL,2023-05-05 01:34:00,-0.2722,CLOSE,-2.16,2,Short
0x7d320effc2b28f577dcd364c61661834374cb1ee,MATIC,0.9576,0.4131,SELL,2023-05-05 01:45:00,0.3184,CLOSE,11.49,20,Short
0xe2f5ee794b96897c7d576413e0148b2e8f9fa655,BNB,210.8284,0.4725,SELL,2023-05-05 06:18:00,0.0055,OPEN,0.0,10,Short
0x23be95267b9414f864c908abccf5f987e42ce22c,BNB,205.9325,0.4052,SELL,2023-05-05 06:35:00,0.1526,CLOSE,-185.54,50,Short
0x79734a87ec5efa730c4a5d0ff563bac34e411e6b,BNB,201.9315,0.9684,SELL,2023-05-05 13:25:00,0.2866,CLOSE,2.62,1,Short
0x23be95267b9414f864c908abccf5f987e42ce22c,LINK,5.9226,0.1551,BUY,2023-05-05 13:48:00,0.0038,CLOSE,0.52,1,Long
0x5adebdbe4ffde843c5c0942476dafed98f4081ed,AVAX,13.6118,0.4695,SELL,2023-05-05 14:31:00,-0.4969,OPEN,0.0,3,Short
0x7d320effc2b28f577dcd364c61661834374cb1ee,OP,1.4993,0.8807,SELL,2023-05-05 20:05:00,0.4367,CLOSE,-32.72,20,Short
0x646d2815b93dc22b981b7152e79d208287e60827,AVAX,13.7029,0.5944,BUY,2023-05-05 22:27:00,-0.2239,OPEN,0.0,10,Long
0x3be2f0013aec35a8fd588a7ee15b7c917e04dd75,OP,1.4333,0.0185,SELL,2023-05-05 23:27:00,0.0084,OPEN,0.0,3,Short
0x5f3203e5a82554fb4ff75ee00ec09483e2ae0341,MATIC,0.8945,0.2273,BUY,2023-05-06 02:43:00,0.0156,OPEN,0.0,2,Long
0x525162b29a67219a10418bb3be42f9213b57465d,BNB,206.0281,0.4008,SELL,2023-05-06 04:57:00,0.0896,OPEN,0.0,1,Short
0x24a05b6a280881d9f48b32588c8c89018988a3b9,LINK,5.9221,0.7111,BUY,2023-05-06 07:15:00,0.316,CLOSE,-19.07,20,Long
0xe921971dbc1ec5636c7872b4ccfded69e5a45abe,BTC,23737.5572,0.1359,BUY,2023-05-06 08:12:00,0.0058,CLOSE,-6.66,2,Long
0x5a1966353c437c4a9bafc506875acdf42fc8ff65,ARB,1.2667,1.265,SELL,2023-05-06 10:11:00,-0.3488,CLOSE,0.66,3,Short
0x5d4e187b0ea64e520ab88273cce8678ddb6803c8,LINK,5.8561,0.5953,BUY,2023-05-06 13:16:00,-0.009,OPEN,0.0,10,Long
0x525162b29a67219a10418bb3be42f9213b57465d,SOL,21.3787,0.1475,BUY,2023-05-06 17:27:00,-0.0918,CLOSE,6.43,50,Long
0x9c453737aa43460414e9164eba11d3f5579cf2f1,DOGE,0.0578,0.1245,SELL,2023-05-06 21:20:00,-0.078,CLOSE,2.48,3,Short
0x9c453737aa43460414e9164eba11d3f5579cf2f1,LINK,5.9986,0.3262,BUY,2023-05-07 07:45:00,0.0526,OPEN,0.0,3,Long
0x37d65217f9a89b91d3d82602fe21b9178f03dce8,SOL,20.9429,0.5362,SELL,2023-05-07 13:35:00,0.0486,CLOSE,2.43,1,Short
0x0285eb8e3dcc5302124dd67b15b3a223cf2bd3b2,ETH,1668.4715,0.2092,SELL,2023-05-07 18:27:00,0.0191,CLOSE,-36.07,10,Short
0x37d65217f9a89b91d3d82602fe21b9178f03dce8,BTC,25621.3524,0.5882,BUY,2023-05-08 01:08:00,-0.4645,OPEN,0.0,2,Long
0x925c717311ca9170b4ac3e9b636d21179e3359dd,SOL,19.5351,0.3331,SELL,2023-05-08 01:13:00,-0.0301,CLOSE,3.91,2,Short
0x0e414a03aedcefa5c05276b7aa873350baf6378b,MATIC,0.9485,0.4834,BUY,2023-05-08 02:58:00,-0.2412,OPEN,0.0,1,Long
0xea061b83a2dc03d04b9b22920149ea6f5465fa27,SOL,21.5076,0.2222,BUY,2023-05-08 06:34:00,-0.0769,CLOSE,43.67,20,Long
0xc87fa1c370a4cdce8a3de02aecd8246696f21820,SOL,20.1259,0.8169,SELL,2023-05-08 08:21:00,0.2069,OPEN,0.0,1,Short
0xb973994ea6148c341bff47f5e9721ff9029420df,ETH,1617.4671,0.7639,SELL,2023-05-08 16:23:00,0.3697,CLOSE,8.55,5,Short
0x9c453737aa43460414e9164eba11d3f5579cf2f1,MATIC,0.8753,0.0756,BUY,2023-05-08 16:45:00,0.0035,OPEN,0.0,2,Long
0xb5165416bd5e31205f5eebdb26cd1592ebddca2e,ETH,1551.5133,0.9116,BUY,2023-05-08 17:08:00,-0.0646,OPEN,0.0,1,Long
0x4ccba13ed55148644802487bce53eb55921ba0fe,LINK,6.2225,0.079,SELL,2023-05-08 19:54:00,0.0945,CLOSE,-4.3,3,Short
0x0af6790523dd0af40c1c3a03a4c1a0df6067eba2,LINK,5.7407,0.5053,SELL,2023-05-08 23:56:00,0.2329,CLOSE,-1.94,5,Short
0xb4d87bd4dc83166db001549b0f7dd10ed8172a97,BNB,222.0401,0.4848,BUY,2023-05-08 23:56:00,-0.1285,OPEN,0.0,50,Long
0xdb5102ee19e81b7181b47ffb28758462bdc6a2f6,BTC,25664.7467,0.2637,SELL,2023-05-09 04:00:00,-0.2347,CLOSE,-3.5,5,Short
0xeea684c1f340e7d01d339e94e345a318e63f4345,BNB,197.9569,1.4478,SELL,2023-05-09 10:44:00,1.3368,OPEN,0.0,1,Short
0x6121a1650753afb98b8a066940907804424fc225,LINK,6.0016,0.7426,BUY,2023-05-09 12:58:00,0.0174,CLOSE,-5.26,10,Long
0x5cc6e86a6eb53b1f13feb35d2a7d10c872850f05,BNB,203.6882,0.2693,SELL,2023-05-09 16:59:00,0.157,CLOSE,-118.67,50,Short
0x6ae91f9044b365bc545fbaefecc120afb3f0e0b8,BNB,194.1393,0.1824,BUY,2023-05-09 17:05:00,-0.0627,OPEN,0.0,1,Long
0xf547770f567ab48950b47158a6efc236cb73d8c1,ARB,1.1555,0.3427,BUY,2023-05-09 22:00:00,-0.0034,CLOSE,34.78,10,Long
0xe2f5ee794b96897c7d576413e0148b2e8f9fa655,BNB,208.9884,0.0652,SELL,2023-05-10 00:27:00,0.0313,CLOSE,2.36,1,Short
0x6ae91f9044b365bc545fbaefecc120afb3f0e0b8,DOGE,0.0656,1.1396,SELL,2023-05-10 05:02:00,0.7913,OPEN,0.0,50,Short
0xb4d87bd4dc83166db001549b0f7dd10ed8172a97,AVAX,14.0012,1.5186,BUY,2023-05-10 10:21:00,0.2673,CLOSE,-65.62,10,Long
0x47484e135be5cc29287e7165fb9c975996f6a214,LINK,5.9276,0.0445,SELL,2023-05-10 11:21:00,0.021,OPEN,0.0,10,Short
0xbdd2a8dc587fa386779f90becc9694c9586d3ce5,LINK,5.8834,0.2095,BUY,2023-05-10 12:15:00,0.0865,CLOSE,-117.54,50,Long
0x24a05b6a280881d9f48b32588c8c89018988a3b9,BNB,200.2245,1.445,SELL,2023-05-10 15:01:00,1.8117,CLOSE,35.79,10,Short
0x7968a5f8676e6b77d71e6dadf79e40929b9c9eb0,BNB,187.8907,0.0499,BUY,2023-05-10 18:26:00,-0.0278,OPEN,0.0,10,Long
0x75e3bcbec520c0c454921cf1afac79214071ba6e,SOL,20.3189,0.0948,BUY,2023-05-10 19:51:00,0.0749,OPEN,0.0,2,Long
0x7968a5f8676e6b77d71e6dadf79e40929b9c9eb0,DOGE,0.0689,0.1989,SELL,2023-05-10 23:01:00,0.0736,OPEN,0.0,10,Short
0xeebc475a7fbdf24e9a015d16ca79c7f443e7ab81,SOL,20.2998,0.6827,BUY,2023-05-11 04:30:00,-0.5652,OPEN,0.0,2,Long
0x43daceb7e014b2c8f1e1dea64bf293277027181b,BNB,208.169,0.3412,SELL,2023-05-11 05:27:00,0.0953,CLOSE,-2.13,3,Short
0xe921971dbc1ec5636c7872b4ccfded69e5a45abe,MATIC,0.8956,0.0233,SELL,2023-05-11 06:29:00,0.0051,OPEN,0.0,10,Short
0x925c717311ca9170b4ac3e9b636d21179e3359dd,BNB,192.7149,0.0601,BUY,2023-05-11 10:13:00,0.0039,CLOSE,1.72,1,Long
0xea061b83a2dc03d04b9b22920149ea6f5465fa27,OP,1.4442,0.0887,SELL,2023-05-11 10:51:00,-0.0184,CLOSE,4.18,2,Short
0xaa624205b23ee2d620474b557ab013e55b55c926,MATIC,0.9182,0.0579,BUY,2023-05-11 11:18:00,-0.0427,CLOSE,-12.57,20,Long
0x893c0ce1b001bed43dbe9f36ff779cf9df99e513,AVAX,15.0383,0.9603,BUY,2023-05-11 11:51:00,-1.2511,OPEN,0.0,1,Long
0x744cb7ef9bc0528b331a9c8cbdd555eeda37cf0e,MATIC,0.8761,0.1074,SELL,2023-05-11 15:49:00,-0.0426,OPEN,0.0,2,Short
0x6ae91f9044b365bc545fbaefecc120afb3f0e0b8,BTC,22071.2011,0.8693,BUY,2023-05-11 16:11:00,-0.2669,CLOSE,8.98,2,Long
0x5a1966353c437c4a9bafc506875acdf42fc8ff65,LINK,5.5625,0.4149,SELL,2023-05-11 16:46:00,-0.1718,CLOSE,30.67,20,Short
0xeea684c1f340e7d01d339e94e345a318e63f4345,ARB,1.1575,0.2839,SELL,2023-05-11 18:03:00,-0.2149,CLOSE,8.81,5,Short
0xb77e6e8c09d1faa2d9fa8746ce75c51abe7252be,MATIC,0.8631,0.2677,SELL,2023-05-11 19:04:00,-0.1091,CLOSE,0.9,2,Short
0x9f46469dacc43d56c35b79bae4905b54b673b96f,OP,1.4995,0.5267,SELL,2023-05-11 23:02:00,-0.0821,CLOSE,-3.08,10,Short
0x5adebdbe4ffde843c5c0942476dafed98f4081ed,DOGE,0.0674,1.4046,SELL,2023-05-12 00:34:00,0.2538,OPEN,0.0,2,Short
0x925c717311ca9170b4ac3e9b636d21179e3359dd,MATIC,0.9543,1.088,SELL,2023-05-12 00:47:00,0.2089,CLOSE,-65.2,50,Short
0x1d186cb24f764ddad17b04d51d4a66b0c92ad716,DOGE,0.0699,0.4111,BUY,2023-05-12 00:56:00,-0.3743,CLOSE,-13.12,10,Long
0x987c1d0a09e6109925ce9325a327c9bc34db8d33,OP,1.4297,1.3938,SELL,2023-05-12 01:51:00,0.0149,OPEN,0.0,1,Short
0x47484e135be5cc29287e7165fb9c975996f6a214,DOGE,0.0686,0.2487,SELL,2023-05-12 08:19:00,-0.1554,OPEN,0.0,50,Short
0x6ae91f9044b365bc545fbaefecc120afb3f0e0b8,AVAX,13.8382,0.8531,BUY,2023-05-12 18:50:00,-0.0198,CLOSE,6.62,3,Long
0x26e94b906f96d22acf1132f3c95ef725e7f49365,BNB,229.9266,0.6937,SELL,2023-05-12 21:31:00,-0.3288,CLOSE,-9.03,10,Short
0x47484e135be5cc29287e7165fb9c975996f6a214,OP,1.578,1.0773,BUY,2023-05-12 21:45:00,-1.0531,CLOSE,12.18,20,Long
0x987c1d0a09e6109925ce9325a327c9bc34db8d33,BTC,25250.8677,1.0751,BUY,2023-05-12 22:45:00,0.5553,CLOSE,-2.52,1,Long
0x6121a1650753afb98b8a066940907804424fc225,OP,1.4505,0.3266,BUY,2023-05-13 03:18:00,-0.1151,CLOSE,-1.76,2,Long
0xcfd86a92699b4e78a9d76f77c3658a5933d981e1,BNB,214.6722,0.059,SELL,2023-05-13 04:24:00,0.0274,OPEN,0.0,3,Short
0x6772ce2c78ad77d185e724baf3c73fc855e0c397,OP,1.4073,0.4783,BUY,2023-05-13 04:38:00,0.073,CLOSE,-7.16,5,Long
0x75e3bcbec520c0c454921cf1afac79214071ba6e,ETH,1663.5412,0.1204,BUY,2023-05-13 05:37:00,-0.0755,CLOSE,-128.32,50,Long
0xa2a2e9a7468bbcd27e0f039d47476b02aac10637,ETH,1698.5827,0.0256,BUY,2023-05-13 08:49:00,0.0103,CLOSE,2.42,10,Long
0xebf28c699b1e7f2ad3e31316d86da0df789a475b,ETH,1509.4876,0.5923,BUY,2023-05-13 10:02:00,0.2628,OPEN,0.0,1,Long
0x1d186cb24f764ddad17b04d51d4a66b0c92ad716,DOGE,0.0726,0.2455,SELL,2023-05-13 10:32:00,0.1692,OPEN,0.0,20,Short
0xbdd2a8dc587fa386779f90becc9694c9586d3ce5,OP,1.5934,0.1011,BUY,2023-05-13 11:48:00,-0.0295,CLOSE,-0.3,2,Long
0x5a1966353c437c4a9bafc506875acdf42fc8ff65,AVAX,14.3892,0.928,SELL,2023-05-13 12:15:00,-0.9426,OPEN,0.0,5,Short
0x646d2815b93dc22b981b7152e79d208287e60827,ARB,1.227,0.6537,BUY,2023-05-13 13:22:00,-0.1927,OPEN,0.0,2,Long
0x9c453737aa43460414e9164eba11d3f5579cf2f1,SOL,19.4846,0.1035,SELL,2023-05-13 13:25:00,-0.0311,OPEN,0.0,3,Short
0x0285eb8e3dcc5302124dd67b15b3a223cf2bd3b2,AVAX,14.509,0.7022,BUY,2023-05-13 17:36:00,0.4837,OPEN,0.0,3,Long
0x6ae91f9044b365bc545fbaefecc120afb3f0e0b8,LINK,6.1811,0.2364,SELL,2023-05-13 19:32:00,0.1657,OPEN,0.0,20,Short
0xe921971dbc1ec5636c7872b4ccfded69e5a45abe,MATIC,0.9039,0.4207,SELL,2023-05-13 20:43:00,-0.3287,CLOSE,-47.91,50,Short
0x453dd2d9eed5ff86eb409796ee5f1e1d285c33d4,DOGE,0.0713,0.7823,SELL,2023-05-13 20:48:00,-0.6498,CLOSE,3.2,1,Short
0x4379bda828db78e0c9e1b8c145905c0b109af197,SOL,18.4555,0.3463,BUY,2023-05-13 22:15:00,-0.0135,OPEN,0.0,1,Long
0xb429f0db71443a6dc3b6dd7fc8a7ccec4aa6dfca,AVAX,12.8707,0.1482,SELL,2023-05-14 04:03:00,-0.0593,CLOSE,0.64,10,Short
0xf547770f567ab48950b47158a6efc236cb73d8c1,BTC,24133.5165,0.4464,SELL,2023-05-14 04:05:00,0.2911,CLOSE,-32.25,10,Short
0x14fb2d0de7f331f4ab61b71a9d5c4c8e4ef8c0e5,ARB,1.0886,0.3914,BUY,2023-05-14 05:57:00,0.0952,OPEN,0.0,50,Long
0x37d65217f9a89b91d3d82602fe21b9178f03dce8,BNB,201.3599,0.25,SELL,2023-05-14 08:26:00,0.3712,OPEN,0.0,3,Short
0x1d186cb24f764ddad17b04d51d4a66b0c92ad716,LINK,6.1149,0.9881,BUY,2023-05-14 09:39:00,-0.3976,OPEN,0.0,10,Long
0x5f3203e5a82554fb4ff75ee00ec09483e2ae0341,BNB,229.1157,0.1011,BUY,2023-05-14 10:18:00,-0.0171,CLOSE,-12.21,50,Long
0x24a05b6a280881d9f48b32588c8c89018988a3b9,LINK,5.6284,1.4746,BUY,2023-05-14 18:12:00,0.5752,CLOSE,-22.48,10,Long
0xcfd86a92699b4e78a9d76f77c3658a5933d981e1,BTC,24407.4337,0.111,BUY,2023-05-14 19:23:00,-0.0137,OPEN,0.0,2,Long
0x6121a1650753afb98b8a066940907804424fc225,SOL,19.1439,0.1445,BUY,2023-05-14 21:33:00,-0.0135,OPEN,0.0,1,Long
0x79734a87ec5efa730c4a5d0ff563bac34e411e6b,BTC,25938.9015,0.7725,BUY,2023-05-15 03:44:00,-0.7301,OPEN,0.0,5,Long
0xebf28c699b1e7f2ad3e31316d86da0df789a475b,ARB,1.2026,0.4771,SELL,2023-05-15 04:33:00,-0.0351,CLOSE,-14.87,5,Short
0xb429f0db71443a6dc3b6dd7fc8a7ccec4aa6dfca,ETH,1622.786,0.6285,SELL,2023-05-15 04:45:00,0.0028,OPEN,0.0,50,Short
0x4aed548b0ad2ad42d36a65fc9fbb736529027373,OP,1.5118,0.1552,SELL,2023-05-15 05:25:00,0.0758,CLOSE,0.55,10,Short
0xb77e6e8c09d1faa2d9fa8746ce75c51abe7252be,BNB,212.1118,0.3743,SELL,2023-05-15 05:40:00,-0.321,OPEN,0.0,50,Short
0xeebc475a7fbdf24e9a015d16ca79c7f443e7ab81,DOGE,0.0746,0.339,BUY,2023-05-15 06:58:00,-0.208,OPEN,0.0,20,Long
0x6ae91f9044b365bc545fbaefecc120afb3f0e0b8,ARB,1.2922,0.5752,SELL,2023-05-15 09:47:00,0.0612,CLOSE,3.96,50,Short
0x987c1d0a09e6109925ce9325a327c9bc34db8d33,SOL,19.4901,0.0454,SELL,2023-05-15 10:52:00,-0.0414,CLOSE,2.1,1,Short
0xc4dea9884019946f0c0617e568292cdd487b5de4,MATIC,0.8475,0.2696,SELL,2023-05-15 12:19:00,-0.0191,OPEN,0.0,50,Short
0x1df10b04fc8b7bb56232fbf467593f3d4db7f636,ETH,1672.7011,0.7465,SELL,2023-05-15 16:07:00,0.297,OPEN,0.0,20,Short
0xdaae4227dfe85b6068adba35a50dd7a2e75f34fe,SOL,20.6697,0.217,BUY,2023-05-15 17:32:00,-0.1693,CLOSE,43.35,10,Long
0xee391c2f221fd53d6a55604791a2377121504c19,BTC,26036.6151,0.1043,SELL,2023-05-15 18:23:00,-0.0851,OPEN,0.0,50,Short
0x26e94b906f96d22acf1132f3c95ef725e7f49365,ETH,1598.2934,0.3198,SELL,2023-05-15 19:44:00,0.2691,CLOSE,-2.48,2,Short
0x47484e135be5cc29287e7165fb9c975996f6a214,ARB,1.226,0.3344,BUY,2023-05-15 22:15:00,-0.2152,CLOSE,-134.71,50,Long
0xb4d87bd4dc83166db001549b0f7dd10ed8172a97,OP,1.5428,0.8463,BUY,2023-05-15 22:20:00,-0.3446,CLOSE,10.08,5,Long
0xf547770f567ab48950b47158a6efc236cb73d8c1,ARB,1.1499,0.4517,BUY,2023-05-16 03:03:00,0.4845,CLOSE,22.97,20,Long
0xdaae4227dfe85b6068adba35a50dd7a2e75f34fe,DOGE,0.0657,0.8035,SELL,2023-05-16 05:28:00,-0.4388,OPEN,0.0,50,Short
0x79734a87ec5efa730c4a5d0ff563bac34e411e6b,OP,1.5093,1.2031,SELL,2023-05-16 09:53:00,-0.4763,CLOSE,-61.08,20,Short
0x2e380d92bab460b09297a542e4b0198e2c87e43c,LINK,5.8514,0.4759,SELL,2023-05-16 18:29:00,0.1709,OPEN,0.0,5,Short
0x7d320effc2b28f577dcd364c61661834374cb1ee,BTC,25052.8288,0.048,BUY,2023-05-16 18:50:00,0.0155,OPEN,0.0,2,Long
0x0285eb8e3dcc5302124dd67b15b3a223cf2bd3b2,ETH,1708.6071,0.4469,BUY,2023-05-16 20:19:00,0.1981,OPEN,0.0,10,Long
0xdb5102ee19e81b7181b47ffb28758462bdc6a2f6,SOL,19.7001,0.2356,SELL,2023-05-16 22:41:00,-0.0322,OPEN,0.0,1,Short
0x0f2f77b9475059e62105e77b8d130a7cd6f85ea9,ARB,1.2087,0.1097,SELL,2023-05-17 00:30:00,0.0453,OPEN,0.0,2,Short
0x5d4e187b0ea64e520ab88273cce8678ddb6803c8,ETH,1540.3741,0.2748,BUY,2023-05-17 02:11:00,-0.0934,OPEN,0.0,20,Long
0x744cb7ef9bc0528b331a9c8cbdd555eeda37cf0e,DOGE,0.0668,0.3031,SELL,2023-05-17 02:50:00,0.0161,OPEN,0.0,20,Short
0xea061b83a2dc03d04b9b22920149ea6f5465fa27,OP,1.6237,0.1344,SELL,2023-05-17 03:25:00,0.0579,CLOSE,62.69,20,Short
0xb429f0db71443a6dc3b6dd7fc8a7ccec4aa6dfca,DOGE,0.0718,0.0162,SELL,2023-05-17 05:47:00,0.0028,CLOSE,-5.74,10,Short
0xf547770f567ab48950b47158a6efc236cb73d8c1,AVAX,13.8405,0.0603,SELL,2023-05-17 08:04:00,0.017,OPEN,0.0,3,Short
0x75e3bcbec520c0c454921cf1afac79214071ba6e,DOGE,0.0701,0.316,BUY,2023-05-17 11:45:00,-0.087,CLOSE,-2.34,1,Long
0xb429f0db71443a6dc3b6dd7fc8a7ccec4aa6dfca,OP,1.3681,0.6789,BUY,2023-05-17 13:20:00,-0.1426,OPEN,0.0,1,Long
0xea061b83a2dc03d04b9b22920149ea6f5465fa27,SOL,18.5964,0.5209,SELL,2023-05-17 21:41:00,0.3121,CLOSE,0.19,3,Short
0x646d2815b93dc22b981b7152e79d208287e60827,BNB,216.0234,0.6985,SELL,2023-05-18 01:29:00,0.0202,CLOSE,-7.09,10,Short
0x5cc6e86a6eb53b1f13feb35d2a7d10c872850f05,SOL,19.6674,0.455,BUY,2023-05-18 01:59:00,-0.3261,OPEN,0.0,1,Long
0x23be95267b9414f864c908abccf5f987e42ce22c,ARB,1.2635,1.2561,BUY,2023-05-18 02:36:00,-0.6705,OPEN,0.0,2,Long
0x43daceb7e014b2c8f1e1dea64bf293277027181b,OP,1.4945,1.1174,SELL,2023-05-18 04:57:00,-0.4418,CLOSE,-0.54,2,Short
0xee391c2f221fd53d6a55604791a2377121504c19,MATIC,0.8989,0.6599,SELL,2023-05-18 05:28:00,0.1685,CLOSE,-4.38,2,Short
0xeebc475a7fbdf24e9a015d16ca79c7f443e7ab81,ARB,1.0878,0.2799,BUY,2023-05-18 06:37:00,-0.0459,CLOSE,-1.73,3,Long
0x5a1966353c437c4a9bafc506875acdf42fc8ff65,OP,1.4359,0.346,SELL,2023-05-18 08:55:00,-0.3023,OPEN,0.0,20,Short
0x0328d5d04ef6b199bde888fc75394a7e49cbb2e3,ARB,1.3267,0.316,BUY,2023-05-18 15:31:00,0.2089,OPEN,0.0,2,Long
0xcfd86a92699b4e78a9d76f77c3658a5933d981e1,LINK,5.4778,0.0859,BUY,2023-05-18 16:01:00,-0.0171,CLOSE,-43.86,20,Long
0x78af6c0c766c104d1e512e617f991e02976ce472,AVAX,15.6451,0.1944,SELL,2023-05-18 17:07:00,-0.259,OPEN,0.0,20,Short
0xb429f0db71443a6dc3b6dd7fc8a7ccec4aa6dfca,BNB,225.6652,1.5723,SELL,2023-05-18 18:38:00,-0.1551,CLOSE,-1.01,5,Short
0x646d2815b93dc22b981b7152e79d208287e60827,MATIC,0.8639,0.5379,BUY,2023-05-18 18:41:00,0.5225,CLOSE,151.37,50,Long
0xf547770f567ab48950b47158a6efc236cb73d8c1,DOGE,0.076,0.0184,SELL,2023-05-18 23:05:00,0.008,CLOSE,-30.01,10,Short
0xe2f5ee794b96897c7d576413e0148b2e8f9fa655,LINK,6.2927,0.932,BUY,2023-05-18 23:23:00,-0.1808,OPEN,0.0,1,Long
0x75e3bcbec520c0c454921cf1afac79214071ba6e,AVAX,13.5893,0.1919,BUY,2023-05-19 00:43:00,-0.0721,OPEN,0.0,5,Long
0x6ae91f9044b365bc545fbaefecc120afb3f0e0b8,LINK,6.2305,0.3665,BUY,2023-05-19 03:34:00,0.0395,OPEN,0.0,1,Long
0xd45a1cd4a5790cb05bf8c66c9c2a4154c047bb63,OP,1.4737,0.1021,BUY,2023-05-19 04:46:00,0.0536,OPEN,0.0,20,Long
0x26e94b906f96d22acf1132f3c95ef725e7f49365,DOGE,0.0667,0.0703,SELL,2023-05-19 06:46:00,-0.0111,OPEN,0.0,1,Short
0xb5165416bd5e31205f5eebdb26cd1592ebddca2e,BTC,23739.3982,0.6337,BUY,2023-05-19 08:56:00,0.0087,OPEN,0.0,10,Long
0x744cb7ef9bc0528b331a9c8cbdd555eeda37cf0e,AVAX,12.976,0.0339,BUY,2023-05-19 11:49:00,0.0073,OPEN,0.0,2,Long
0x47484e135be5cc29287e7165fb9c975996f6a214,BNB,211.9055,0.3977,BUY,2023-05-19 11:51:00,-0.0499,CLOSE,-124.86,50,Long
0x2e380d92bab460b09297a542e4b0198e2c87e43c,AVAX,14.6606,0.1143,SELL,2023-05-19 14:01:00,-0.0117,CLOSE,-3.54,1,Short
0x4f4a940690ae223310632fab09b9ce1d1115fe6b,BTC,27693.6608,0.0793,SELL,2023-05-19 15:40:00,-0.0317,CLOSE,-3.95,10,Short
0xb4d87bd4dc83166db001549b0f7dd10ed8172a97,MATIC,0.9502,0.3469,SELL,2023-05-19 19:09:00,-0.0692,OPEN,0.0,10,Short
0x1d186cb24f764ddad17b04d51d4a66b0c92ad716,ETH,1458.2483,0.1328,SELL,2023-05-19 22:51:00,0.0423,CLOSE,6.87,3,Short
0x5f3203e5a82554fb4ff75ee00ec09483e2ae0341,ETH,1733.1713,0.0566,SELL,2023-05-20 00:36:00,-0.0249,CLOSE,5.62,5,Short
0x4379bda828db78e0c9e1b8c145905c0b109af197,DOGE,0.0698,0.1464,BUY,2023-05-20 02:02:00,-0.0058,CLOSE,2.31,1,Long
0xc4dea9884019946f0c0617e568292cdd487b5de4,SOL,20.2554,0.2156,BUY,2023-05-20 04:28:00,0.0467,OPEN,0.0,20,Long
0x453dd2d9eed5ff86eb409796ee5f1e1d285c33d4,ETH,1597.4256,0.5343,BUY,2023-05-20 06:03:00,0.0694,OPEN,0.0,1,Long
0xedbe03d7cf3f6121ea929dfa1841270856f03d2b,DOGE,0.0682,1.0806,BUY,2023-05-20 10:31:00,-1.4151,CLOSE,-124.05,50,Long
0xdaae4227dfe85b6068adba35a50dd7a2e75f34fe,ETH,1705.0779,0.5705,BUY,2023-05-20 13:56:00,0.5047,CLOSE,-38.18,10,Long
0x646d2815b93dc22b981b7152e79d208287e60827,LINK,5.782,0.149,SELL,2023-05-20 17:27:00,-0.0654,OPEN,0.0,50,Short
0x14fb2d0de7f331f4ab61b71a9d5c4c8e4ef8c0e5,AVAX,12.921,0.2745,SELL,2023-05-20 20:37:00,0.0128,CLOSE,12.71,50,Short
0x30cf07144e7941c6c51824aa794607d5a2f34311,DOGE,0.0649,0.7443,SELL,2023-05-21 00:52:00,-0.1483,OPEN,0.0,50,Short
0x78af6c0c766c104d1e512e617f991e02976ce472,DOGE,0.0724,0.2996,BUY,2023-05-21 01:31:00,0.1584,CLOSE,0.93,5,Long
0xf547770f567ab48950b47158a6efc236cb73d8c1,DOGE,0.0687,0.5047,SELL,2023-05-21 01:56:00,-0.2641,CLOSE,-14.83,5,Short
0x525162b29a67219a10418bb3be42f9213b57465d,ETH,1456.6187,0.0753,SELL,2023-05-21 05:12:00,0.0223,OPEN,0.0,2,Short
0xd070b332429151e576014d456b91028526f824b6,BNB,209.3671,0.2302,BUY,2023-05-21 07:52:00,-0.1164,OPEN,0.0,5,Long
0xc87fa1c370a4cdce8a3de02aecd8246696f21820,ARB,1.1294,1.9062,BUY,2023-05-21 09:52:00,-0.3197,CLOSE,0.18,2,Long
0x2d1a95b8825f9bbc7b309def655febd63cc1029d,SOL,18.4914,0.0709,SELL,2023-05-21 11:20:00,-0.058,CLOSE,56.24,20,Short
0x0af6790523dd0af40c1c3a03a4c1a0df6067eba2,MATIC,0.9643,0.6442,SELL,2023-05-21 12:24:00,-0.4748,CLOSE,-2.26,20,Short
0x75e3bcbec520c0c454921cf1afac79214071ba6e,LINK,6.194,1.0557,BUY,2023-05-21 17:50:00,0.4421,CLOSE,8.67,20,Long
0x893c0ce1b001bed43dbe9f36ff779cf9df99e513,DOGE,0.0725,0.3533,SELL,2023-05-21 19:02:00,0.0241,CLOSE,-2.77,10,Short
0x43daceb7e014b2c8f1e1dea64bf293277027181b,MATIC,0.9504,0.956,SELL,2023-05-21 21:21:00,0.7503,OPEN,0.0,5,Short
0xc61546b61eada8292e6df67fbf85809118265b37,ETH,1576.4231,0.9044,SELL,2023-05-21 21:30:00,-0.5511,OPEN,0.0,50,Short
0xbb4e5487f3cf95039e0674754240ffcd91dcb7b6,OP,1.4445,0.2777,SELL,2023-05-22 02:32:00,-0.3463,CLOSE,-4.09,5,Short
0x744cb7ef9bc0528b331a9c8cbdd555eeda37cf0e,OP,1.5898,0.2438,BUY,2023-05-22 06:37:00,-0.0567,CLOSE,-9.55,20,Long
0xc87fa1c370a4cdce8a3de02aecd8246696f21820,MATIC,0.8371,0.0637,SELL,2023-05-22 07:38:00,0.0179,CLOSE,-40.81,50,Short
0x646d2815b93dc22b981b7152e79d208287e60827,ARB,1.2529,0.055,BUY,2023-05-22 10:00:00,-0.0355,CLOSE,-3.73,20,Long
0x79734a87ec5efa730c4a5d0ff563bac34e411e6b,ARB,1.2293,0.4834,SELL,2023-05-22 10:15:00,-0.1216,OPEN,0.0,2,Short
0x6262afa887ea89b1b66c12e70d25de9412bdf3dd,OP,1.4622,0.1488,SELL,2023-05-22 16:00:00,0.07,CLOSE,28.17,50,Short
0xdb5102ee19e81b7181b47ffb28758462bdc6a2f6,DOGE,0.066,0.5517,BUY,2023-05-22 16:31:00,-0.37,CLOSE,15.78,5,Long
0x23be95267b9414f864c908abccf5f987e42ce22c,ETH,1539.9455,0.4271,BUY,2023-05-22 17:29:00,0.1098,OPEN,0.0,50,Long
0xbb4e5487f3cf95039e0674754240ffcd91dcb7b6,AVAX,14.4299,0.112,SELL,2023-05-22 21:25:00,0.0424,CLOSE,-9.95,10,Short
0xe2c1562bb67f7a529b76e91f7196d63f54ccddaf,ETH,1519.8226,0.2749,SELL,2023-05-23 04:05:00,-0.1034,OPEN,0.0,20,Short
0x893c0ce1b001bed43dbe9f36ff779cf9df99e513,LINK,5.9551,0.0169,SELL,2023-05-23 04:47:00,-0.0113,OPEN,0.0,20,Short
0xa2e1a7b77321268164f1cab8f52cd112cfe0f364,ARB,1.2054,0.0526,SELL,2023-05-23 08:04:00,-0.0664,OPEN,0.0,3,Short
0x09fceb2336574e225ea891b132998c73f4696abe,ETH,1515.2631,0.5307,SELL,2023-05-23 08:16:00,-0.1327,CLOSE,-1.49,2,Short
0x4aed548b0ad2ad42d36a65fc9fbb736529027373,ETH,1698.6183,0.6346,SELL,2023-05-23 09:22:00,0.2016,OPEN,0.0,1,Short
0x8528643b6c996c090947e88b00fe1763200c3698,BTC,24126.8087,0.6407,BUY,2023-05-23 16:18:00,-0.7774,OPEN,0.0,50,Long
0x744cb7ef9bc0528b331a9c8cbdd555eeda37cf0e,LINK,6.454,0.8451,BUY,2023-05-23 19:24:00,0.1682,CLOSE,-1.5,1,Long
0x23be95267b9414f864c908abccf5f987e42ce22c,DOGE,0.0677,0.1684,BUY,2023-05-23 23:02:00,0.0016,CLOSE,-18.85,20,Long
0x30cf07144e7941c6c51824aa794607d5a2f34311,ARB,1.1999,0.4883,BUY,2023-05-23 23:32:00,0.1351,OPEN,0.0,5,Long
0xe2c1562bb67f7a529b76e91f7196d63f54ccddaf,BTC,24874.2586,0.1691,BUY,2023-05-24 06:41:00,-0.0459,OPEN,0.0,1,Long
0xb77e6e8c09d1faa2d9fa8746ce75c51abe7252be,SOL,21.6713,0.6056,BUY,2023-05-24 07:51:00,0.0762,OPEN,0.0,20,Long
0x09fceb2336574e225ea891b132998c73f4696abe,OP,1.4843,0.9767,BUY,2023-05-24 12:42:00,0.0381,OPEN,0.0,1,Long
0xb973994ea6148c341bff47f5e9721ff9029420df,BTC,23954.8854,0.1148,SELL,2023-05-24 14:41:00,-0.081,CLOSE,4.14,5,Short
0xdb5102ee19e81b7181b47ffb28758462bdc6a2f6,DOGE,0.0668,1.1146,BUY,2023-05-24 16:39:00,0.3558,CLOSE,-82.85,50,Long
0x5cc6e86a6eb53b1f13feb35d2a7d10c872850f05,MATIC,0.9727,0.0679,SELL,2023-05-24 19:53:00,-0.0224,OPEN,0.0,10,Short
0x6772ce2c78ad77d185e724baf3c73fc855e0c397,LINK,5.9062,0.627,SELL,2023-05-24 22:54:00,0.0891,OPEN,0.0,20,Short
0xeea684c1f340e7d01d339e94e345a318e63f4345,ARB,1.2207,0.1432,BUY,2023-05-25 00:19:00,0.0352,CLOSE,-12.32,20,Long
0x5d4e187b0ea64e520ab88273cce8678ddb6803c8,BNB,221.796,0.7584,BUY,2023-05-25 06:45:00,0.2567,CLOSE,14.72,5,Long
0x2fb4e305fa7f9e99b4f649c36ab6f03349f63204,BTC,25738.0276,1.4671,BUY,2023-05-25 18:07:00,0.5992,CLOSE,-1.51,2,Long
0xeea684c1f340e7d01d339e94e345a318e63f4345,BTC,22696.3289,0.0484,SELL,2023-05-25 20:52:00,0.013,CLOSE,17.97,50,Short
0x14fb2d0de7f331f4ab61b71a9d5c4c8e4ef8c0e5,SOL,21.5574,0.4542,BUY,2023-05-25 21:11:00,-0.2368,CLOSE,11.8,10,Long
0x0285eb8e3dcc5302124dd67b15b3a223cf2bd3b2,LINK,6.0456,0.8352,SELL,2023-05-25 23:33:00,0.468,OPEN,0.0,50,Short
0xd45a1cd4a5790cb05bf8c66c9c2a4154c047bb63,LINK,6.2159,0.7345,SELL,2023-05-26 07:46:00,0.2604,CLOSE,0.85,2,Short
0x525162b29a67219a10418bb3be42f9213b57465d,LINK,6.2584,0.0303,SELL,2023-05-26 08:11:00,-0.0164,OPEN,0.0,2,Short
0x7d320effc2b28f577dcd364c61661834374cb1ee,SOL,18.2582,0.0204,BUY,2023-05-26 09:00:00,0.0116,OPEN,0.0,20,Long
0x987c1d0a09e6109925ce9325a327c9bc34db8d33,BNB,187.5393,1.3,SELL,2023-05-26 10:01:00,-0.0949,CLOSE,0.23,1,Short
0xedbe03d7cf3f6121ea929dfa1841270856f03d2b,OP,1.5052,0.1396,BUY,2023-05-26 10:03:00,-0.0049,OPEN,0.0,1,Long
0x43daceb7e014b2c8f1e1dea64bf293277027181b,AVAX,13.63,0.1483,SELL,2023-05-26 10:08:00,0.1411,CLOSE,17.6,20,Short
0x7968a5f8676e6b77d71e6dadf79e40929b9c9eb0,DOGE,0.0587,0.1561,SELL,2023-05-26 13:53:00,0.0309,CLOSE,-2.71,3,Short
0xb5165416bd5e31205f5eebdb26cd1592ebddca2e,AVAX,13.6053,0.2116,SELL,2023-05-26 19:47:00,-0.0218,OPEN,0.0,3,Short
0xeea684c1f340e7d01d339e94e345a318e63f4345,OP,1.5129,1.5557,SELL,2023-05-26 21:44:00,0.3974,OPEN,0.0,5,Short
0xcfd86a92699b4e78a9d76f77c3658a5933d981e1,OP,1.5505,0.074,SELL,2023-05-26 21:50:00,0.0219,OPEN,0.0,3,Short
0x14fb2d0de7f331f4ab61b71a9d5c4c8e4ef8c0e5,OP,1.5577,0.673,BUY,2023-05-26 21:57:00,-0.0273,OPEN,0.0,5,Long
0x5d4e187b0ea64e520ab88273cce8678ddb6803c8,ARB,1.1891,0.2412,SELL,2023-05-26 23:02:00,-0.0298,CLOSE,-2.24,2,Short
0xa2a2e9a7468bbcd27e0f039d47476b02aac10637,BTC,25603.391,0.0857,BUY,2023-05-27 00:38:00,-0.0025,OPEN,0.0,10,Long
0x4f4a940690ae223310632fab09b9ce1d1115fe6b,ETH,1573.48,1.3526,SELL,2023-05-27 01:10:00,0.0543,OPEN,0.0,20,Short
0x744c9dcc29d0c40a3d305d66bb7cf1e724333f73,ETH,1598.745,0.2899,SELL,2023-05-27 01:18:00,-0.0393,OPEN,0.0,50,Short
0x79734a87ec5efa730c4a5d0ff563bac34e411e6b,DOGE,0.071,0.1149,BUY,2023-05-27 13:35:00,0.0162,CLOSE,-55.19,20,Long
0xe2f5ee794b96897c7d576413e0148b2e8f9fa655,BNB,204.6448,0.0686,SELL,2023-05-27 14:40:00,0.0441,OPEN,0.0,10,Short
0xf547770f567ab48950b47158a6efc236cb73d8c1,MATIC,0.86,0.1754,BUY,2023-05-27 17:59:00,0.0838,OPEN,0.0,20,Long
0x7968a5f8676e6b77d71e6dadf79e40929b9c9eb0,ARB,1.1889,0.2346,SELL,2023-05-27 20:10:00,-0.0718,CLOSE,1.3,50,Short
0x646d2815b93dc22b981b7152e79d208287e60827,BNB,209.7191,1.1357,BUY,2023-05-27 20:46:00,0.827,CLOSE,-2.2,2,Long
0xee391c2f221fd53d6a55604791a2377121504c19,DOGE,0.0708,0.1902,BUY,2023-05-27 21:18:00,0.0093,CLOSE,43.15,20,Long
0xa2a2e9a7468bbcd27e0f039d47476b02aac10637,ARB,1.178,0.0773,SELL,2023-05-28 00:12:00,-0.0125,CLOSE,-3.53,10,Short
0x4379bda828db78e0c9e1b8c145905c0b109af197,BTC,24886.4154,0.5933,SELL,2023-05-28 07:08:00,-0.1224,OPEN,0.0,50,Short
0x987c1d0a09e6109925ce9325a327c9bc34db8d33,MATIC,0.8681,0.31,BUY,2023-05-28 08:01:00,0.0623,CLOSE,1.19,2,Long
0xea061b83a2dc03d04b9b22920149ea6f5465fa27,BNB,219.7321,0.1537,BUY,2023-05-28 08:38:00,0.1694,CLOSE,3.93,2,Long
0x5d4e187b0ea64e520ab88273cce8678ddb6803c8,AVAX,13.7414,0.2034,SELL,2023-05-28 08:53:00,0.0234,OPEN,0.0,1,Short
0x893c0ce1b001bed43dbe9f36ff779cf9df99e513,ARB,1.1683,0.4049,BUY,2023-05-28 11:54:00,0.1574,OPEN,0.0,1,Long
0x4f4a940690ae223310632fab09b9ce1d1115fe6b,OP,1.5957,0.3808,BUY,2023-05-28 16:32:00,0.2948,OPEN,0.0,3,Long
0xa2e1a7b77321268164f1cab8f52cd112cfe0f364,ETH,1516.2497,0.0802,BUY,2023-05-28 20:31:00,-0.0388,CLOSE,-5.16,5,Long
0x75e3bcbec520c0c454921cf1afac79214071ba6e,ARB,1.1255,0.7536,BUY,2023-05-28 23:43:00,-0.4241,CLOSE,-0.61,5,Long
0x4ccba13ed55148644802487bce53eb55921ba0fe,AVAX,13.3118,1.8567,SELL,2023-05-29 01:15:00,-0.285,CLOSE,25.39,20,Short
0x4ccba13ed55148644802487bce53eb55921ba0fe,SOL,19.927,0.0682,BUY,2023-05-29 04:01:00,-0.0105,CLOSE,0.0,1,Long
0x30cf07144e7941c6c51824aa794607d5a2f34311,SOL,20.8765,0.356,BUY,2023-05-29 06:56:00,-0.1764,CLOSE,-0.06,2,Long
0x7d320effc2b28f577dcd364c61661834374cb1ee,SOL,20.0339,0.2245,SELL,2023-05-29 09:42:00,-0.1169,OPEN,0.0,5,Short
0x2d1a95b8825f9bbc7b309def655febd63cc1029d,ETH,1522.837,0.0988,BUY,2023-05-29 13:13:00,-0.0415,CLOSE,29.06,20,Long
0x5f3203e5a82554fb4ff75ee00ec09483e2ae0341,DOGE,0.0677,0.3399,BUY,2023-05-29 14:12:00,-0.1567,OPEN,0.0,2,Long
0xea061b83a2dc03d04b9b22920149ea6f5465fa27,SOL,19.7224,0.2754,SELL,2023-05-29 15:13:00,0.0049,OPEN,0.0,20,Short
0xc61546b61eada8292e6df67fbf85809118265b37,BTC,24218.8625,0.7093,SELL,2023-05-29 16:25:00,-0.0772,OPEN,0.0,5,Short
0xdb5102ee19e81b7181b47ffb28758462bdc6a2f6,ARB,1.013,0.2211,SELL,2023-05-29 16:39:00,0.0057,OPEN,0.0,10,Short
0xb77e6e8c09d1faa2d9fa8746ce75c51abe7252be,ETH,1475.7258,0.2843,BUY,2023-05-29 18:30:00,0.2482,CLOSE,-57.2,50,Long
0xeea684c1f340e7d01d339e94e345a318e63f4345,MATIC,0.8871,0.549,SELL,2023-05-29 20:53:00,-0.1508,OPEN,0.0,2,Short
0x24a05b6a280881d9f48b32588c8c89018988a3b9,OP,1.4528,0.0424,BUY,2023-05-29 23:16:00,-0.0065,OPEN,0.0,20,Long
0x744c9dcc29d0c40a3d305d66bb7cf1e724333f73,LINK,6.3598,0.5388,SELL,2023-05-30 07:33:00,-0.1993,OPEN,0.0,50,Short
0xdb5102ee19e81b7181b47ffb28758462bdc6a2f6,AVAX,13.5681,0.0136,SELL,2023-05-30 08:26:00,-0.0002,CLOSE,-8.74,10,Short
0xdaae4227dfe85b6068adba35a50dd7a2e75f34fe,BTC,25577.6926,0.214,BUY,2023-05-30 12:54:00,-0.0117,CLOSE,3.31,3,Long
0x6262afa887ea89b1b66c12e70d25de9412bdf3dd,ARB,1.17,0.0461,BUY,2023-05-30 14:35:00,0.0087,OPEN,0.0,1,Long
0x47484e135be5cc29287e7165fb9c975996f6a214,AVAX,13.5134,0.623,SELL,2023-05-30 15:17:00,0.0991,OPEN,0.0,5,Short
0xdaae4227dfe85b6068adba35a50dd7a2e75f34fe,AVAX,13.7386,0.7199,BUY,2023-05-30 20:24:00,-0.4224,CLOSE,-1.56,1,Long
0xb5165416bd5e31205f5eebdb26cd1592ebddca2e,ARB,1.2053,0.1869,BUY,2023-05-30 22:28:00,0.0184,CLOSE,10.13,20,Long
0x4ccba13ed55148644802487bce53eb55921ba0fe,ETH,1556.5133,0.1869,BUY,2023-05-31 00:45:00,0.0403,CLOSE,-44.97,20,Long
0xc599099a389d38c5d9c8b5481edbeba0598102b1,BTC,25794.2462,0.296,BUY,2023-05-31 01:23:00,-0.0222,CLOSE,17.56,50,Long
0x26e94b906f96d22acf1132f3c95ef725e7f49365,OP,1.4075,0.9634,SELL,2023-05-31 02:15:00,0.3447,CLOSE,-34.32,50,Short
0xbb4e5487f3cf95039e0674754240ffcd91dcb7b6,ETH,1632.4845,0.0679,SELL,2023-05-31 04:54:00,-0.0561,CLOSE,-3.96,2,Short
0xee391c2f221fd53d6a55604791a2377121504c19,SOL,20.782,0.2474,BUY,2023-05-31 05:48:00,-0.1128,OPEN,0.0,2,Long
0x4939835272851ed4624ebeef2cd55b020d083576,OP,1.4579,0.0771,SELL,2023-05-31 07:51:00,-0.0204,CLOSE,18.39,20,Short
0xeebc475a7fbdf24e9a015d16ca79c7f443e7ab81,AVAX,14.0514,0.5487,SELL,2023-05-31 10:03:00,-0.0923,OPEN,0.0,10,Short
0x9f46469dacc43d56c35b79bae4905b54b673b96f,BTC,24543.2782,0.1033,BUY,2023-05-31 11:54:00,-0.0661,OPEN,0.0,50,Long
0xaa624205b23ee2d620474b557ab013e55b55c926,AVAX,13.88,0.7573,BUY,2023-05-31 12:17:00,-0.3737,CLOSE,-45.51,20,Long
0x4aed548b0ad2ad42d36a65fc9fbb736529027373,BTC,26107.6727,1.213,BUY,2023-05-31 17:08:00,0.1011,OPEN,0.0,10,Long
0x75e3bcbec520c0c454921cf1afac79214071ba6e,LINK,5.8528,1.1066,SELL,2023-05-31 18:27:00,-0.1194,CLOSE,23.76,10,Short
0x5f3203e5a82554fb4ff75ee00ec09483e2ae0341,OP,1.4159,0.0461,SELL,2023-05-31 21:31:00,0.0065,CLOSE,-0.84,2,Short
0x4ccba13ed55148644802487bce53eb55921ba0fe,OP,1.5524,0.3046,BUY,2023-05-31 21:45:00,0.0238,CLOSE,7.34,5,Long
0x37d65217f9a89b91d3d82602fe21b9178f03dce8,BTC,25304.5715,0.176,BUY,2023-05-31 23:59:00,-0.0959,CLOSE,-6.26,5,Long
0x5adebdbe4ffde843c5c0942476dafed98f4081ed,AVAX,13.9182,0.5238,BUY,2023-06-01 00:01:00,-0.1863,CLOSE,-1.34,2,Long
0x0285eb8e3dcc5302124dd67b15b3a223cf2bd3b2,AVAX,14.8253,0.2196,SELL,2023-06-01 00:34:00,-0.0964,CLOSE,6.0,20,Short
0x0e414a03aedcefa5c05276b7aa873350baf6378b,OP,1.5322,1.3905,BUY,2023-06-01 02:53:00,-0.2246,OPEN,0.0,5,Long
0x0af6790523dd0af40c1c3a03a4c1a0df6067eba2,ARB,1.1564,1.287,BUY,2023-06-01 03:13:00,0.4669,OPEN,0.0,1,Long
0xeebc475a7fbdf24e9a015d16ca79c7f443e7ab81,MATIC,0.8629,0.0158,BUY,2023-06-01 04:34:00,-0.0059,CLOSE,-6.87,10,Long
0xb77e6e8c09d1faa2d9fa8746ce75c51abe7252be,SOL,19.4073,0.5513,BUY,2023-06-01 14:04:00,-0.0516,OPEN,0.0,10,Long
0x47484e135be5cc29287e7165fb9c975996f6a214,ETH,1567.9904,0.4012,SELL,2023-06-01 14:51:00,-0.117,OPEN,0.0,1,Short
0x0285eb8e3dcc5302124dd67b15b3a223cf2bd3b2,OP,1.4844,0.9418,SELL,2023-06-01 20:12:00,-0.2322,CLOSE,-1.14,1,Short
0x75e3bcbec520c0c454921cf1afac79214071ba6e,ARB,1.1954,0.1874,BUY,2023-06-01 23:25:00,0.2225,CLOSE,-0.36,1,Long
0xcfd86a92699b4e78a9d76f77c3658a5933d981e1,BTC,24772.6749,0.3592,BUY,2023-06-02 04:21:00,-0.174,CLOSE,7.36,2,Long
0xb4d87bd4dc83166db001549b0f7dd10ed8172a97,MATIC,0.884,0.3239,BUY,2023-06-02 16:18:00,0.0314,OPEN,0.0,3,Long
0xaa624205b23ee2d620474b557ab013e55b55c926,LINK,5.974,0.8316,SELL,2023-06-02 17:04:00,-0.2611,CLOSE,36.42,10,Short
0x14fb2d0de7f331f4ab61b71a9d5c4c8e4ef8c0e5,LINK,5.7126,0.5987,BUY,2023-06-02 18:36:00,0.0032,CLOSE,47.26,50,Long
0x6772ce2c78ad77d185e724baf3c73fc855e0c397,MATIC,0.8968,2.1429,BUY,2023-06-03 01:03:00,-0.3591,OPEN,0.0,5,Long
0x744cb7ef9bc0528b331a9c8cbdd555eeda37cf0e,SOL,20.0803,0.3711,SELL,2023-06-03 01:54:00,-0.1851,CLOSE,4.66,1,Short
0xdb5102ee19e81b7181b47ffb28758462bdc6a2f6,SOL,20.3588,0.2227,BUY,2023-06-03 02:24:00,-0.0825,OPEN,0.0,2,Long
0x0e414a03aedcefa5c05276b7aa873350baf6378b,BTC,26017.2327,0.6801,BUY,2023-06-03 03:01:00,-0.1655,CLOSE,0.16,2,Long
0x0285eb8e3dcc5302124dd67b15b3a223cf2bd3b2,ARB,1.1243,2.0728,SELL,2023-06-03 03:17:00,0.9644,OPEN,0.0,5,Short
0x2d1a95b8825f9bbc7b309def655febd63cc1029d,OP,1.5682,0.794,BUY,2023-06-03 03:32:00,-0.064,CLOSE,56.89,20,Long
0x78af6c0c766c104d1e512e617f991e02976ce472,ARB,1.2603,0.1644,BUY,2023-06-03 07:27:00,0.2521,OPEN,0.0,20,Long
0xeea684c1f340e7d01d339e94e345a318e63f4345,DOGE,0.0668,0.7625,SELL,2023-06-03 08:55:00,0.8033,CLOSE,-20.62,20,Short
0xd45a1cd4a5790cb05bf8c66c9c2a4154c047bb63,BNB,205.1926,0.1242,BUY,2023-06-03 12:30:00,-0.0099,CLOSE,-2.72,1,Long
0xdaae4227dfe85b6068adba35a50dd7a2e75f34fe,SOL,19.3735,0.5933,SELL,2023-06-03 16:23:00,0.3042,OPEN,0.0,1,Short
0xb4d87bd4dc83166db001549b0f7dd10ed8172a97,ETH,1521.8929,0.7625,SELL,2023-06-04 00:32:00,0.841,CLOSE,-21.97,10,Short
0xb2ad781ab883a8f93650bcd708f6c9529a07f690,OP,1.5818,0.2327,SELL,2023-06-04 01:24:00,-0.0068,CLOSE,1.03,2,Short
0xe2f5ee794b96897c7d576413e0148b2e8f9fa655,AVAX,14.0008,0.8012,SELL,2023-06-04 02:08:00,-0.3273,CLOSE,-12.92,50,Short
0x2fb4e305fa7f9e99b4f649c36ab6f03349f63204,SOL,19.925,0.6031,BUY,2023-06-04 02:26:00,0.147,OPEN,0.0,1,Long
0x30cf07144e7941c6c51824aa794607d5a2f34311,LINK,6.4856,0.2904,SELL,2023-06-04 03:13:00,-0.0442,CLOSE,6.22,5,Short
0xf547770f567ab48950b47158a6efc236cb73d8c1,AVAX,12.6143,0.4792,SELL,2023-06-04 04:00:00,-0.0991,CLOSE,-12.2,50,Short
0x2e380d92bab460b09297a542e4b0198e2c87e43c,DOGE,0.0719,0.4102,SELL,2023-06-04 07:32:00,0.2222,CLOSE,-5.08,20,Short
0x4379bda828db78e0c9e1b8c145905c0b109af197,ETH,1608.4223,0.4971,BUY,2023-06-04 07:36:00,0.0374,CLOSE,9.7,10,Long
0x78af6c0c766c104d1e512e617f991e02976ce472,LINK,5.7107,0.484,BUY,2023-06-04 07:42:00,-0.0124,OPEN,0.0,1,Long
0x5d4e187b0ea64e520ab88273cce8678ddb6803c8,BTC,25544.4849,1.0073,BUY,2023-06-04 07:59:00,0.2321,OPEN,0.0,3,Long
0x925c717311ca9170b4ac3e9b636d21179e3359dd,BTC,25135.4978,0.4559,BUY,2023-06-04 08:36:00,-0.2878,OPEN,0.0,1,Long
0xbdd2a8dc587fa386779f90becc9694c9586d3ce5,BTC,22339.0824,0.0983,SELL,2023-06-04 09:32:00,-0.1015,CLOSE,-1.27,1,Short
0x4ccba13ed55148644802487bce53eb55921ba0fe,ARB,1.1642,0.2197,SELL,2023-06-04 09:50:00,0.0033,CLOSE,-0.26,1,Short
0x30cf07144e7941c6c51824aa794607d5a2f34311,AVAX,13.2501,0.234,SELL,2023-06-04 10:58:00,-0.122,OPEN,0.0,2,Short
0x3be2f0013aec35a8fd588a7ee15b7c917e04dd75,SOL,20.195,0.1152,SELL,2023-06-04 14:49:00,-0.0341,CLOSE,-1.06,3,Short
0x2d1a95b8825f9bbc7b309def655febd63cc1029d,ARB,1.163,0.1101,SELL,2023-06-04 14:56:00,0.0158,OPEN,0.0,3,Short
0x7d320effc2b28f577dcd364c61661834374cb1ee,SOL,19.57,0.3486,BUY,2023-06-04 16:00:00,-0.0615,CLOSE,5.04,2,Long
0xebf28c699b1e7f2ad3e31316d86da0df789a475b,ARB,1.1579,0.9044,BUY,2023-06-04 21:40:00,0.3416,OPEN,0.0,3,Long
0xb4d87bd4dc83166db001549b0f7dd10ed8172a97,ETH,1576.0129,1.5225,SELL,2023-06-04 22:38:00,0.1994,OPEN,0.0,5,Short
0x893c0ce1b001bed43dbe9f36ff779cf9df99e513,MATIC,0.864,0.1,BUY,2023-06-05 00:47:00,0.0581,CLOSE,-28.73,20,Long
0xb5165416bd5e31205f5eebdb26cd1592ebddca2e,MATIC,0.9047,0.9982,BUY,2023-06-05 01:41:00,1.0192,CLOSE,-3.25,10,Long
0x3be2f0013aec35a8fd588a7ee15b7c917e04dd75,AVAX,14.1294,0.6695,BUY,2023-06-05 02:13:00,0.2034,OPEN,0.0,50,Long
0xc4dea9884019946f0c0617e568292cdd487b5de4,MATIC,0.9452,0.0835,SELL,2023-06-05 04:00:00,0.0237,CLOSE,6.27,3,Short
0xf547770f567ab48950b47158a6efc236cb73d8c1,MATIC,0.9473,0.1637,BUY,2023-06-05 06:30:00,0.0266,CLOSE,-5.47,1,Long
0x8528643b6c996c090947e88b00fe1763200c3698,BNB,207.1338,0.1676,SELL,2023-06-05 07:13:00,-0.0652,OPEN,0.0,5,Short
0x453dd2d9eed5ff86eb409796ee5f1e1d285c33d4,MATIC,0.9238,0.5521,SELL,2023-06-05 07:59:00,0.2364,CLOSE,-0.57,2,Short
0xe2c1562bb67f7a529b76e91f7196d63f54ccddaf,ETH,1620.1045,0.9633,SELL,2023-06-05 12:03:00,-0.0007,CLOSE,5.27,20,Short
0x1df10b04fc8b7bb56232fbf467593f3d4db7f636,ARB,1.2278,0.0388,BUY,2023-06-05 12:58:00,0.0272,CLOSE,2.95,5,Long
0x0e414a03aedcefa5c05276b7aa873350baf6378b,ARB,1.2877,0.1201,SELL,2023-06-05 19:57:00,-0.1401,CLOSE,4.76,20,Short
0xb973994ea6148c341bff47f5e9721ff9029420df,BTC,24696.5893,0.3258,BUY,2023-06-05 21:47:00,0.02,CLOSE,-0.28,1,Long
0x4aed548b0ad2ad42d36a65fc9fbb736529027373,AVAX,14.0682,0.2217,BUY,2023-06-05 22:55:00,-0.0288,CLOSE,19.75,10,Long
0x6121a1650753afb98b8a066940907804424fc225,SOL,20.1596,0.6867,BUY,2023-06-06 01:34:00,0.1962,CLOSE,19.17,20,Long
0x23be95267b9414f864c908abccf5f987e42ce22c,MATIC,0.9297,0.0697,BUY,2023-06-06 03:21:00,-0.0135,OPEN,0.0,50,Long
0x24a05b6a280881d9f48b32588c8c89018988a3b9,MATIC,0.9255,0.3243,SELL,2023-06-06 03:58:00,0.0507,OPEN,0.0,50,Short
0xd45a1cd4a5790cb05bf8c66c9c2a4154c047bb63,MATIC,0.8849,0.5092,BUY,2023-06-06 04:25:00,-0.2064,CLOSE,-17.78,10,Long
0xedbe03d7cf3f6121ea929dfa1841270856f03d2b,AVAX,13.2395,0.7042,SELL,2023-06-06 04:53:00,0.1766,OPEN,0.0,3,Short
0x9f46469dacc43d56c35b79bae4905b54b673b96f,LINK,5.9331,1.4814,BUY,2023-06-06 06:37:00,0.2089,CLOSE,-2.75,2,Long
0xf547770f567ab48950b47158a6efc236cb73d8c1,AVAX,15.9206,0.6708,BUY,2023-06-06 06:40:00,-0.5549,CLOSE,21.31,20,Long
0xc61546b61eada8292e6df67fbf85809118265b37,BNB,216.2173,0.8067,SELL,2023-06-06 12:00:00,-0.8617,CLOSE,-2.73,5,Short
0xe2c1562bb67f7a529b76e91f7196d63f54ccddaf,BNB,194.8211,1.0248,SELL,2023-06-06 15:35:00,-0.4325,CLOSE,27.41,50,Short
0xb5165416bd5e31205f5eebdb26cd1592ebddca2e,ARB,1.1375,0.6551,SELL,2023-06-06 16:02:00,0.4186,OPEN,0.0,1,Short
0xb429f0db71443a6dc3b6dd7fc8a7ccec4aa6dfca,MATIC,0.9088,0.299,BUY,2023-06-06 19:05:00,0.0804,OPEN,0.0,20,Long
0xc87fa1c370a4cdce8a3de02aecd8246696f21820,ARB,1.2306,0.1364,SELL,2023-06-06 21:52:00,-0.042,OPEN,0.0,5,Short
0x744c9dcc29d0c40a3d305d66bb7cf1e724333f73,LINK,5.7647,0.2322,BUY,2023-06-06 23:41:00,0.0171,OPEN,0.0,50,Long
0xb2ad781ab883a8f93650bcd708f6c9529a07f690,DOGE,0.0635,0.6293,SELL,2023-06-07 04:13:00,-0.2886,CLOSE,11.11,5,Short
0x79734a87ec5efa730c4a5d0ff563bac34e411e6b,BTC,24460.311,0.2136,BUY,2023-06-07 12:42:00,-0.1423,CLOSE,5.05,2,Long
0xb973994ea6148c341bff47f5e9721ff9029420df,SOL,18.7969,0.7484,BUY,2023-06-07 13:43:00,-0.1171,CLOSE,0.2,2,Long
0x0328d5d04ef6b199bde888fc75394a7e49cbb2e3,OP,1.4824,0.1243,SELL,2023-06-07 14:03:00,-0.1669,OPEN,0.0,20,Short
0x9f46469dacc43d56c35b79bae4905b54b673b96f,BTC,24100.6595,0.3528,SELL,2023-06-07 14:23:00,-0.1103,CLOSE,-2.45,5,Short
0x2fb4e305fa7f9e99b4f649c36ab6f03349f63204,BNB,212.0729,0.5731,SELL,2023-06-07 15:57:00,-0.6377,OPEN,0.0,5,Short
0x1d186cb24f764ddad17b04d51d4a66b0c92ad716,ETH,1563.2943,0.3118,BUY,2023-06-07 18:48:00,0.0302,OPEN,0.0,50,Long
0xe2c1562bb67f7a529b76e91f7196d63f54ccddaf,LINK,6.0093,0.5433,SELL,2023-06-07 19:28:00,0.123,CLOSE,-0.43,1,Short
0x5cc6e86a6eb53b1f13feb35d2a7d10c872850f05,MATIC,0.8878,0.2261,SELL,2023-06-07 21:28:00,-0.0753,OPEN,0.0,50,Short
0xe921971dbc1ec5636c7872b4ccfded69e5a45abe,MATIC,0.9425,0.5708,BUY,2023-06-08 02:32:00,-0.2822,CLOSE,-17.63,20,Long
0x525162b29a67219a10418bb3be42f9213b57465d,BTC,24849.3737,0.5827,BUY,2023-06-08 03:54:00,-0.4042,OPEN,0.0,5,Long
0x453dd2d9eed5ff86eb409796ee5f1e1d285c33d4,DOGE,0.0716,1.4604,SELL,2023-06-08 06:02:00,-0.6029,CLOSE,-6.51,3,Short
0x6ae91f9044b365bc545fbaefecc120afb3f0e0b8,OP,1.3467,0.499,BUY,2023-06-08 07:14:00,0.1917,OPEN,0.0,1,Long
0x925c717311ca9170b4ac3e9b636d21179e3359dd,DOGE,0.072,0.0211,BUY,2023-06-08 08:05:00,-0.0073,CLOSE,-2.35,1,Long
0x5d4e187b0ea64e520ab88273cce8678ddb6803c8,BTC,22964.6824,0.0562,SELL,2023-06-08 10:41:00,-0.0497,CLOSE,-1.63,2,Short
0xf547770f567ab48950b47158a6efc236cb73d8c1,DOGE,0.0625,0.5677,SELL,2023-06-09 02:00:00,0.0637,OPEN,0.0,20,Short
0x0f2f77b9475059e62105e77b8d130a7cd6f85ea9,BNB,193.7817,0.0246,BUY,2023-06-09 02:16:00,0.0142,OPEN,0.0,5,Long
0x6ae91f9044b365bc545fbaefecc120afb3f0e0b8,AVAX,14.762,0.0508,BUY,2023-06-09 05:33:00,0.0053,OPEN,0.0,5,Long
0xdaae4227dfe85b6068adba35a50dd7a2e75f34fe,BNB,223.1481,0.2014,BUY,2023-06-09 08:44:00,-0.0061,CLOSE,12.58,5,Long
0xdaae4227dfe85b6068adba35a50dd7a2e75f34fe,SOL,19.8957,0.3265,BUY,2023-06-09 12:43:00,-0.1036,CLOSE,1.5,3,Long
0x30cf07144e7941c6c51824aa794607d5a2f34311,AVAX,14.0789,0.8989,SELL,2023-06-09 13:26:00,-0.3676,CLOSE,3.81,10,Short
0x5a1966353c437c4a9bafc506875acdf42fc8ff65,ETH,1601.346,0.3013,SELL,2023-06-09 17:52:00,0.1807,OPEN,0.0,2,Short
0xc61546b61eada8292e6df67fbf85809118265b37,MATIC,0.9156,1.7603,BUY,2023-06-09 19:57:00,-1.3694,OPEN,0.0,1,Long
0xdb5102ee19e81b7181b47ffb28758462bdc6a2f6,SOL,20.6675,0.5568,SELL,2023-06-09 22:24:00,0.1141,CLOSE,-0.77,2,Short
0xdaae4227dfe85b6068adba35a50dd7a2e75f34fe,LINK,5.466,0.3393,SELL,2023-06-09 23:07:00,0.1805,CLOSE,-25.53,20,Short
0x5cc6e86a6eb53b1f13feb35d2a7d10c872850f05,LINK,6.0719,0.8864,SELL,2023-06-10 01:08:00,0.4006,OPEN,0.0,1,Short
0xc599099a389d38c5d9c8b5481edbeba0598102b1,SOL,19.7297,0.6848,SELL,2023-06-10 03:05:00,-0.2957,CLOSE,0.11,3,Short
0xd45a1cd4a5790cb05bf8c66c9c2a4154c047bb63,SOL,20.496,0.9674,SELL,2023-06-10 03:55:00,-0.0262,OPEN,0.0,20,Short
0x6121a1650753afb98b8a066940907804424fc225,OP,1.4897,0.4703,SELL,2023-06-10 03:59:00,-0.0302,OPEN,0.0,50,Short
0x7d320effc2b28f577dcd364c61661834374cb1ee,LINK,6.3127,1.5419,SELL,2023-06-10 05:39:00,0.1799,OPEN,0.0,10,Short
0x43daceb7e014b2c8f1e1dea64bf293277027181b,OP,1.6296,0.2543,BUY,2023-06-10 07:26:00,-0.0597,CLOSE,6.12,5,Long
0x1d186cb24f764ddad17b04d51d4a66b0c92ad716,ARB,1.1568,0.5453,BUY,2023-06-10 07:59:00,-0.1522,OPEN,0.0,2,Long
0x5adebdbe4ffde843c5c0942476dafed98f4081ed,ETH,1446.1783,0.2374,BUY,2023-06-10 08:08:00,0.0856,CLOSE,3.7,5,Long
0x78af6c0c766c104d1e512e617f991e02976ce472,ETH,1772.6171,1.3205,SELL,2023-06-10 10:12:00,0.0149,CLOSE,8.14,5,Short
0x5f3203e5a82554fb4ff75ee00ec09483e2ae0341,ETH,1669.5685,0.602,SELL,2023-06-10 10:41:00,0.408,OPEN,0.0,2,Short
0x6121a1650753afb98b8a066940907804424fc225,SOL,21.6723,0.1376,BUY,2023-06-10 11:25:00,-0.0098,CLOSE,-6.56,2,Long
0xc87fa1c370a4cdce8a3de02aecd8246696f21820,AVAX,13.3376,0.2456,BUY,2023-06-10 12:13:00,-0.1938,CLOSE,4.1,1,Long
0x0f2f77b9475059e62105e77b8d130a7cd6f85ea9,MATIC,0.8792,0.8105,BUY,2023-06-10 12:36:00,-0.4876,CLOSE,-99.2,50,Long
0x14fb2d0de7f331f4ab61b71a9d5c4c8e4ef8c0e5,BNB,202.3035,0.1387,BUY,2023-06-10 16:20:00,0.0371,CLOSE,125.9,50,Long
0x744cb7ef9bc0528b331a9c8cbdd555eeda37cf0e,BTC,25108.3721,0.6603,BUY,2023-06-10 16:45:00,0.0254,OPEN,0.0,50,Long
0x30cf07144e7941c6c51824aa794607d5a2f34311,LINK,6.2307,0.0141,BUY,2023-06-10 23:25:00,-0.0056,OPEN,0.0,2,Long
0x37d65217f9a89b91d3d82602fe21b9178f03dce8,LINK,5.9943,0.1871,BUY,2023-06-11 02:16:00,-0.049,CLOSE,0.75,1,Long
0xcfd86a92699b4e78a9d76f77c3658a5933d981e1,BTC,24650.5396,0.6371,BUY,2023-06-11 02:19:00,0.0729,CLOSE,-3.62,1,Long
0x6262afa887ea89b1b66c12e70d25de9412bdf3dd,DOGE,0.0756,1.079,SELL,2023-06-11 02:56:00,0.1217,OPEN,0.0,2,Short
0x7968a5f8676e6b77d71e6dadf79e40929b9c9eb0,DOGE,0.0739,0.1127,BUY,2023-06-11 03:03:00,-0.0248,CLOSE,25.0,50,Long
0x9f46469dacc43d56c35b79bae4905b54b673b96f,ARB,1.1891,1.2044,SELL,2023-06-11 07:54:00,0.1693,OPEN,0.0,20,Short
0xf547770f567ab48950b47158a6efc236cb73d8c1,BTC,25262.5104,0.2778,SELL,2023-06-11 08:44:00,0.0854,CLOSE,-1.19,2,Short
0x0af6790523dd0af40c1c3a03a4c1a0df6067eba2,MATIC,0.9312,0.045,SELL,2023-06-11 21:51:00,0.0085,OPEN,0.0,50,Short
0xb429f0db71443a6dc3b6dd7fc8a7ccec4aa6dfca,DOGE,0.0731,0.0485,SELL,2023-06-11 22:11:00,0.0183,CLOSE,-3.16,2,Short
0xedbe03d7cf3f6121ea929dfa1841270856f03d2b,OP,1.5124,1.3753,SELL,2023-06-11 23:24:00,-0.9503,CLOSE,1.38,2,Short
0x78af6c0c766c104d1e512e617f991e02976ce472,OP,1.3471,0.0937,SELL,2023-06-11 23:31:00,0.0812,CLOSE,9.13,2,Short
0x987c1d0a09e6109925ce9325a327c9bc34db8d33,OP,1.562,0.2379,BUY,2023-06-12 01:36:00,0.0125,OPEN,0.0,20,Long
0x744c9dcc29d0c40a3d305d66bb7cf1e724333f73,ARB,1.1421,1.3445,SELL,2023-06-12 04:25:00,0.5132,OPEN,0.0,2,Short
0xee391c2f221fd53d6a55604791a2377121504c19,DOGE,0.0718,0.6078,BUY,2023-06-12 04:46:00,0.3065,OPEN,0.0,2,Long
0xb77e6e8c09d1faa2d9fa8746ce75c51abe7252be,BNB,198.7031,0.4838,BUY,2023-06-12 06:59:00,0.4057,OPEN,0.0,10,Long
0xbb4e5487f3cf95039e0674754240ffcd91dcb7b6,AVAX,14.2333,0.5126,SELL,2023-06-12 07:24:00,0.1408,OPEN,0.0,2,Short
0x646d2815b93dc22b981b7152e79d208287e60827,LINK,5.6212,0.4021,BUY,2023-06-12 14:15:00,0.1362,OPEN,0.0,5,Long
0x7d320effc2b28f577dcd364c61661834374cb1ee,ETH,1561.8095,1.4811,BUY,2023-06-12 15:28:00,-0.532,CLOSE,-0.65,2,Long
0x5adebdbe4ffde843c5c0942476dafed98f4081ed,BNB,207.0326,0.4289,SELL,2023-06-12 15:29:00,0.0349,OPEN,0.0,5,Short
0x453dd2d9eed5ff86eb409796ee5f1e1d285c33d4,ARB,1.2556,0.3927,BUY,2023-06-12 15:49:00,-0.2547,CLOSE,-2.97,1,Long
0x646d2815b93dc22b981b7152e79d208287e60827,SOL,20.7784,0.3548,BUY,2023-06-12 18:08:00,-0.0978,OPEN,0.0,1,Long
0xd070b332429151e576014d456b91028526f824b6,ETH,1557.7779,0.375,BUY,2023-06-12 19:38:00,0.1446,CLOSE,3.73,5,Long
0x43daceb7e014b2c8f1e1dea64bf293277027181b,BNB,225.2861,0.7715,BUY,2023-06-12 20:50:00,0.2897,CLOSE,4.04,3,Long
0x6262afa887ea89b1b66c12e70d25de9412bdf3dd,ARB,1.1233,0.6045,SELL,2023-06-12 22:24:00,-0.4968,CLOSE,-37.66,20,Short
0xf547770f567ab48950b47158a6efc236cb73d8c1,SOL,18.3786,0.6036,BUY,2023-06-13 04:48:00,0.1309,CLOSE,5.71,2,Long
0x925c717311ca9170b4ac3e9b636d21179e3359dd,AVAX,13.429,0.0753,SELL,2023-06-13 06:22:00,-0.0367,OPEN,0.0,20,Short
0x9c453737aa43460414e9164eba11d3f5579cf2f1,AVAX,13.559,0.2773,BUY,2023-06-13 08:36:00,-0.1018,CLOSE,-0.01,3,Long
0xdaae4227dfe85b6068adba35a50dd7a2e75f34fe,BNB,203.9318,0.3572,SELL,2023-06-13 11:52:00,-0.2208,OPEN,0.0,3,Short
0xd070b332429151e576014d456b91028526f824b6,BNB,218.2255,0.5654,SELL,2023-06-13 12:23:00,0.2738,OPEN,0.0,1,Short
0xeea684c1f340e7d01d339e94e345a318e63f4345,SOL,19.2209,0.4324,SELL,2023-06-13 14:42:00,-0.0745,OPEN,0.0,2,Short
0xedbe03d7cf3f6121ea929dfa1841270856f03d2b,SOL,20.7613,0.8845,SELL,2023-06-13 15:27:00,-0.5068,OPEN,0.0,3,Short
0x893c0ce1b001bed43dbe9f36ff779cf9df99e513,ETH,1644.6901,0.054,SELL,2023-06-13 16:30:00,-0.0708,OPEN,0.0,1,Short
0x646d2815b93dc22b981b7152e79d208287e60827,ETH,1656.4985,0.127,SELL,2023-06-13 18:15:00,0.0145,CLOSE,-21.51,20,Short
0x6ae91f9044b365bc545fbaefecc120afb3f0e0b8,BNB,207.7041,0.1031,SELL,2023-06-13 19:06:00,-0.0844,CLOSE,16.96,50,Short
0x78af6c0c766c104d1e512e617f991e02976ce472,DOGE,0.0729,0.3375,SELL,2023-06-13 19:13:00,-0.003,OPEN,0.0,10,Short
0x7d320effc2b28f577dcd364c61661834374cb1ee,AVAX,13.8562,0.4113,SELL,2023-06-13 20:02:00,-0.1305,CLOSE,69.52,50,Short
0xa2a2e9a7468bbcd27e0f039d47476b02aac10637,BNB,223.4752,0.6641,BUY,2023-06-13 22:01:00,-0.0344,OPEN,0.0,20,Long
0xebf28c699b1e7f2ad3e31316d86da0df789a475b,OP,1.5327,0.0369,BUY,2023-06-14 04:28:00,0.0156,CLOSE,3.42,3,Long
0x2d1a95b8825f9bbc7b309def655febd63cc1029d,LINK,6.5058,0.9034,BUY,2023-06-14 04:38:00,-0.101,CLOSE,-3.34,3,Long
0xdaae4227dfe85b6068adba35a50dd7a2e75f34fe,OP,1.5228,2.142,SELL,2023-06-14 04:46:00,-0.555,CLOSE,13.75,5,Short
0xee391c2f221fd53d6a55604791a2377121504c19,DOGE,0.07,0.3509,BUY,2023-06-14 07:32:00,-0.14,CLOSE,-6.91,2,Long
0x9c453737aa43460414e9164eba11d3f5579cf2f1,DOGE,0.0672,0.5029,BUY,2023-06-14 14:14:00,0.0086,CLOSE,3.27,2,Long
0x4939835272851ed4624ebeef2cd55b020d083576,MATIC,0.869,0.2798,BUY,2023-06-14 14:35:00,0.1104,CLOSE,19.53,10,Long
0x3be2f0013aec35a8fd588a7ee15b7c917e04dd75,MATIC,0.814,0.0492,BUY,2023-06-14 17:47:00,0.043,OPEN,0.0,2,Long
0x09fceb2336574e225ea891b132998c73f4696abe,DOGE,0.0696,0.9257,SELL,2023-06-14 22:23:00,0.2303,CLOSE,2.46,2,Short
0x6262afa887ea89b1b66c12e70d25de9412bdf3dd,LINK,6.2738,0.1592,SELL,2023-06-14 23:13:00,0.0336,OPEN,0.0,1,Short
0x6ae91f9044b365bc545fbaefecc120afb3f0e0b8,MATIC,0.9529,0.0457,BUY,2023-06-15 00:41:00,-0.0095,CLOSE,4.53,3,Long
0xd45a1cd4a5790cb05bf8c66c9c2a4154c047bb63,BTC,24955.3029,0.8692,BUY,2023-06-15 01:09:00,-0.1235,CLOSE,4.91,20,Long
0x79734a87ec5efa730c4a5d0ff563bac34e411e6b,AVAX,13.962,0.7503,SELL,2023-06-15 03:25:00,0.4461,OPEN,0.0,10,Short
0xedbe03d7cf3f6121ea929dfa1841270856f03d2b,DOGE,0.0685,0.5416,BUY,2023-06-15 10:30:00,0.2613,OPEN,0.0,1,Long
0xa2e1a7b77321268164f1cab8f52cd112cfe0f364,BTC,26230.9184,0.0733,SELL,2023-06-15 10:37:00,0.0153,CLOSE,0.79,3,Short
0xb77e6e8c09d1faa2d9fa8746ce75c51abe7252be,ARB,1.2772,1.6196,BUY,2023-06-15 13:11:00,0.2578,OPEN,0.0,50,Long
0xee391c2f221fd53d6a55604791a2377121504c19,SOL,19.3752,0.0156,BUY,2023-06-15 13:13:00,0.0061,CLOSE,-2.14,1,Long
0x47484e135be5cc29287e7165fb9c975996f6a214,MATIC,0.8746,0.5414,SELL,2023-06-15 14:01:00,-0.0602,OPEN,0.0,5,Short
0xdaae4227dfe85b6068adba35a50dd7a2e75f34fe,SOL,20.1016,1.3553,BUY,2023-06-15 14:13:00,-0.4741,CLOSE,-0.64,2,Long
0xbdd2a8dc587fa386779f90becc9694c9586d3ce5,OP,1.3627,1.0534,BUY,2023-06-15 18:37:00,-0.647,CLOSE,1.36,20,Long
0x925c717311ca9170b4ac3e9b636d21179e3359dd,DOGE,0.0685,0.1966,BUY,2023-06-15 22:31:00,-0.2043,OPEN,0.0,10,Long
0xdb5102ee19e81b7181b47ffb28758462bdc6a2f6,ETH,1552.0558,0.8485,SELL,2023-06-15 22:57:00,-0.2019,OPEN,0.0,1,Short
0xee391c2f221fd53d6a55604791a2377121504c19,AVAX,14.164,0.9638,BUY,2023-06-16 00:02:00,0.7609,CLOSE,5.56,5,Long
0x5adebdbe4ffde843c5c0942476dafed98f4081ed,MATIC,0.8421,0.6048,SELL,2023-06-16 03:02:00,-0.4886,OPEN,0.0,50,Short
0x0af6790523dd0af40c1c3a03a4c1a0df6067eba2,ARB,1.1283,0.6328,BUY,2023-06-16 07:04:00,0.0904,OPEN,0.0,20,Long
0x5cc6e86a6eb53b1f13feb35d2a7d10c872850f05,DOGE,0.0706,0.4629,BUY,2023-06-16 07:29:00,0.1405,OPEN,0.0,10,Long
0xeebc475a7fbdf24e9a015d16ca79c7f443e7ab81,ARB,1.2708,0.7371,SELL,2023-06-16 08:17:00,0.2082,CLOSE,-8.78,10,Short
0xbb4e5487f3cf95039e0674754240ffcd91dcb7b6,ETH,1537.2719,0.1895,BUY,2023-06-16 09:26:00,-0.1576,OPEN,0.0,2,Long
0xe921971dbc1ec5636c7872b4ccfded69e5a45abe,ARB,1.2607,0.091,SELL,2023-06-16 09:29:00,0.1606,CLOSE,0.56,1,Short
0x8528643b6c996c090947e88b00fe1763200c3698,ARB,1.1402,0.1094,BUY,2023-06-16 11:37:00,0.0669,OPEN,0.0,2,Long
0xbdd2a8dc587fa386779f90becc9694c9586d3ce5,LINK,6.3159,1.3011,BUY,2023-06-16 15:11:00,0.7345,OPEN,0.0,20,Long
0xea061b83a2dc03d04b9b22920149ea6f5465fa27,BNB,220.4413,0.0788,BUY,2023-06-16 15:44:00,0.0014,CLOSE,1.24,3,Long
0x8528643b6c996c090947e88b00fe1763200c3698,ARB,1.2241,1.0568,SELL,2023-06-16 21:32:00,0.5482,OPEN,0.0,3,Short
0x26e94b906f96d22acf1132f3c95ef725e7f49365,AVAX,14.2642,0.0499,BUY,2023-06-16 23:50:00,-0.0051,CLOSE,3.27,1,Long
0xc87fa1c370a4cdce8a3de02aecd8246696f21820,LINK,5.6976,0.394,SELL,2023-06-17 04:30:00,0.25,OPEN,0.0,1,Short
0x5adebdbe4ffde843c5c0942476dafed98f4081ed,ARB,1.2583,0.6471,SELL,2023-06-17 06:20:00,0.1435,CLOSE,-2.44,3,Short
0x0328d5d04ef6b199bde888fc75394a7e49cbb2e3,OP,1.4224,1.1394,BUY,2023-06-17 06:38:00,-0.5069,CLOSE,-1.82,1,Long
0xb429f0db71443a6dc3b6dd7fc8a7ccec4aa6dfca,MATIC,0.8468,0.0916,SELL,2023-06-17 08:25:00,-0.0079,CLOSE,2.75,2,Short
0xf547770f567ab48950b47158a6efc236cb73d8c1,BTC,27198.2756,0.9143,BUY,2023-06-17 10:35:00,0.1652,CLOSE,38.83,50,Long
0x6772ce2c78ad77d185e724baf3c73fc855e0c397,ARB,1.1069,0.0235,BUY,2023-06-17 11:02:00,0.0078,CLOSE,1.59,1,Long
0x1d186cb24f764ddad17b04d51d4a66b0c92ad716,ETH,1559.5323,0.2505,BUY,2023-06-17 13:04:00,-0.1967,OPEN,0.0,50,Long
0x14fb2d0de7f331f4ab61b71a9d5c4c8e4ef8c0e5,DOGE,0.074,0.1007,BUY,2023-06-17 15:07:00,0.0721,CLOSE,-0.27,1,Long
0xbdd2a8dc587fa386779f90becc9694c9586d3ce5,SOL,20.9809,0.3749,BUY,2023-06-17 16:37:00,-0.1391,CLOSE,-2.38,1,Long
0xbdd2a8dc587fa386779f90becc9694c9586d3ce5,ARB,1.2012,0.3421,SELL,2023-06-17 18:34:00,0.0696,OPEN,0.0,2,Short
0x5f3203e5a82554fb4ff75ee00ec09483e2ae0341,LINK,6.1,0.385,BUY,2023-06-17 19:50:00,0.0327,CLOSE,-1.12,1,Long
0xee391c2f221fd53d6a55604791a2377121504c19,OP,1.5484,0.5606,SELL,2023-06-18 04:02:00,0.2067,CLOSE,0.65,1,Short
0x26e94b906f96d22acf1132f3c95ef725e7f49365,MATIC,0.9684,0.0634,SELL,2023-06-18 05:06:00,-0.0157,CLOSE,-9.14,5,Short
0x2d1a95b8825f9bbc7b309def655febd63cc1029d,ARB,1.2245,0.8758,BUY,2023-06-18 08:19:00,0.1982,CLOSE,5.04,20,Long
0xc87fa1c370a4cdce8a3de02aecd8246696f21820,SOL,18.3647,1.1008,BUY,2023-06-18 10:01:00,-0.5056,CLOSE,-1.28,10,Long
0xb4d87bd4dc83166db001549b0f7dd10ed8172a97,LINK,5.7642,0.0559,BUY,2023-06-18 12:36:00,-0.0372,CLOSE,5.49,20,Long
0xebf28c699b1e7f2ad3e31316d86da0df789a475b,LINK,6.0756,0.2735,SELL,2023-06-18 18:28:00,-0.0514,OPEN,0.0,1,Short
0x0f2f77b9475059e62105e77b8d130a7cd6f85ea9,SOL,20.9776,1.134,BUY,2023-06-18 19:14:00,0.0759,CLOSE,-5.62,5,Long
0xe2f5ee794b96897c7d576413e0148b2e8f9fa655,AVAX,14.7271,0.5285,SELL,2023-06-18 20:23:00,0.0533,OPEN,0.0,10,Short
0xa2e1a7b77321268164f1cab8f52cd112cfe0f364,BNB,222.2359,0.0563,SELL,2023-06-18 20:44:00,-0.0331,OPEN,0.0,1,Short
0x646d2815b93dc22b981b7152e79d208287e60827,ARB,1.3064,1.2437,SELL,2023-06-18 21:15:00,-0.3263,CLOSE,81.12,50,Short
0x453dd2d9eed5ff86eb409796ee5f1e1d285c33d4,LINK,5.6767,0.7993,SELL,2023-06-19 01:01:00,0.1371,OPEN,0.0,50,Short
0xea061b83a2dc03d04b9b22920149ea6f5465fa27,BNB,216.9416,0.1444,BUY,2023-06-19 02:11:00,-0.0913,CLOSE,28.88,20,Long
0x37d65217f9a89b91d3d82602fe21b9178f03dce8,LINK,6.1689,0.3136,SELL,2023-06-19 03:00:00,-0.138,OPEN,0.0,50,Short
0xb4d87bd4dc83166db001549b0f7dd10ed8172a97,SOL,20.7126,0.0954,SELL,2023-06-19 06:15:00,-0.0979,CLOSE,-6.75,5,Short
0x09fceb2336574e225ea891b132998c73f4696abe,DOGE,0.0715,0.623,BUY,2023-06-19 06:33:00,0.0963,OPEN,0.0,50,Long
0xd45a1cd4a5790cb05bf8c66c9c2a4154c047bb63,OP,1.4376,0.6808,SELL,2023-06-19 09:17:00,0.2024,CLOSE,-27.13,5,Short
0xc4dea9884019946f0c0617e568292cdd487b5de4,MATIC,0.8911,0.5258,BUY,2023-06-19 10:59:00,0.3463,OPEN,0.0,2,Long
0x2e380d92bab460b09297a542e4b0198e2c87e43c,BNB,209.9529,0.4768,SELL,2023-06-19 11:38:00,0.1444,OPEN,0.0,50,Short
0x0e414a03aedcefa5c05276b7aa873350baf6378b,BTC,25904.4779,1.1661,BUY,2023-06-19 12:36:00,-0.1515,OPEN,0.0,2,Long
0x5adebdbe4ffde843c5c0942476dafed98f4081ed,LINK,5.7383,0.1322,BUY,2023-06-19 13:29:00,-0.0866,OPEN,0.0,5,Long
0xeebc475a7fbdf24e9a015d16ca79c7f443e7ab81,ARB,1.2265,0.6823,SELL,2023-06-19 14:26:00,0.058,OPEN,0.0,50,Short
0xa2e1a7b77321268164f1cab8f52cd112cfe0f364,OP,1.54,0.4796,BUY,2023-06-19 15:22:00,0.3467,OPEN,0.0,20,Long
0x37d65217f9a89b91d3d82602fe21b9178f03dce8,MATIC,0.891,0.4637,SELL,2023-06-19 17:20:00,0.1726,OPEN,0.0,50,Short
0xe921971dbc1ec5636c7872b4ccfded69e5a45abe,MATIC,0.8657,0.0721,BUY,2023-06-19 18:06:00,-0.01,CLOSE,-1.16,2,Long
0x26e94b906f96d22acf1132f3c95ef725e7f49365,ARB,1.1861,0.9349,BUY,2023-06-20 04:50:00,-0.084,CLOSE,-16.56,10,Long
0x43daceb7e014b2c8f1e1dea64bf293277027181b,MATIC,0.8374,0.6234,SELL,2023-06-20 06:45:00,-0.1087,CLOSE,-1.8,3,Short
0x987c1d0a09e6109925ce9325a327c9bc34db8d33,AVAX,14.3762,0.4641,BUY,2023-06-20 08:47:00,0.149,CLOSE,-47.02,20,Long
0xb4d87bd4dc83166db001549b0f7dd10ed8172a97,ETH,1604.4243,0.1887,SELL,2023-06-20 09:26:00,-0.0779,OPEN,0.0,20,Short
0x744c9dcc29d0c40a3d305d66bb7cf1e724333f73,OP,1.5979,0.0964,BUY,2023-06-20 11:32:00,-0.0709,CLOSE,-31.59,20,Long
0xb5165416bd5e31205f5eebdb26cd1592ebddca2e,ARB,1.2036,0.6273,SELL,2023-06-20 11:35:00,-0.2029,CLOSE,0.89,1,Short
0x24a05b6a280881d9f48b32588c8c89018988a3b9,MATIC,0.884,0.2373,SELL,2023-06-20 16:32:00,0.0213,OPEN,0.0,50,Short
0x5cc6e86a6eb53b1f13feb35d2a7d10c872850f05,OP,1.6015,1.6555,SELL,2023-06-20 17:08:00,-0.3862,OPEN,0.0,3,Short
0xc599099a389d38c5d9c8b5481edbeba0598102b1,MATIC,0.8152,0.4249,BUY,2023-06-20 21:49:00,0.0196,CLOSE,-6.99,10,Long
0x26e94b906f96d22acf1132f3c95ef725e7f49365,SOL,18.9221,0.2258,SELL,2023-06-21 00:38:00,-0.0778,CLOSE,-1.15,1,Short
0xdb5102ee19e81b7181b47ffb28758462bdc6a2f6,LINK,5.802,0.2169,BUY,2023-06-21 01:28:00,-0.0325,OPEN,0.0,3,Long
0x4f4a940690ae223310632fab09b9ce1d1115fe6b,ARB,1.2111,0.047,SELL,2023-06-21 04:02:00,-0.0189,CLOSE,5.4,2,Short
0x3be2f0013aec35a8fd588a7ee15b7c917e04dd75,ETH,1658.8545,2.1378,BUY,2023-06-21 05:19:00,-0.6095,OPEN,0.0,10,Long
0x6ae91f9044b365bc545fbaefecc120afb3f0e0b8,SOL,19.4135,0.229,SELL,2023-06-21 09:07:00,0.0257,CLOSE,-12.81,3,Short
0x24a05b6a280881d9f48b32588c8c89018988a3b9,BTC,25894.8409,0.0661,SELL,2023-06-21 10:41:00,0.0215,OPEN,0.0,5,Short
0xb5165416bd5e31205f5eebdb26cd1592ebddca2e,ETH,1601.6099,0.5806,SELL,2023-06-21 13:22:00,-0.4298,CLOSE,62.73,50,Short
0x4379bda828db78e0c9e1b8c145905c0b109af197,DOGE,0.0691,1.4221,BUY,2023-06-21 16:43:00,-0.2025,CLOSE,-5.62,50,Long
0x2fb4e305fa7f9e99b4f649c36ab6f03349f63204,BTC,22656.2408,0.3927,SELL,2023-06-21 19:38:00,0.2317,OPEN,0.0,20,Short
0xe921971dbc1ec5636c7872b4ccfded69e5a45abe,AVAX,14.1994,1.5643,SELL,2023-06-21 19:51:00,0.162,OPEN,0.0,3,Short
0xa2e1a7b77321268164f1cab8f52cd112cfe0f364,BNB,182.8884,0.4544,SELL,2023-06-21 22:32:00,0.0488,CLOSE,-0.54,1,Short
0x7d320effc2b28f577dcd364c61661834374cb1ee,AVAX,13.5119,0.4181,SELL,2023-06-22 01:17:00,-0.1126,CLOSE,-2.05,5,Short
0xb4d87bd4dc83166db001549b0f7dd10ed8172a97,AVAX,14.3745,0.1239,SELL,2023-06-22 06:34:00,-0.0191,OPEN,0.0,5,Short
0xa2e1a7b77321268164f1cab8f52cd112cfe0f364,ETH,1498.5491,0.1654,SELL,2023-06-22 07:38:00,-0.0139,CLOSE,-45.25,20,Short
0x5d4e187b0ea64e520ab88273cce8678ddb6803c8,DOGE,0.0669,0.9346,SELL,2023-06-22 07:43:00,0.1267,CLOSE,73.46,20,Short
0x646d2815b93dc22b981b7152e79d208287e60827,ARB,1.1893,0.2661,BUY,2023-06-22 08:06:00,0.0656,OPEN,0.0,50,Long
0x6ae91f9044b365bc545fbaefecc120afb3f0e0b8,OP,1.3975,1.2868,SELL,2023-06-22 13:51:00,0.1423,CLOSE,-2.2,1,Short
0x0328d5d04ef6b199bde888fc75394a7e49cbb2e3,BTC,23541.3527,1.3545,SELL,2023-06-22 17:15:00,0.6456,CLOSE,3.43,3,Short
0xf547770f567ab48950b47158a6efc236cb73d8c1,SOL,19.9685,0.0559,SELL,2023-06-22 23:57:00,0.02,CLOSE,7.07,10,Short
0xee391c2f221fd53d6a55604791a2377121504c19,ARB,1.1089,0.0298,SELL,2023-06-23 02:26:00,0.0066,OPEN,0.0,3,Short
0xee391c2f221fd53d6a55604791a2377121504c19,SOL,20.4614,0.2946,SELL,2023-06-23 05:28:00,0.0221,CLOSE,7.62,5,Short
0x7d320effc2b28f577dcd364c61661834374cb1ee,DOGE,0.0746,1.3229,SELL,2023-06-23 08:24:00,0.4863,OPEN,0.0,3,Short
0x4f4a940690ae223310632fab09b9ce1d1115fe6b,OP,1.4704,0.5268,BUY,2023-06-23 11:44:00,-0.1021,CLOSE,3.05,2,Long
0xe921971dbc1ec5636c7872b4ccfded69e5a45abe,ARB,1.2375,1.3613,BUY,2023-06-23 14:30:00,-0.152,CLOSE,1.57,1,Long
0xdaae4227dfe85b6068adba35a50dd7a2e75f34fe,BNB,193.4769,1.8993,SELL,2023-06-23 15:05:00,0.3533,OPEN,0.0,1,Short
0x5cc6e86a6eb53b1f13feb35d2a7d10c872850f05,ETH,1599.9895,0.4326,SELL,2023-06-23 18:22:00,0.3876,OPEN,0.0,20,Short
0x646d2815b93dc22b981b7152e79d208287e60827,BTC,25896.3488,0.0679,SELL,2023-06-24 00:30:00,-0.0039,CLOSE,2.68,10,Short
0x0285eb8e3dcc5302124dd67b15b3a223cf2bd3b2,AVAX,13.5934,0.0508,BUY,2023-06-24 00:51:00,0.0032,CLOSE,0.54,50,Long
0xea061b83a2dc03d04b9b22920149ea6f5465fa27,ETH,1681.2875,0.6134,SELL,2023-06-24 01:36:00,0.2644,OPEN,0.0,5,Short
0x78af6c0c766c104d1e512e617f991e02976ce472,ARB,1.1275,0.0779,SELL,2023-06-24 02:23:00,0.0315,CLOSE,-4.1,20,Short
0x0e414a03aedcefa5c05276b7aa873350baf6378b,ETH,1631.2372,0.0568,SELL,2023-06-24 11:49:00,-0.0029,OPEN,0.0,3,Short
0x4ccba13ed55148644802487bce53eb55921ba0fe,AVAX,13.9531,1.0911,BUY,2023-06-24 13:04:00,-0.778,CLOSE,2.66,3,Long
0x4aed548b0ad2ad42d36a65fc9fbb736529027373,AVAX,13.9529,1.5569,SELL,2023-06-24 14:36:00,-0.4904,CLOSE,1.56,1,Short
0xf547770f567ab48950b47158a6efc236cb73d8c1,BTC,25727.3424,0.0649,BUY,2023-06-24 17:40:00,0.0255,CLOSE,-10.19,10,Long
0x2fb4e305fa7f9e99b4f649c36ab6f03349f63204,SOL,18.062,0.5971,SELL,2023-06-24 18:19:00,0.3303,CLOSE,-19.58,50,Short
0x9f46469dacc43d56c35b79bae4905b54b673b96f,LINK,5.7358,0.5382,SELL,2023-06-24 18:41:00,-0.5432,OPEN,0.0,2,Short
0x9c453737aa43460414e9164eba11d3f5579cf2f1,MATIC,0.8528,2.0855,BUY,2023-06-24 19:30:00,0.7138,OPEN,0.0,3,Long
0xc4dea9884019946f0c0617e568292cdd487b5de4,DOGE,0.0671,0.9434,BUY,2023-06-24 19:51:00,-1.1432,OPEN,0.0,10,Long
0xf547770f567ab48950b47158a6efc236cb73d8c1,ARB,1.1379,0.4953,SELL,2023-06-24 20:02:00,0.0679,OPEN,0.0,3,Short
0xedbe03d7cf3f6121ea929dfa1841270856f03d2b,ETH,1581.7342,1.2037,SELL,2023-06-25 04:57:00,0.3707,CLOSE,-15.43,20,Short
0x75e3bcbec520c0c454921cf1afac79214071ba6e,DOGE,0.071,0.116,BUY,2023-06-25 05:32:00,0.1186,CLOSE,2.75,5,Long
0x925c717311ca9170b4ac3e9b636d21179e3359dd,MATIC,1.0523,0.5987,BUY,2023-06-25 05:55:00,-0.011,CLOSE,-15.98,10,Long
0x26e94b906f96d22acf1132f3c95ef725e7f49365,LINK,6.0706,0.4626,BUY,2023-06-25 09:02:00,0.0131,CLOSE,-3.65,5,Long
0x78af6c0c766c104d1e512e617f991e02976ce472,SOL,21.3996,0.3238,BUY,2023-06-25 09:10:00,-0.2173,OPEN,0.0,5,Long
0xb973994ea6148c341bff47f5e9721ff9029420df,SOL,19.3148,0.7757,SELL,2023-06-25 09:23:00,-0.0588,CLOSE,-9.72,10,Short
0x2fb4e305fa7f9e99b4f649c36ab6f03349f63204,DOGE,0.0758,0.4096,SELL,2023-06-25 19:36:00,0.1105,CLOSE,-12.91,10,Short
0x37d65217f9a89b91d3d82602fe21b9178f03dce8,BNB,202.0356,0.9487,BUY,2023-06-25 22:35:00,0.6243,CLOSE,5.05,2,Long
0xb2ad781ab883a8f93650bcd708f6c9529a07f690,LINK,5.6443,0.7165,SELL,2023-06-26 05:42:00,-0.1163,CLOSE,2.15,1,Short
0xb2ad781ab883a8f93650bcd708f6c9529a07f690,AVAX,15.268,1.0431,BUY,2023-06-26 14:31:00,0.3252,OPEN,0.0,3,Long
0x744c9dcc29d0c40a3d305d66bb7cf1e724333f73,ARB,1.1037,0.1102,BUY,2023-06-26 14:59:00,0.0713,OPEN,0.0,10,Long
0xb77e6e8c09d1faa2d9fa8746ce75c51abe7252be,BNB,219.8874,0.1542,BUY,2023-06-26 18:14:00,0.1656,OPEN,0.0,1,Long
0xb2ad781ab883a8f93650bcd708f6c9529a07f690,LINK,6.1617,0.7497,BUY,2023-06-26 19:38:00,-0.1207,CLOSE,-1.89,1,Long
0x1df10b04fc8b7bb56232fbf467593f3d4db7f636,ARB,1.1709,0.3233,SELL,2023-06-26 21:08:00,0.0132,OPEN,0.0,20,Short
0x8528643b6c996c090947e88b00fe1763200c3698,DOGE,0.0676,0.6703,SELL,2023-06-27 02:36:00,0.29,CLOSE,-109.22,50,Short
0xeea684c1f340e7d01d339e94e345a318e63f4345,MATIC,0.9148,0.5629,SELL,2023-06-27 09:09:00,0.2681,CLOSE,4.01,5,Short
0x75e3bcbec520c0c454921cf1afac79214071ba6e,OP,1.5095,0.4384,BUY,2023-06-27 14:15:00,0.3477,OPEN,0.0,20,Long
0x0328d5d04ef6b199bde888fc75394a7e49cbb2e3,ETH,1671.1018,0.8907,BUY,2023-06-27 14:25:00,0.1609,CLOSE,-61.68,50,Long
0x3be2f0013aec35a8fd588a7ee15b7c917e04dd75,OP,1.6269,0.1238,BUY,2023-06-27 14:40:00,-0.144,OPEN,0.0,3,Long
0xcfd86a92699b4e78a9d76f77c3658a5933d981e1,MATIC,0.9313,0.0517,BUY,2023-06-27 15:39:00,-0.0295,OPEN,0.0,3,Long
0xee391c2f221fd53d6a55604791a2377121504c19,LINK,6.5233,1.3006,BUY,2023-06-27 17:20:00,0.4315,CLOSE,-16.55,10,Long
0x8528643b6c996c090947e88b00fe1763200c3698,ETH,1645.2911,1.3131,BUY,2023-06-27 17:47:00,0.3004,CLOSE,2.9,3,Long
0xc4dea9884019946f0c0617e568292cdd487b5de4,DOGE,0.0701,0.2929,SELL,2023-06-27 22:09:00,0.0666,OPEN,0.0,5,Short
0x4f4a940690ae223310632fab09b9ce1d1115fe6b,AVAX,14.7059,0.1552,BUY,2023-06-27 22:14:00,0.0073,CLOSE,135.55,50,Long
0x5cc6e86a6eb53b1f13feb35d2a7d10c872850f05,BNB,193.0531,1.1336,BUY,2023-06-27 22:35:00,0.3834,OPEN,0.0,20,Long
0x4f4a940690ae223310632fab09b9ce1d1115fe6b,BNB,208.1954,0.5021,BUY,2023-06-28 02:13:00,-0.2782,OPEN,0.0,1,Long
0x525162b29a67219a10418bb3be42f9213b57465d,MATIC,0.859,0.843,BUY,2023-06-28 04:02:00,0.4384,OPEN,0.0,3,Long
0xb4d87bd4dc83166db001549b0f7dd10ed8172a97,MATIC,0.902,0.2973,BUY,2023-06-28 06:15:00,0.0261,OPEN,0.0,2,Long
0xd070b332429151e576014d456b91028526f824b6,LINK,5.9789,0.5604,SELL,2023-06-28 07:17:00,-0.7067,OPEN,0.0,3,Short
0xdb5102ee19e81b7181b47ffb28758462bdc6a2f6,SOL,18.9975,0.2578,BUY,2023-06-28 08:57:00,0.1572,OPEN,0.0,5,Long
0x2d1a95b8825f9bbc7b309def655febd63cc1029d,BNB,232.63,0.1591,BUY,2023-06-28 10:46:00,0.0535,OPEN,0.0,10,Long
0xc61546b61eada8292e6df67fbf85809118265b37,BTC,25507.3128,0.0493,BUY,2023-06-28 12:24:00,0.0067,CLOSE,0.06,1,Long
0x23be95267b9414f864c908abccf5f987e42ce22c,AVAX,14.5372,0.0204,SELL,2023-06-28 14:16:00,-0.0059,CLOSE,-47.52,50,Short
0x646d2815b93dc22b981b7152e79d208287e60827,BTC,25831.6682,0.5526,BUY,2023-06-28 17:05:00,0.6105,CLOSE,1.93,5,Long
0xe2c1562bb67f7a529b76e91f7196d63f54ccddaf,BNB,219.6214,0.3132,SELL,2023-06-28 19:36:00,0.0543,OPEN,0.0,50,Short
0x23be95267b9414f864c908abccf5f987e42ce22c,MATIC,0.9148,0.4787,BUY,2023-06-28 22:36:00,-0.195,CLOSE,-9.93,10,Long
0xebf28c699b1e7f2ad3e31316d86da0df789a475b,DOGE,0.0669,0.4262,BUY,2023-06-28 22:44:00,0.2051,OPEN,0.0,20,Long
0xeea684c1f340e7d01d339e94e345a318e63f4345,ARB,1.1832,0.6378,SELL,2023-06-29 02:08:00,0.4458,OPEN,0.0,1,Short
0xc4dea9884019946f0c0617e568292cdd487b5de4,MATIC,0.9044,0.6845,BUY,2023-06-29 02:14:00,-0.3077,OPEN,0.0,50,Long
0xdaae4227dfe85b6068adba35a50dd7a2e75f34fe,MATIC,0.884,0.4601,BUY,2023-06-29 04:49:00,-0.2164,CLOSE,-3.41,2,Long
0xdaae4227dfe85b6068adba35a50dd7a2e75f34fe,DOGE,0.0687,0.8214,SELL,2023-06-29 09:28:00,0.165,OPEN,0.0,3,Short
0x5adebdbe4ffde843c5c0942476dafed98f4081ed,SOL,21.3882,0.0721,SELL,2023-06-29 14:12:00,0.0039,CLOSE,-4.11,2,Short
0xe921971dbc1ec5636c7872b4ccfded69e5a45abe,OP,1.4075,0.2119,BUY,2023-06-29 15:52:00,0.054,OPEN,0.0,3,Long
0xc87fa1c370a4cdce8a3de02aecd8246696f21820,ETH,1622.6505,0.3771,SELL,2023-06-29 16:13:00,-0.0192,CLOSE,23.3,20,Short
0xb4d87bd4dc83166db001549b0f7dd10ed8172a97,ETH,1522.2626,0.1359,BUY,2023-06-29 18:01:00,-0.0608,CLOSE,-1.73,2,Long
0xedbe03d7cf3f6121ea929dfa1841270856f03d2b,DOGE,0.0663,0.143,SELL,2023-06-29 19:52:00,-0.0025,OPEN,0.0,2,Short
0x744cb7ef9bc0528b331a9c8cbdd555eeda37cf0e,LINK,5.8548,0.2932,SELL,2023-06-29 20:10:00,0.0588,OPEN,0.0,10,Short
0x0285eb8e3dcc5302124dd67b15b3a223cf2bd3b2,BTC,25407.1057,3.0893,SELL,2023-06-29 22:57:00,0.9085,CLOSE,10.68,5,Short
0x26e94b906f96d22acf1132f3c95ef725e7f49365,AVAX,13.2604,0.291,BUY,2023-06-29 23:11:00,0.0334,CLOSE,3.53,1,Long
0xe2c1562bb67f7a529b76e91f7196d63f54ccddaf,MATIC,0.9108,0.1866,BUY,2023-06-30 08:32:00,0.2427,OPEN,0.0,3,Long
0x4f4a940690ae223310632fab09b9ce1d1115fe6b,OP,1.4899,0.5815,SELL,2023-06-30 09:18:00,-0.0463,CLOSE,1.55,5,Short
0xbb4e5487f3cf95039e0674754240ffcd91dcb7b6,DOGE,0.065,0.1668,BUY,2023-06-30 09:45:00,0.0497,CLOSE,-58.43,50,Long
0x6121a1650753afb98b8a066940907804424fc225,DOGE,0.0748,0.9971,SELL,2023-06-30 11:14:00,-0.557,OPEN,0.0,1,Short
0x78af6c0c766c104d1e512e617f991e02976ce472,OP,1.4915,0.1639,BUY,2023-06-30 11:29:00,0.0108,CLOSE,0.59,2,Long
0xb5165416bd5e31205f5eebdb26cd1592ebddca2e,BNB,200.2583,1.084,SELL,2023-06-30 11:53:00,-0.1297,CLOSE,-17.44,5,Short
0x8528643b6c996c090947e88b00fe1763200c3698,LINK,6.0957,0.0869,BUY,2023-06-30 11:57:00,0.0057,CLOSE,20.56,10,Long
0xeea684c1f340e7d01d339e94e345a318e63f4345,OP,1.3659,0.4568,BUY,2023-06-30 17:30:00,0.0816,CLOSE,-42.19,50,Long
0x0328d5d04ef6b199bde888fc75394a7e49cbb2e3,BNB,214.2201,0.6874,BUY,2023-06-30 21:53:00,-0.2481,CLOSE,-10.93,5,Long
0x0f2f77b9475059e62105e77b8d130a7cd6f85ea9,MATIC,0.9605,0.149,BUY,2023-07-01 03:13:00,-0.1172,OPEN,0.0,1,Long
0xf547770f567ab48950b47158a6efc236cb73d8c1,ETH,1726.0312,0.042,SELL,2023-07-01 04:25:00,0.0006,OPEN,0.0,5,Short
0x5a1966353c437c4a9bafc506875acdf42fc8ff65,ETH,1651.0874,0.0938,SELL,2023-07-01 06:57:00,-0.0779,OPEN,0.0,3,Short
0x7d320effc2b28f577dcd364c61661834374cb1ee,MATIC,0.923,0.1291,SELL,2023-07-01 07:43:00,-0.0826,OPEN,0.0,1,Short
0xe2c1562bb67f7a529b76e91f7196d63f54ccddaf,BTC,26131.2026,0.2522,BUY,2023-07-01 07:45:00,-0.0285,CLOSE,-2.48,10,Long
0xc87fa1c370a4cdce8a3de02aecd8246696f21820,SOL,20.8818,1.2847,BUY,2023-07-01 07:47:00,-0.0743,CLOSE,-1.0,2,Long
0xb5165416bd5e31205f5eebdb26cd1592ebddca2e,AVAX,15.1999,0.0754,SELL,2023-07-01 13:02:00,-0.0031,OPEN,0.0,1,Short
0xe2f5ee794b96897c7d576413e0148b2e8f9fa655,ETH,1639.1077,0.0139,SELL,2023-07-01 13:02:00,0.0166,OPEN,0.0,3,Short
0x6121a1650753afb98b8a066940907804424fc225,MATIC,0.9252,0.5716,SELL,2023-07-01 19:06:00,0.0408,CLOSE,-1.07,1,Short
0xc599099a389d38c5d9c8b5481edbeba0598102b1,AVAX,14.6217,0.477,BUY,2023-07-01 20:51:00,0.2089,CLOSE,2.81,3,Long
0xe2f5ee794b96897c7d576413e0148b2e8f9fa655,ETH,1553.2564,0.2637,SELL,2023-07-01 20:54:00,-0.0634,OPEN,0.0,1,Short
0x5d4e187b0ea64e520ab88273cce8678ddb6803c8,ARB,1.3205,0.4852,BUY,2023-07-01 22:14:00,-0.2279,OPEN,0.0,1,Long
0x0af6790523dd0af40c1c3a03a4c1a0df6067eba2,SOL,20.4473,0.2127,SELL,2023-07-02 01:52:00,-0.0008,OPEN,0.0,3,Short
0xf547770f567ab48950b47158a6efc236cb73d8c1,ARB,1.147,0.9092,BUY,2023-07-02 02:34:00,0.065,CLOSE,-20.31,50,Long
0xbdd2a8dc587fa386779f90becc9694c9586d3ce5,SOL,18.339,0.135,BUY,2023-07-02 04:08:00,0.0552,OPEN,0.0,5,Long
0x925c717311ca9170b4ac3e9b636d21179e3359dd,BTC,27197.5867,0.1231,SELL,2023-07-02 10:46:00,0.0345,OPEN,0.0,3,Short
0x43daceb7e014b2c8f1e1dea64bf293277027181b,ARB,1.1835,0.1074,SELL,2023-07-02 12:57:00,-0.0246,CLOSE,3.51,5,Short
0xc87fa1c370a4cdce8a3de02aecd8246696f21820,BTC,24404.7239,0.7878,SELL,2023-07-02 21:10:00,0.3444,OPEN,0.0,3,Short
0x5d4e187b0ea64e520ab88273cce8678ddb6803c8,ARB,1.1513,0.1529,BUY,2023-07-02 23:18:00,0.0886,CLOSE,-7.83,10,Long
0x525162b29a67219a10418bb3be42f9213b57465d,SOL,18.9752,1.5314,BUY,2023-07-03 02:02:00,0.2808,OPEN,0.0,2,Long
0x79734a87ec5efa730c4a5d0ff563bac34e411e6b,AVAX,13.9134,0.1087,SELL,2023-07-03 02:55:00,0.0303,CLOSE,-3.37,20,Short
0xc87fa1c370a4cdce8a3de02aecd8246696f21820,ETH,1636.2578,0.4371,BUY,2023-07-03 07:40:00,-0.1669,CLOSE,4.08,2,Long
0x1df10b04fc8b7bb56232fbf467593f3d4db7f636,BNB,215.3532,0.7185,SELL,2023-07-03 12:42:00,0.0362,OPEN,0.0,20,Short
0x0285eb8e3dcc5302124dd67b15b3a223cf2bd3b2,SOL,21.9509,0.1697,BUY,2023-07-04 16:12:00,0.023,OPEN,0.0,5,Long
0x4379bda828db78e0c9e1b8c145905c0b109af197,LINK,6.1361,0.6279,SELL,2023-07-04 18:17:00,-0.9274,CLOSE,-47.31,50,Short
0x525162b29a67219a10418bb3be42f9213b57465d,ETH,1556.4735,0.3087,SELL,2023-07-04 19:12:00,-0.2156,OPEN,0.0,10,Short
0x47484e135be5cc29287e7165fb9c975996f6a214,LINK,5.753,0.6447,BUY,2023-07-04 22:21:00,-0.0815,OPEN,0.0,20,Long
0xedbe03d7cf3f6121ea929dfa1841270856f03d2b,ARB,1.0945,0.6886,BUY,2023-07-05 08:52:00,0.1747,CLOSE,-2.4,1,Long
0x9f46469dacc43d56c35b79bae4905b54b673b96f,ETH,1723.431,1.7048,SELL,2023-07-05 11:19:00,-1.0493,OPEN,0.0,2,Short
0xbdd2a8dc587fa386779f90becc9694c9586d3ce5,ARB,1.1609,0.059,SELL,2023-07-05 20:17:00,-0.0115,CLOSE,-0.02,10,Short
0xc599099a389d38c5d9c8b5481edbeba0598102b1,AVAX,13.6672,0.1557,SELL,2023-07-06 00:40:00,-0.0569,CLOSE,-31.38,50,Short
0xaa624205b23ee2d620474b557ab013e55b55c926,MATIC,0.7695,0.2685,BUY,2023-07-06 01:48:00,-0.1054,OPEN,0.0,5,Long
0xdaae4227dfe85b6068adba35a50dd7a2e75f34fe,BNB,203.4566,0.5094,BUY,2023-07-06 06:36:00,0.3998,OPEN,0.0,2,Long
0xc599099a389d38c5d9c8b5481edbeba0598102b1,ETH,1510.46,0.552,BUY,2023-07-06 07:00:00,-0.2642,OPEN,0.0,5,Long
0x78af6c0c766c104d1e512e617f991e02976ce472,DOGE,0.0719,1.7289,SELL,2023-07-06 07:20:00,0.201,CLOSE,5.71,3,Short
0x893c0ce1b001bed43dbe9f36ff779cf9df99e513,SOL,19.3809,0.0608,SELL,2023-07-06 09:25:00,0.0431,OPEN,0.0,1,Short
0xd45a1cd4a5790cb05bf8c66c9c2a4154c047bb63,BNB,207.0108,0.5266,BUY,2023-07-06 10:52:00,-0.0367,OPEN,0.0,20,Long
0x2fb4e305fa7f9e99b4f649c36ab6f03349f63204,DOGE,0.0711,1.7871,SELL,2023-07-06 13:51:00,-1.5336,CLOSE,-85.24,50,Short
0x893c0ce1b001bed43dbe9f36ff779cf9df99e513,OP,1.4246,1.4617,BUY,2023-07-06 15:13:00,0.2406,OPEN,0.0,3,Long
0x2fb4e305fa7f9e99b4f649c36ab6f03349f63204,SOL,19.4006,0.3215,BUY,2023-07-06 16:00:00,0.166,CLOSE,-17.6,5,Long
0xa2a2e9a7468bbcd27e0f039d47476b02aac10637,BNB,223.6147,0.0191,BUY,2023-07-06 18:14:00,-0.0018,OPEN,0.0,3,Long
0xb2ad781ab883a8f93650bcd708f6c9529a07f690,ETH,1641.9161,0.209,BUY,2023-07-06 22:39:00,0.0397,CLOSE,6.21,5,Long
0x0f2f77b9475059e62105e77b8d130a7cd6f85ea9,ARB,1.2899,0.1749,BUY,2023-07-07 10:47:00,0.0775,OPEN,0.0,3,Long
0xbdd2a8dc587fa386779f90becc9694c9586d3ce5,ETH,1577.4572,0.229,SELL,2023-07-07 11:12:00,-0.1152,OPEN,0.0,5,Short
0xc61546b61eada8292e6df67fbf85809118265b37,LINK,6.069,0.156,SELL,2023-07-07 12:04:00,-0.105,OPEN,0.0,20,Short
0xdaae4227dfe85b6068adba35a50dd7a2e75f34fe,BTC,24566.0169,0.0699,SELL,2023-07-07 16:54:00,0.0269,CLOSE,2.32,3,Short
0xb5165416bd5e31205f5eebdb26cd1592ebddca2e,OP,1.4485,0.225,BUY,2023-07-07 18:06:00,-0.0576,CLOSE,36.41,20,Long
0x2fb4e305fa7f9e99b4f649c36ab6f03349f63204,SOL,21.4312,0.4916,BUY,2023-07-07 20:01:00,-0.0639,CLOSE,-198.42,50,Long
0x4aed548b0ad2ad42d36a65fc9fbb736529027373,DOGE,0.0707,0.2768,SELL,2023-07-07 20:18:00,0.0184,CLOSE,3.52,1,Short
0x2d1a95b8825f9bbc7b309def655febd63cc1029d,OP,1.6113,1.281,BUY,2023-07-07 23:41:00,-0.4332,CLOSE,-13.99,10,Long
0xee391c2f221fd53d6a55604791a2377121504c19,SOL,19.6463,0.0305,SELL,2023-07-08 03:01:00,0.0035,CLOSE,-16.08,20,Short
0xe921971dbc1ec5636c7872b4ccfded69e5a45abe,BTC,25691.3416,0.0635,SELL,2023-07-08 03:37:00,-0.0538,OPEN,0.0,20,Short
0x5a1966353c437c4a9bafc506875acdf42fc8ff65,OP,1.4722,0.771,BUY,2023-07-08 08:38:00,-0.3109,CLOSE,-0.82,1,Long
0xb2ad781ab883a8f93650bcd708f6c9529a07f690,AVAX,13.971,0.1808,SELL,2023-07-08 08:43:00,0.0995,OPEN,0.0,50,Short
0xb4d87bd4dc83166db001549b0f7dd10ed8172a97,LINK,5.7537,0.0652,SELL,2023-07-08 09:41:00,0.0175,CLOSE,-22.67,20,Short
0xd070b332429151e576014d456b91028526f824b6,SOL,21.4668,0.7956,BUY,2023-07-08 10:26:00,0.1796,OPEN,0.0,50,Long
0x0285eb8e3dcc5302124dd67b15b3a223cf2bd3b2,MATIC,0.9112,0.0533,BUY,2023-07-08 11:07:00,-0.0115,CLOSE,8.94,2,Long
0x0328d5d04ef6b199bde888fc75394a7e49cbb2e3,AVAX,13.9772,0.173,BUY,2023-07-08 14:52:00,0.0338,CLOSE,-2.08,10,Long
0x9f46469dacc43d56c35b79bae4905b54b673b96f,SOL,19.7588,0.8196,BUY,2023-07-08 16:36:00,0.1528,CLOSE,8.71,20,Long
0xb973994ea6148c341bff47f5e9721ff9029420df,MATIC,0.9109,0.1436,BUY,2023-07-08 17:14:00,0.0117,OPEN,0.0,50,Long
0xb973994ea6148c341bff47f5e9721ff9029420df,MATIC,0.8551,0.1793,BUY,2023-07-08 18:46:00,-0.0794,OPEN,0.0,20,Long
0x893c0ce1b001bed43dbe9f36ff779cf9df99e513,ARB,1.2907,1.0797,BUY,2023-07-08 21:50:00,0.0151,CLOSE,-22.67,10,Long
0xdaae4227dfe85b6068adba35a50dd7a2e75f34fe,OP,1.3708,0.1958,BUY,2023-07-08 23:55:00,-0.1893,OPEN,0.0,5,Long
0xd45a1cd4a5790cb05bf8c66c9c2a4154c047bb63,MATIC,0.9492,0.9259,BUY,2023-07-09 03:37:00,0.35,OPEN,0.0,1,Long
0xeebc475a7fbdf24e9a015d16ca79c7f443e7ab81,ARB,1.1676,0.0848,BUY,2023-07-09 06:11:00,-0.0048,OPEN,0.0,1,Long
0x4939835272851ed4624ebeef2cd55b020d083576,MATIC,0.8681,1.0025,BUY,2023-07-09 07:43:00,-0.3452,CLOSE,-0.97,2,Long
0xcfd86a92699b4e78a9d76f77c3658a5933d981e1,BNB,195.8274,1.3722,BUY,2023-07-09 13:15:00,1.2131,OPEN,0.0,5,Long
0xc61546b61eada8292e6df67fbf85809118265b37,LINK,6.0106,0.243,BUY,2023-07-09 13:17:00,-0.2384,OPEN,0.0,10,Long
0x09fceb2336574e225ea891b132998c73f4696abe,OP,1.5492,0.0985,SELL,2023-07-09 14:10:00,0.0914,CLOSE,13.59,10,Short
0x2fb4e305fa7f9e99b4f649c36ab6f03349f63204,AVAX,13.8535,0.2735,SELL,2023-07-09 18:43:00,0.1518,OPEN,0.0,2,Short
0x4939835272851ed4624ebeef2cd55b020d083576,AVAX,13.9178,0.0838,BUY,2023-07-09 19:52:00,0.0277,OPEN,0.0,2,Long
0x30cf07144e7941c6c51824aa794607d5a2f34311,SOL,19.3366,0.018,BUY,2023-07-09 21:03:00,-0.0186,CLOSE,6.26,3,Long
0xeebc475a7fbdf24e9a015d16ca79c7f443e7ab81,AVAX,12.2663,1.1548,BUY,2023-07-10 03:45:00,-0.1007,CLOSE,-2.79,2,Long
0x23be95267b9414f864c908abccf5f987e42ce22c,SOL,19.427,0.0588,BUY,2023-07-10 09:49:00,-0.0162,CLOSE,26.08,5,Long
0xb2ad781ab883a8f93650bcd708f6c9529a07f690,AVAX,14.0717,1.0289,SELL,2023-07-10 15:45:00,-0.2484,OPEN,0.0,10,Short
0xc4dea9884019946f0c0617e568292cdd487b5de4,SOL,18.8835,0.0243,BUY,2023-07-10 17:35:00,-0.0025,OPEN,0.0,10,Long
0xd070b332429151e576014d456b91028526f824b6,BNB,212.2511,0.4973,SELL,2023-07-10 18:55:00,0.0573,CLOSE,-4.35,3,Short
0x5d4e187b0ea64e520ab88273cce8678ddb6803c8,LINK,6.0218,0.0136,SELL,2023-07-10 20:03:00,-0.0079,OPEN,0.0,2,Short
0x5f3203e5a82554fb4ff75ee00ec09483e2ae0341,ARB,1.1561,1.5401,SELL,2023-07-10 21:26:00,1.4557,OPEN,0.0,10,Short
0x47484e135be5cc29287e7165fb9c975996f6a214,ETH,1561.4509,0.3676,BUY,2023-07-10 21:30:00,-0.2014,CLOSE,-1.24,2,Long
0xb4d87bd4dc83166db001549b0f7dd10ed8172a97,BTC,27079.9828,1.0647,BUY,2023-07-10 22:07:00,-0.7293,OPEN,0.0,5,Long
0xb429f0db71443a6dc3b6dd7fc8a7ccec4aa6dfca,ARB,1.2746,1.4802,SELL,2023-07-11 00:20:00,1.0413,CLOSE,-43.41,50,Short
0xc4dea9884019946f0c0617e568292cdd487b5de4,BNB,230.9882,0.0569,BUY,2023-07-11 00:36:00,0.0577,OPEN,0.0,10,Long
0xee391c2f221fd53d6a55604791a2377121504c19,BNB,218.4973,0.1042,BUY,2023-07-11 01:34:00,-0.0955,CLOSE,1.24,2,Long
0xbdd2a8dc587fa386779f90becc9694c9586d3ce5,LINK,5.5335,0.1031,BUY,2023-07-11 02:31:00,0.0491,OPEN,0.0,2,Long
0x0328d5d04ef6b199bde888fc75394a7e49cbb2e3,LINK,6.3618,0.7109,SELL,2023-07-11 03:21:00,0.2763,CLOSE,3.66,2,Short
0x0f2f77b9475059e62105e77b8d130a7cd6f85ea9,OP,1.658,0.3175,BUY,2023-07-11 06:02:00,-0.3157,OPEN,0.0,2,Long
0x7968a5f8676e6b77d71e6dadf79e40929b9c9eb0,DOGE,0.0678,0.0705,BUY,2023-07-11 06:43:00,0.1027,CLOSE,-0.39,1,Long
0x14fb2d0de7f331f4ab61b71a9d5c4c8e4ef8c0e5,ARB,1.1288,0.0367,SELL,2023-07-11 08:39:00,0.0009,CLOSE,61.59,20,Short
0x646d2815b93dc22b981b7152e79d208287e60827,AVAX,14.086,1.1735,SELL,2023-07-11 09:23:00,-0.5918,OPEN,0.0,5,Short
0x24a05b6a280881d9f48b32588c8c89018988a3b9,OP,1.6365,1.466,SELL,2023-07-11 14:59:00,1.5431,OPEN,0.0,10,Short
0xa2e1a7b77321268164f1cab8f52cd112cfe0f364,MATIC,0.9293,0.3408,BUY,2023-07-11 15:18:00,-0.1939,OPEN,0.0,2,Long
0xdaae4227dfe85b6068adba35a50dd7a2e75f34fe,ETH,1472.9305,0.4588,BUY,2023-07-11 15:52:00,0.1656,CLOSE,-0.92,2,Long
0x9f46469dacc43d56c35b79bae4905b54b673b96f,MATIC,0.8468,0.2266,BUY,2023-07-11 19:14:00,0.0068,OPEN,0.0,2,Long
0xe2f5ee794b96897c7d576413e0148b2e8f9fa655,ARB,1.2092,0.9949,BUY,2023-07-11 19:22:00,0.7067,CLOSE,-2.98,20,Long
0x2e380d92bab460b09297a542e4b0198e2c87e43c,SOL,21.1852,0.5965,SELL,2023-07-12 04:11:00,0.2679,CLOSE,0.74,1,Short
0x4f4a940690ae223310632fab09b9ce1d1115fe6b,DOGE,0.0732,0.5288,BUY,2023-07-12 07:33:00,0.1458,OPEN,0.0,3,Long
0xb973994ea6148c341bff47f5e9721ff9029420df,BNB,211.18,1.193,SELL,2023-07-12 07:43:00,0.6143,OPEN,0.0,20,Short
0x75e3bcbec520c0c454921cf1afac79214071ba6e,BTC,25563.8045,0.7428,BUY,2023-07-12 08:40:00,-0.4662,CLOSE,-141.6,50,Long
0x744c9dcc29d0c40a3d305d66bb7cf1e724333f73,OP,1.638,0.3267,SELL,2023-07-12 09:28:00,0.3706,OPEN,0.0,3,Short
0x5d4e187b0ea64e520ab88273cce8678ddb6803c8,ARB,1.205,0.3889,BUY,2023-07-12 13:44:00,0.0072,CLOSE,57.88,50,Long
0x3be2f0013aec35a8fd588a7ee15b7c917e04dd75,DOGE,0.0717,0.0102,BUY,2023-07-12 16:03:00,-0.0036,OPEN,0.0,1,Long
0x30cf07144e7941c6c51824aa794607d5a2f34311,LINK,5.9172,0.9634,SELL,2023-07-12 18:38:00,-0.4642,OPEN,0.0,3,Short
0xb429f0db71443a6dc3b6dd7fc8a7ccec4aa6dfca,AVAX,14.2983,0.8124,SELL,2023-07-13 02:31:00,-0.6427,CLOSE,1.0,5,Short
0x4f4a940690ae223310632fab09b9ce1d1115fe6b,ARB,1.1895,0.152,BUY,2023-07-13 03:25:00,-0.0947,CLOSE,3.71,3,Long
0xc4dea9884019946f0c0617e568292cdd487b5de4,ARB,1.2095,0.4624,SELL,2023-07-13 07:16:00,0.0032,OPEN,0.0,50,Short
0x925c717311ca9170b4ac3e9b636d21179e3359dd,MATIC,0.8913,1.4248,BUY,2023-07-13 10:30:00,1.0484,OPEN,0.0,20,Long
0x09fceb2336574e225ea891b132998c73f4696abe,BTC,23718.3326,0.5001,BUY,2023-07-13 10:42:00,0.1399,OPEN,0.0,50,Long
0xeebc475a7fbdf24e9a015d16ca79c7f443e7ab81,OP,1.4983,0.063,SELL,2023-07-13 11:06:00,0.062,OPEN,0.0,20,Short
0x453dd2d9eed5ff86eb409796ee5f1e1d285c33d4,BNB,220.2041,0.8144,BUY,2023-07-13 11:46:00,-0.0126,OPEN,0.0,20,Long
0x8528643b6c996c090947e88b00fe1763200c3698,BNB,193.5883,0.0105,SELL,2023-07-13 15:55:00,-0.0066,OPEN,0.0,10,Short
0xdaae4227dfe85b6068adba35a50dd7a2e75f34fe,MATIC,0.8961,0.4194,BUY,2023-07-13 17:35:00,-0.1446,CLOSE,-0.01,2,Long
0xe2c1562bb67f7a529b76e91f7196d63f54ccddaf,BTC,22163.6534,0.4593,SELL,2023-07-13 17:36:00,-0.2244,CLOSE,-11.28,3,Short
0x5adebdbe4ffde843c5c0942476dafed98f4081ed,OP,1.5557,0.255,BUY,2023-07-13 18:47:00,0.0145,OPEN,0.0,2,Long
0xea061b83a2dc03d04b9b22920149ea6f5465fa27,ETH,1560.2499,0.3703,SELL,2023-07-13 23:59:00,0.0137,OPEN,0.0,1,Short
0x7968a5f8676e6b77d71e6dadf79e40929b9c9eb0,ETH,1676.4688,0.1068,BUY,2023-07-14 00:31:00,-0.0081,OPEN,0.0,1,Long
0x2e380d92bab460b09297a542e4b0198e2c87e43c,SOL,19.8064,0.843,BUY,2023-07-14 01:18:00,-0.1789,CLOSE,-45.26,50,Long
0x2d1a95b8825f9bbc7b309def655febd63cc1029d,SOL,20.5571,0.1553,SELL,2023-07-14 02:39:00,-0.0006,OPEN,0.0,3,Short
0x744cb7ef9bc0528b331a9c8cbdd555eeda37cf0e,ARB,1.1474,0.0538,SELL,2023-07-14 02:51:00,-0.0379,CLOSE,-48.32,20,Short
0x7968a5f8676e6b77d71e6dadf79e40929b9c9eb0,OP,1.6012,0.5282,SELL,2023-07-14 03:02:00,0.5094,CLOSE,0.97,5,Short
0xb4d87bd4dc83166db001549b0f7dd10ed8172a97,ETH,1675.4514,0.0238,BUY,2023-07-14 08:27:00,-0.0054,OPEN,0.0,20,Long
0x8528643b6c996c090947e88b00fe1763200c3698,ETH,1755.5239,0.0459,SELL,2023-07-14 09:47:00,-0.001,OPEN,0.0,10,Short
0xa2e1a7b77321268164f1cab8f52cd112cfe0f364,ETH,1462.1822,0.2902,SELL,2023-07-14 11:06:00,0.3089,CLOSE,7.85,20,Short
0xdaae4227dfe85b6068adba35a50dd7a2e75f34fe,BNB,215.9351,0.3976,BUY,2023-07-14 16:32:00,0.301,CLOSE,4.67,5,Long
0x30cf07144e7941c6c51824aa794607d5a2f34311,BNB,206.1453,0.042,BUY,2023-07-14 17:57:00,0.0007,CLOSE,34.17,20,Long
0x6ae91f9044b365bc545fbaefecc120afb3f0e0b8,MATIC,0.9102,0.1934,BUY,2023-07-15 05:46:00,0.0403,CLOSE,-0.67,1,Long
0xb4d87bd4dc83166db001549b0f7dd10ed8172a97,BNB,220.7589,0.3723,BUY,2023-07-15 07:21:00,0.2132,CLOSE,-91.44,20,Long
0x646d2815b93dc22b981b7152e79d208287e60827,ETH,1678.6147,0.2254,SELL,2023-07-15 08:07:00,-0.1578,CLOSE,4.51,1,Short
0xa2e1a7b77321268164f1cab8f52cd112cfe0f364,BNB,203.8075,0.2862,BUY,2023-07-15 08:16:00,-0.311,OPEN,0.0,50,Long
0x2d1a95b8825f9bbc7b309def655febd63cc1029d,ARB,1.2165,0.5784,BUY,2023-07-15 13:35:00,0.4509,CLOSE,0.01,5,Long
0x5adebdbe4ffde843c5c0942476dafed98f4081ed,AVAX,13.0563,0.4366,SELL,2023-07-15 23:36:00,0.0034,OPEN,0.0,5,Short
0x0285eb8e3dcc5302124dd67b15b3a223cf2bd3b2,AVAX,14.5665,0.2712,BUY,2023-07-16 05:38:00,0.1671,OPEN,0.0,1,Long
0xaa624205b23ee2d620474b557ab013e55b55c926,OP,1.3938,0.3141,SELL,2023-07-16 10:48:00,0.2546,CLOSE,-0.38,3,Short
0x5d4e187b0ea64e520ab88273cce8678ddb6803c8,OP,1.5245,1.3954,BUY,2023-07-16 11:29:00,0.0211,CLOSE,0.9,1,Long
0x23be95267b9414f864c908abccf5f987e42ce22c,AVAX,12.8295,0.8339,SELL,2023-07-16 21:43:00,-0.2697,OPEN,0.0,2,Short
0x4f4a940690ae223310632fab09b9ce1d1115fe6b,MATIC,0.8993,0.1594,BUY,2023-07-17 04:06:00,0.0635,OPEN,0.0,5,Long
0x9c453737aa43460414e9164eba11d3f5579cf2f1,OP,1.5421,0.6934,BUY,2023-07-17 05:26:00,-0.0518,OPEN,0.0,2,Long
0xaa624205b23ee2d620474b557ab013e55b55c926,ETH,1478.4656,0.0364,BUY,2023-07-17 06:12:00,0.0466,OPEN,0.0,10,Long
0x6262afa887ea89b1b66c12e70d25de9412bdf3dd,OP,1.5151,1.2254,SELL,2023-07-17 11:45:00,0.3135,CLOSE,0.09,1,Short
0xd070b332429151e576014d456b91028526f824b6,ARB,1.1613,1.4404,SELL,2023-07-17 12:15:00,-0.3067,OPEN,0.0,50,Short
0x893c0ce1b001bed43dbe9f36ff779cf9df99e513,ARB,1.1828,0.4978,BUY,2023-07-17 12:58:00,-0.2033,CLOSE,7.99,3,Long
0xd45a1cd4a5790cb05bf8c66c9c2a4154c047bb63,ETH,1676.6709,0.1193,BUY,2023-07-17 14:55:00,0.0031,OPEN,0.0,3,Long
0xea061b83a2dc03d04b9b22920149ea6f5465fa27,MATIC,0.9482,0.2858,BUY,2023-07-17 16:08:00,0.0371,CLOSE,2.75,20,Long
0x987c1d0a09e6109925ce9325a327c9bc34db8d33,AVAX,14.1368,0.3228,BUY,2023-07-17 19:50:00,0.1138,CLOSE,0.8,1,Long
0x37d65217f9a89b91d3d82602fe21b9178f03dce8,MATIC,0.8891,0.3577,SELL,2023-07-17 20:49:00,-0.1459,OPEN,0.0,2,Short
0x0f2f77b9475059e62105e77b8d130a7cd6f85ea9,LINK,6.301,1.3561,SELL,2023-07-17 20:52:00,0.3719,CLOSE,-0.64,1,Short
0x0285eb8e3dcc5302124dd67b15b3a223cf2bd3b2,MATIC,0.8989,0.4691,SELL,2023-07-17 23:38:00,0.1432,CLOSE,-12.68,5,Short
0x893c0ce1b001bed43dbe9f36ff779cf9df99e513,ARB,1.1082,0.1047,BUY,2023-07-18 00:54:00,-0.0272,OPEN,0.0,3,Long
0x37d65217f9a89b91d3d82602fe21b9178f03dce8,MATIC,0.9403,0.5098,SELL,2023-07-18 03:35:00,-0.6985,OPEN,0.0,3,Short
0x6772ce2c78ad77d185e724baf3c73fc855e0c397,AVAX,15.4251,0.7762,SELL,2023-07-18 05:53:00,0.182,CLOSE,33.81,10,Short
0x1d186cb24f764ddad17b04d51d4a66b0c92ad716,DOGE,0.0738,0.7909,SELL,2023-07-18 06:34:00,-0.4257,OPEN,0.0,2,Short
0x2d1a95b8825f9bbc7b309def655febd63cc1029d,ETH,1545.215,0.7014,BUY,2023-07-18 07:22:00,-0.0331,OPEN,0.0,50,Long
0x2fb4e305fa7f9e99b4f649c36ab6f03349f63204,ETH,1403.0273,1.0523,BUY,2023-07-18 10:30:00,0.0972,CLOSE,-19.79,50,Long
0x6ae91f9044b365bc545fbaefecc120afb3f0e0b8,SOL,21.7221,0.5801,SELL,2023-07-18 11:08:00,-0.106,OPEN,0.0,2,Short
0x24a05b6a280881d9f48b32588c8c89018988a3b9,LINK,6.354,0.3432,SELL,2023-07-18 11:13:00,0.3552,OPEN,0.0,3,Short
0x24a05b6a280881d9f48b32588c8c89018988a3b9,ETH,1527.7909,0.2275,BUY,2023-07-18 12:02:00,0.1052,OPEN,0.0,10,Long
0x8528643b6c996c090947e88b00fe1763200c3698,LINK,5.7044,0.8786,SELL,2023-07-18 12:44:00,0.6172,OPEN,0.0,1,Short
0x4aed548b0ad2ad42d36a65fc9fbb736529027373,AVAX,13.659,0.1582,BUY,2023-07-18 13:20:00,-0.0278,OPEN,0.0,50,Long
0x6121a1650753afb98b8a066940907804424fc225,SOL,19.0831,0.442,BUY,2023-07-18 14:42:00,0.0722,CLOSE,4.6,2,Long
0x893c0ce1b001bed43dbe9f36ff779cf9df99e513,AVAX,14.4923,0.2291,BUY,2023-07-18 16:28:00,0.1823,CLOSE,3.56,3,Long
0x987c1d0a09e6109925ce9325a327c9bc34db8d33,ARB,1.1665,0.72,BUY,2023-07-18 16:48:00,0.1358,CLOSE,-1.62,10,Long
0xa2a2e9a7468bbcd27e0f039d47476b02aac10637,SOL,21.3115,0.1245,BUY,2023-07-18 18:53:00,-0.0711,OPEN,0.0,1,Long
0xeebc475a7fbdf24e9a015d16ca79c7f443e7ab81,SOL,20.3964,0.6506,SELL,2023-07-18 19:29:00,0.0552,CLOSE,-0.8,2,Short
0x75e3bcbec520c0c454921cf1afac79214071ba6e,MATIC,0.8311,0.3091,BUY,2023-07-18 20:48:00,0.0795,OPEN,0.0,10,Long
0x09fceb2336574e225ea891b132998c73f4696abe,SOL,19.0622,0.8387,BUY,2023-07-18 21:38:00,0.1277,OPEN,0.0,1,Long
0x47484e135be5cc29287e7165fb9c975996f6a214,DOGE,0.0685,0.3541,SELL,2023-07-18 23:20:00,0.0165,OPEN,0.0,20,Short
0x14fb2d0de7f331f4ab61b71a9d5c4c8e4ef8c0e5,ETH,1772.0249,0.2018,BUY,2023-07-18 23:45:00,-0.1014,CLOSE,-8.34,3,Long
0x744c9dcc29d0c40a3d305d66bb7cf1e724333f73,BTC,26780.7847,0.4827,SELL,2023-07-19 05:22:00,-0.2507,CLOSE,53.7,20,Short
0x6262afa887ea89b1b66c12e70d25de9412bdf3dd,MATIC,0.8578,0.9901,BUY,2023-07-19 08:55:00,-0.2705,CLOSE,-63.41,20,Long
0x4f4a940690ae223310632fab09b9ce1d1115fe6b,AVAX,14.0836,0.0799,BUY,2023-07-19 14:26:00,0.0475,OPEN,0.0,5,Long
0x24a05b6a280881d9f48b32588c8c89018988a3b9,SOL,19.8887,0.4192,SELL,2023-07-19 15:12:00,-0.1819,OPEN,0.0,5,Short
0x744c9dcc29d0c40a3d305d66bb7cf1e724333f73,MATIC,0.9131,0.1562,SELL,2023-07-19 19:18:00,0.0186,CLOSE,6.38,5,Short
0xb2ad781ab883a8f93650bcd708f6c9529a07f690,MATIC,0.8818,0.1867,BUY,2023-07-19 21:03:00,-0.151,OPEN,0.0,2,Long
0x0328d5d04ef6b199bde888fc75394a7e49cbb2e3,MATIC,0.9404,1.4241,BUY,2023-07-19 23:11:00,0.3104,CLOSE,-99.29,20,Long
0x1df10b04fc8b7bb56232fbf467593f3d4db7f636,MATIC,0.9572,2.0259,SELL,2023-07-20 00:51:00,-2.1983,OPEN,0.0,20,Short
0x4aed548b0ad2ad42d36a65fc9fbb736529027373,ETH,1573.2498,0.3149,SELL,2023-07-20 03:30:00,-0.1337,OPEN,0.0,3,Short
0x7968a5f8676e6b77d71e6dadf79e40929b9c9eb0,ARB,1.149,0.8149,BUY,2023-07-20 05:18:00,0.1062,CLOSE,-2.7,1,Long
0xa2a2e9a7468bbcd27e0f039d47476b02aac10637,OP,1.5612,0.6031,SELL,2023-07-20 06:21:00,-0.0224,CLOSE,1.43,1,Short
0xbb4e5487f3cf95039e0674754240ffcd91dcb7b6,AVAX,13.0091,2.0457,SELL,2023-07-20 06:43:00,1.0002,OPEN,0.0,5,Short
0x47484e135be5cc29287e7165fb9c975996f6a214,ARB,1.2013,0.0451,SELL,2023-07-20 07:55:00,0.0382,OPEN,0.0,50,Short
0xc61546b61eada8292e6df67fbf85809118265b37,LINK,6.3257,0.0372,BUY,2023-07-20 10:24:00,0.0265,CLOSE,-15.27,10,Long
0x79734a87ec5efa730c4a5d0ff563bac34e411e6b,BTC,24936.1016,0.1128,SELL,2023-07-20 12:04:00,-0.0705,OPEN,0.0,10,Short
0x5a1966353c437c4a9bafc506875acdf42fc8ff65,SOL,20.219,0.0745,SELL,2023-07-20 15:45:00,-0.0314,CLOSE,0.41,2,Short
0x1df10b04fc8b7bb56232fbf467593f3d4db7f636,SOL,18.7594,0.023,SELL,2023-07-20 16:37:00,0.0125,CLOSE,-10.42,10,Short
0x0f2f77b9475059e62105e77b8d130a7cd6f85ea9,BNB,217.5144,0.0871,BUY,2023-07-21 01:05:00,0.0349,OPEN,0.0,50,Long
0xdb5102ee19e81b7181b47ffb28758462bdc6a2f6,OP,1.2822,1.7151,BUY,2023-07-21 12:49:00,0.5072,OPEN,0.0,10,Long
0x0285eb8e3dcc5302124dd67b15b3a223cf2bd3b2,AVAX,13.3045,1.3249,BUY,2023-07-21 14:37:00,-0.3402,CLOSE,20.06,10,Long
0xb973994ea6148c341bff47f5e9721ff9029420df,BNB,215.2512,1.3651,BUY,2023-07-21 17:49:00,0.3832,OPEN,0.0,10,Long
0x987c1d0a09e6109925ce9325a327c9bc34db8d33,ARB,1.3078,0.058,SELL,2023-07-21 23:10:00,-0.0105,CLOSE,6.34,5,Short
0x5adebdbe4ffde843c5c0942476dafed98f4081ed,DOGE,0.0683,0.4959,BUY,2023-07-22 00:47:00,-0.0949,OPEN,0.0,20,Long
0xa2e1a7b77321268164f1cab8f52cd112cfe0f364,OP,1.3059,1.1512,SELL,2023-07-22 01:39:00,1.068,CLOSE,5.48,10,Short
0x78af6c0c766c104d1e512e617f991e02976ce472,ETH,1586.9546,0.2714,BUY,2023-07-22 03:00:00,-0.1011,CLOSE,-0.28,1,Long
0xb429f0db71443a6dc3b6dd7fc8a7ccec4aa6dfca,SOL,19.4941,0.2429,BUY,2023-07-22 06:55:00,0.0583,CLOSE,28.66,10,Long
0xc87fa1c370a4cdce8a3de02aecd8246696f21820,BTC,24746.3451,0.0899,SELL,2023-07-22 07:07:00,-0.0025,OPEN,0.0,20,Short
0xc599099a389d38c5d9c8b5481edbeba0598102b1,DOGE,0.0672,0.1664,BUY,2023-07-22 09:32:00,-0.0794,OPEN,0.0,50,Long
0xee391c2f221fd53d6a55604791a2377121504c19,BNB,234.2765,0.7656,BUY,2023-07-22 10:04:00,0.2949,CLOSE,-30.17,20,Long
0x26e94b906f96d22acf1132f3c95ef725e7f49365,BTC,24787.1443,1.6377,BUY,2023-07-22 12:15:00,0.3872,CLOSE,-5.34,1,Long
0xc4dea9884019946f0c0617e568292cdd487b5de4,BNB,213.194,0.3991,BUY,2023-07-22 12:44:00,-0.2009,OPEN,0.0,2,Long
0x1d186cb24f764ddad17b04d51d4a66b0c92ad716,BTC,25280.7493,0.4617,SELL,2023-07-22 13:27:00,0.1685,OPEN,0.0,1,Short
0x0f2f77b9475059e62105e77b8d130a7cd6f85ea9,ARB,1.1926,0.44,BUY,2023-07-22 13:47:00,0.0205,CLOSE,-3.91,2,Long
0x4ccba13ed55148644802487bce53eb55921ba0fe,DOGE,0.0677,1.8208,BUY,2023-07-22 14:24:00,-0.276,OPEN,0.0,50,Long
0xb429f0db71443a6dc3b6dd7fc8a7ccec4aa6dfca,MATIC,0.8772,0.8645,SELL,2023-07-22 15:19:00,-0.7115,CLOSE,0.97,20,Short
0x525162b29a67219a10418bb3be42f9213b57465d,ETH,1639.0092,0.519,BUY,2023-07-22 17:29:00,-0.1429,CLOSE,272.07,50,Long
0x925c717311ca9170b4ac3e9b636d21179e3359dd,SOL,22.2989,1.0445,BUY,2023-07-22 20:36:00,-0.1895,CLOSE,-16.32,5,Long
0x6772ce2c78ad77d185e724baf3c73fc855e0c397,SOL,20.6569,1.4875,SELL,2023-07-23 02:29:00,-0.5372,OPEN,0.0,5,Short
0x4939835272851ed4624ebeef2cd55b020d083576,OP,1.4609,2.0828,BUY,2023-07-23 02:58:00,0.6878,CLOSE,-0.97,5,Long
0x7d320effc2b28f577dcd364c61661834374cb1ee,AVAX,13.858,1.0383,BUY,2023-07-23 03:06:00,0.0244,OPEN,0.0,2,Long
0x525162b29a67219a10418bb3be42f9213b57465d,BTC,24108.494,0.2598,BUY,2023-07-23 07:02:00,-0.1206,OPEN,0.0,3,Long
0x5adebdbe4ffde843c5c0942476dafed98f4081ed,SOL,23.0769,0.4223,BUY,2023-07-23 10:00:00,0.2872,OPEN,0.0,2,Long
0x6121a1650753afb98b8a066940907804424fc225,DOGE,0.07,0.8293,BUY,2023-07-23 16:15:00,-0.4078,CLOSE,14.63,20,Long
0xcfd86a92699b4e78a9d76f77c3658a5933d981e1,MATIC,0.9472,0.4508,SELL,2023-07-23 16:43:00,-0.0183,OPEN,0.0,1,Short
0x7968a5f8676e6b77d71e6dadf79e40929b9c9eb0,BNB,211.1486,0.6064,BUY,2023-07-23 16:48:00,0.2201,OPEN,0.0,50,Long
0x4379bda828db78e0c9e1b8c145905c0b109af197,BTC,25652.1141,0.1036,SELL,2023-07-23 19:05:00,-0.1386,OPEN,0.0,5,Short
0x646d2815b93dc22b981b7152e79d208287e60827,BTC,25784.1602,0.1071,SELL,2023-07-23 19:14:00,0.0418,OPEN,0.0,2,Short
0x0e414a03aedcefa5c05276b7aa873350baf6378b,BNB,192.875,0.2443,BUY,2023-07-24 07:06:00,-0.1167,OPEN,0.0,1,Long
0x30cf07144e7941c6c51824aa794607d5a2f34311,OP,1.5495,0.2162,BUY,2023-07-24 08:48:00,-0.2199,OPEN,0.0,5,Long
0x9c453737aa43460414e9164eba11d3f5579cf2f1,LINK,6.0696,1.4852,SELL,2023-07-24 08:58:00,-0.5022,CLOSE,-10.44,5,Short
0x37d65217f9a89b91d3d82602fe21b9178f03dce8,SOL,21.4654,0.1166,BUY,2023-07-24 09:35:00,0.0883,CLOSE,11.96,5,Long
0x2d1a95b8825f9bbc7b309def655febd63cc1029d,OP,1.5546,0.7098,SELL,2023-07-24 13:36:00,0.3386,CLOSE,50.74,20,Short
0x0285eb8e3dcc5302124dd67b15b3a223cf2bd3b2,DOGE,0.0702,0.5281,BUY,2023-07-24 14:17:00,0.1416,OPEN,0.0,5,Long
0xc4dea9884019946f0c0617e568292cdd487b5de4,DOGE,0.0634,0.0375,BUY,2023-07-24 14:27:00,-0.0431,CLOSE,2.2,5,Long
0x2e380d92bab460b09297a542e4b0198e2c87e43c,BNB,212.9043,0.5298,SELL,2023-07-24 15:53:00,0.3167,CLOSE,70.74,20,Short
0x0328d5d04ef6b199bde888fc75394a7e49cbb2e3,OP,1.5035,0.8117,SELL,2023-07-24 16:27:00,-0.2099,CLOSE,2.92,1,Short
0x6262afa887ea89b1b66c12e70d25de9412bdf3dd,OP,1.5903,1.167,BUY,2023-07-24 19:28:00,1.3613,OPEN,0.0,50,Long
0xebf28c699b1e7f2ad3e31316d86da0df789a475b,OP,1.5557,0.36,SELL,2023-07-24 20:49:00,0.2149,OPEN,0.0,3,Short
0x09fceb2336574e225ea891b132998c73f4696abe,SOL,19.3192,0.2495,BUY,2023-07-24 21:09:00,0.0365,CLOSE,8.08,5,Long
0x4ccba13ed55148644802487bce53eb55921ba0fe,AVAX,13.799,0.0863,SELL,2023-07-25 02:57:00,0.0418,OPEN,0.0,2,Short
0xc4dea9884019946f0c0617e568292cdd487b5de4,BTC,23633.0516,0.4614,BUY,2023-07-25 02:57:00,0.4181,OPEN,0.0,2,Long
0x2d1a95b8825f9bbc7b309def655febd63cc1029d,BTC,24804.6546,0.1383,SELL,2023-07-25 04:33:00,0.0409,OPEN,0.0,2,Short
0xd070b332429151e576014d456b91028526f824b6,LINK,5.731,0.0214,SELL,2023-07-25 04:48:00,-0.0324,CLOSE,-6.51,3,Short
0xaa624205b23ee2d620474b557ab013e55b55c926,ETH,1629.21,0.5763,SELL,2023-07-25 05:27:00,-0.4477,OPEN,0.0,3,Short
0xc61546b61eada8292e6df67fbf85809118265b37,AVAX,14.4494,0.8939,SELL,2023-07-25 07:39:00,0.0847,OPEN,0.0,10,Short
0xc4dea9884019946f0c0617e568292cdd487b5de4,AVAX,11.3143,0.1042,SELL,2023-07-25 09:36:00,0.0644,CLOSE,-7.13,5,Short
0x525162b29a67219a10418bb3be42f9213b57465d,ETH,1539.1519,1.6072,BUY,2023-07-25 09:46:00,0.4588,CLOSE,10.52,5,Long
0x24a05b6a280881d9f48b32588c8c89018988a3b9,LINK,6.0898,0.0247,BUY,2023-07-25 12:59:00,-0.0077,OPEN,0.0,20,Long
0xe2c1562bb67f7a529b76e91f7196d63f54ccddaf,BTC,23115.122,0.2402,SELL,2023-07-25 13:59:00,-0.0505,OPEN,0.0,10,Short
0x646d2815b93dc22b981b7152e79d208287e60827,ARB,1.2978,0.3053,BUY,2023-07-25 17:28:00,0.1355,CLOSE,-6.13,2,Long
0xbdd2a8dc587fa386779f90becc9694c9586d3ce5,DOGE,0.0713,0.0778,SELL,2023-07-25 18:18:00,0.0102,CLOSE,2.15,1,Short
0x9f46469dacc43d56c35b79bae4905b54b673b96f,DOGE,0.0654,0.9754,BUY,2023-07-25 20:20:00,-0.099,CLOSE,-0.08,1,Long
0x5cc6e86a6eb53b1f13feb35d2a7d10c872850f05,ARB,1.2152,0.0526,BUY,2023-07-26 00:01:00,0.0183,OPEN,0.0,2,Long
0xe2f5ee794b96897c7d576413e0148b2e8f9fa655,DOGE,0.0672,1.3375,BUY,2023-07-26 00:14:00,-0.3356,OPEN,0.0,50,Long
0x14fb2d0de7f331f4ab61b71a9d5c4c8e4ef8c0e5,ETH,1517.9059,0.4714,BUY,2023-07-26 03:44:00,0.233,OPEN,0.0,3,Long
0x6121a1650753afb98b8a066940907804424fc225,LINK,5.7843,0.8453,SELL,2023-07-26 05:38:00,-0.6606,OPEN,0.0,2,Short
0x2e380d92bab460b09297a542e4b0198e2c87e43c,ARB,1.1643,0.368,SELL,2023-07-26 09:41:00,0.2529,OPEN,0.0,50,Short
0xc599099a389d38c5d9c8b5481edbeba0598102b1,MATIC,0.9181,2.9425,SELL,2023-07-26 11:13:00,1.914,OPEN,0.0,20,Short
0x75e3bcbec520c0c454921cf1afac79214071ba6e,BTC,27219.3636,0.6286,BUY,2023-07-26 13:27:00,-0.4649,OPEN,0.0,3,Long
0xf547770f567ab48950b47158a6efc236cb73d8c1,MATIC,0.8313,0.4035,BUY,2023-07-26 13:53:00,-0.0771,CLOSE,-25.22,20,Long
0xb4d87bd4dc83166db001549b0f7dd10ed8172a97,SOL,19.1443,0.345,SELL,2023-07-26 17:02:00,-0.1505,CLOSE,-1.57,1,Short
0xe2f5ee794b96897c7d576413e0148b2e8f9fa655,MATIC,0.8846,2.0687,BUY,2023-07-26 19:53:00,-1.0055,OPEN,0.0,2,Long
0x4aed548b0ad2ad42d36a65fc9fbb736529027373,OP,1.5531,0.1923,SELL,2023-07-26 23:49:00,-0.1061,CLOSE,-21.03,5,Short
0xb973994ea6148c341bff47f5e9721ff9029420df,SOL,20.883,0.9465,BUY,2023-07-26 23:53:00,0.2445,CLOSE,34.22,50,Long
0xf547770f567ab48950b47158a6efc236cb73d8c1,DOGE,0.0659,0.0217,SELL,2023-07-27 03:32:00,-0.0036,OPEN,0.0,1,Short
0xa2a2e9a7468bbcd27e0f039d47476b02aac10637,DOGE,0.0678,0.4323,SELL,2023-07-27 03:57:00,0.0752,OPEN,0.0,20,Short
0x9c453737aa43460414e9164eba11d3f5579cf2f1,AVAX,13.5437,0.6179,BUY,2023-07-27 09:24:00,-0.1125,OPEN,0.0,2,Long
0x24a05b6a280881d9f48b32588c8c89018988a3b9,OP,1.5619,0.4135,BUY,2023-07-27 09:48:00,-0.0049,OPEN,0.0,2,Long
0x43daceb7e014b2c8f1e1dea64bf293277027181b,AVAX,14.01,0.4608,SELL,2023-07-27 13:28:00,0.2099,CLOSE,88.43,50,Short
0x24a05b6a280881d9f48b32588c8c89018988a3b9,MATIC,0.916,0.022,BUY,2023-07-28 03:14:00,-0.0199,OPEN,0.0,20,Long
0x4ccba13ed55148644802487bce53eb55921ba0fe,OP,1.4683,0.4182,BUY,2023-07-28 05:12:00,-0.3663,OPEN,0.0,5,Long
0xe2f5ee794b96897c7d576413e0148b2e8f9fa655,LINK,6.0445,0.0371,BUY,2023-07-28 05:15:00,-0.0062,CLOSE,49.46,50,Long
0x37d65217f9a89b91d3d82602fe21b9178f03dce8,SOL,20.8458,0.0389,SELL,2023-07-28 06:01:00,0.01,CLOSE,1.38,1,Short
0xe2c1562bb67f7a529b76e91f7196d63f54ccddaf,DOGE,0.066,0.3884,BUY,2023-07-28 06:10:00,-0.1873,OPEN,0.0,50,Long
0x6262afa887ea89b1b66c12e70d25de9412bdf3dd,ETH,1566.7026,0.0668,BUY,2023-07-28 09:09:00,-0.0182,CLOSE,0.9,5,Long
0x5f3203e5a82554fb4ff75ee00ec09483e2ae0341,OP,1.5267,1.7985,SELL,2023-07-28 12:13:00,0.1621,CLOSE,-1.81,1,Short
0xbb4e5487f3cf95039e0674754240ffcd91dcb7b6,OP,1.4498,1.3451,BUY,2023-07-28 12:28:00,0.7815,OPEN,0.0,3,Long
0xb973994ea6148c341bff47f5e9721ff9029420df,AVAX,14.1094,0.198,SELL,2023-07-28 19:01:00,0.0253,OPEN,0.0,2,Short
0xeebc475a7fbdf24e9a015d16ca79c7f443e7ab81,LINK,6.3964,0.2592,SELL,2023-07-28 20:14:00,0.0321,OPEN,0.0,1,Short
0x37d65217f9a89b91d3d82602fe21b9178f03dce8,BNB,201.5149,0.5346,SELL,2023-07-28 20:14:00,0.1284,OPEN,0.0,2,Short
0xc4dea9884019946f0c0617e568292cdd487b5de4,DOGE,0.0741,1.4687,BUY,2023-07-28 23:32:00,-0.647,OPEN,0.0,3,Long
0x23be95267b9414f864c908abccf5f987e42ce22c,SOL,19.1803,1.0671,BUY,2023-07-28 23:55:00,0.1794,CLOSE,-5.84,5,Long
0xc599099a389d38c5d9c8b5481edbeba0598102b1,DOGE,0.0715,0.8494,SELL,2023-07-29 00:54:00,-0.4398,OPEN,0.0,5,Short
0x30cf07144e7941c6c51824aa794607d5a2f34311,LINK,5.911,0.0492,BUY,2023-07-29 03:51:00,0.0216,OPEN,0.0,50,Long
0x1df10b04fc8b7bb56232fbf467593f3d4db7f636,AVAX,13.8871,0.5165,SELL,2023-07-29 04:01:00,-0.1452,OPEN,0.0,2,Short
0x23be95267b9414f864c908abccf5f987e42ce22c,ARB,1.2442,0.0425,BUY,2023-07-29 06:36:00,-0.0206,OPEN,0.0,5,Long
0x78af6c0c766c104d1e512e617f991e02976ce472,OP,1.5131,0.236,SELL,2023-07-29 09:10:00,-0.0022,OPEN,0.0,20,Short
0x987c1d0a09e6109925ce9325a327c9bc34db8d33,MATIC,0.9529,0.5259,BUY,2023-07-29 11:25:00,-0.0105,CLOSE,143.76,50,Long
0xd45a1cd4a5790cb05bf8c66c9c2a4154c047bb63,AVAX,14.229,0.1135,BUY,2023-07-29 11:28:00,0.0088,OPEN,0.0,1,Long
0xe921971dbc1ec5636c7872b4ccfded69e5a45abe,ARB,1.2781,0.3052,SELL,2023-07-29 13:06:00,0.1528,OPEN,0.0,10,Short
0xdaae4227dfe85b6068adba35a50dd7a2e75f34fe,AVAX,14.15,1.3978,BUY,2023-07-29 14:43:00,0.9918,CLOSE,-37.99,10,Long
0x453dd2d9eed5ff86eb409796ee5f1e1d285c33d4,OP,1.4549,0.1014,BUY,2023-07-29 17:10:00,0.0592,CLOSE,-0.45,5,Long
0x6ae91f9044b365bc545fbaefecc120afb3f0e0b8,BNB,210.5006,0.0865,SELL,2023-07-29 21:11:00,-0.0712,CLOSE,-102.59,50,Short
0xf547770f567ab48950b47158a6efc236cb73d8c1,LINK,5.8309,0.4784,BUY,2023-07-29 21:25:00,-0.2391,CLOSE,41.72,10,Long
0xd070b332429151e576014d456b91028526f824b6,MATIC,0.8531,0.9415,SELL,2023-07-29 22:06:00,0.1737,CLOSE,1.79,1,Short
0x09fceb2336574e225ea891b132998c73f4696abe,BNB,206.2968,0.1215,BUY,2023-07-30 01:53:00,0.0425,OPEN,0.0,1,Long
0x79734a87ec5efa730c4a5d0ff563bac34e411e6b,SOL,19.9179,0.9576,BUY,2023-07-30 03:16:00,0.4725,CLOSE,-6.78,3,Long
0xe921971dbc1ec5636c7872b4ccfded69e5a45abe,DOGE,0.0729,0.0271,SELL,2023-07-30 03:22:00,-0.0116,CLOSE,3.12,1,Short
0x525162b29a67219a10418bb3be42f9213b57465d,MATIC,0.881,0.9362,BUY,2023-07-30 04:09:00,-0.5294,OPEN,0.0,50,Long
0x47484e135be5cc29287e7165fb9c975996f6a214,SOL,20.9623,0.6553,BUY,2023-07-30 05:06:00,-0.351,OPEN,0.0,20,Long
0xa2a2e9a7468bbcd27e0f039d47476b02aac10637,ETH,1555.718,0.0675,SELL,2023-07-30 06:31:00,0.0162,CLOSE,-15.66,10,Short
0x744cb7ef9bc0528b331a9c8cbdd555eeda37cf0e,AVAX,14.1197,1.7544,BUY,2023-07-30 08:17:00,0.1173,OPEN,0.0,50,Long
0xf547770f567ab48950b47158a6efc236cb73d8c1,BTC,24424.8113,0.0658,BUY,2023-07-30 10:06:00,0.0368,CLOSE,132.44,50,Long
0x75e3bcbec520c0c454921cf1afac79214071ba6e,BNB,208.5607,0.2241,BUY,2023-07-30 19:09:00,0.1683,OPEN,0.0,50,Long
0x47484e135be5cc29287e7165fb9c975996f6a214,BNB,192.6055,0.7418,SELL,2023-07-30 23:21:00,-0.1945,OPEN,0.0,5,Short
0xdb5102ee19e81b7181b47ffb28758462bdc6a2f6,OP,1.4899,0.7756,SELL,2023-07-30 23:55:00,-0.7027,CLOSE,27.62,20,Short
0xc87fa1c370a4cdce8a3de02aecd8246696f21820,OP,1.4387,0.3191,SELL,2023-07-31 09:51:00,0.0751,OPEN,0.0,20,Short
0x9f46469dacc43d56c35b79bae4905b54b673b96f,BNB,210.6945,1.9235,SELL,2023-07-31 12:09:00,-1.1971,CLOSE,-0.34,3,Short
0x0af6790523dd0af40c1c3a03a4c1a0df6067eba2,AVAX,14.8475,0.6992,SELL,2023-07-31 16:54:00,-0.1442,OPEN,0.0,3,Short
0x893c0ce1b001bed43dbe9f36ff779cf9df99e513,SOL,19.0074,1.5845,BUY,2023-07-31 20:41:00,0.5454,CLOSE,7.8,10,Long
0xa2e1a7b77321268164f1cab8f52cd112cfe0f364,DOGE,0.0754,0.9206,SELL,2023-07-31 21:12:00,0.3931,CLOSE,-18.61,10,Short
0xd45a1cd4a5790cb05bf8c66c9c2a4154c047bb63,ETH,1622.5534,0.741,BUY,2023-07-31 22:58:00,0.0994,OPEN,0.0,20,Long
0x4f4a940690ae223310632fab09b9ce1d1115fe6b,ARB,1.2055,0.6054,BUY,2023-08-01 01:59:00,-0.2675,CLOSE,20.37,50,Long
0xdb5102ee19e81b7181b47ffb28758462bdc6a2f6,ETH,1644.98,1.1779,BUY,2023-08-01 03:34:00,-0.1229,OPEN,0.0,2,Long
0x6262afa887ea89b1b66c12e70d25de9412bdf3dd,MATIC,0.9548,0.2926,SELL,2023-08-01 03:35:00,0.0702,OPEN,0.0,50,Short
0xc87fa1c370a4cdce8a3de02aecd8246696f21820,ETH,1506.4067,0.0816,SELL,2023-08-01 14:18:00,-0.1172,OPEN,0.0,20,Short
0xa2a2e9a7468bbcd27e0f039d47476b02aac10637,ETH,1693.3096,0.324,SELL,2023-08-01 17:28:00,0.086,OPEN,0.0,5,Short
0xe2c1562bb67f7a529b76e91f7196d63f54ccddaf,BTC,27106.5294,0.4312,SELL,2023-08-01 20:51:00,0.1717,OPEN,0.0,2,Short
0x4379bda828db78e0c9e1b8c145905c0b109af197,OP,1.5127,0.5616,SELL,2023-08-02 04:18:00,-0.1966,CLOSE,-63.82,50,Short
0x4939835272851ed4624ebeef2cd55b020d083576,ETH,1562.9667,0.6081,BUY,2023-08-02 08:00:00,-0.3322,CLOSE,7.5,3,Long
0x43daceb7e014b2c8f1e1dea64bf293277027181b,AVAX,13.417,0.2175,BUY,2023-08-02 09:43:00,-0.2082,CLOSE,-2.76,1,Long
0x23be95267b9414f864c908abccf5f987e42ce22c,MATIC,0.8613,0.3018,BUY,2023-08-02 11:00:00,-0.0986,OPEN,0.0,10,Long
0x24a05b6a280881d9f48b32588c8c89018988a3b9,OP,1.6103,0.749,BUY,2023-08-02 15:13:00,0.9086,CLOSE,41.84,50,Long
0x0285eb8e3dcc5302124dd67b15b3a223cf2bd3b2,OP,1.4968,0.4759,SELL,2023-08-02 17:31:00,-0.0663,OPEN,0.0,10,Short
0x525162b29a67219a10418bb3be42f9213b57465d,DOGE,0.07,0.1854,SELL,2023-08-02 22:08:00,-0.067,OPEN,0.0,5,Short
0xd070b332429151e576014d456b91028526f824b6,MATIC,0.8777,0.1189,SELL,2023-08-03 06:24:00,0.0364,CLOSE,-3.02,1,Short
0x47484e135be5cc29287e7165fb9c975996f6a214,BNB,208.9503,0.2903,BUY,2023-08-03 08:48:00,-0.2316,OPEN,0.0,1,Long
0x37d65217f9a89b91d3d82602fe21b9178f03dce8,LINK,6.2952,0.1869,BUY,2023-08-03 10:44:00,-0.0221,OPEN,0.0,50,Long
0x0328d5d04ef6b199bde888fc75394a7e49cbb2e3,AVAX,13.4592,0.6553,SELL,2023-08-03 11:32:00,-0.3029,CLOSE,12.89,20,Short
0x5f3203e5a82554fb4ff75ee00ec09483e2ae0341,BNB,196.4728,0.0407,BUY,2023-08-03 12:56:00,0.006,OPEN,0.0,20,Long
0x37d65217f9a89b91d3d82602fe21b9178f03dce8,ETH,1513.6486,0.4855,SELL,2023-08-03 16:13:00,0.3859,CLOSE,62.41,50,Short
0xe921971dbc1ec5636c7872b4ccfded69e5a45abe,SOL,21.3011,0.2466,SELL,2023-08-03 22:48:00,-0.2307,CLOSE,-1.21,2,Short
0xc4dea9884019946f0c0617e568292cdd487b5de4,BNB,203.1432,1.7603,SELL,2023-08-03 22:51:00,-0.1507,OPEN,0.0,50,Short
0x30cf07144e7941c6c51824aa794607d5a2f34311,BNB,202.3385,0.2597,BUY,2023-08-04 02:48:00,0.0551,OPEN,0.0,50,Long
0xedbe03d7cf3f6121ea929dfa1841270856f03d2b,BTC,25758.4527,0.2967,SELL,2023-08-04 08:49:00,0.085,OPEN,0.0,5,Short
0x646d2815b93dc22b981b7152e79d208287e60827,BTC,24812.6525,0.1679,BUY,2023-08-04 09:50:00,0.0443,CLOSE,-6.36,3,Long
0x8528643b6c996c090947e88b00fe1763200c3698,OP,1.4295,0.1104,SELL,2023-08-04 11:55:00,0.0413,OPEN,0.0,10,Short
0x4f4a940690ae223310632fab09b9ce1d1115fe6b,DOGE,0.0722,0.3499,SELL,2023-08-04 14:08:00,-0.0525,CLOSE,-4.51,2,Short
0x4f4a940690ae223310632fab09b9ce1d1115fe6b,BTC,21486.7146,1.1673,SELL,2023-08-04 15:20:00,0.3538,OPEN,0.0,1,Short
0x744cb7ef9bc0528b331a9c8cbdd555eeda37cf0e,OP,1.484,0.0417,SELL,2023-08-04 17:41:00,-0.0029,OPEN,0.0,3,Short
0xc599099a389d38c5d9c8b5481edbeba0598102b1,MATIC,0.949,0.0779,SELL,2023-08-05 00:33:00,0.0608,CLOSE,17.86,50,Short
0xe921971dbc1ec5636c7872b4ccfded69e5a45abe,BTC,25080.3686,0.9579,BUY,2023-08-05 02:09:00,0.4535,CLOSE,-12.54,10,Long
0x1d186cb24f764ddad17b04d51d4a66b0c92ad716,MATIC,0.919,0.1702,BUY,2023-08-05 02:58:00,-0.0456,OPEN,0.0,20,Long
0xe2f5ee794b96897c7d576413e0148b2e8f9fa655,BNB,208.9648,0.5154,SELL,2023-08-05 03:52:00,0.0049,CLOSE,10.27,20,Short
0x744cb7ef9bc0528b331a9c8cbdd555eeda37cf0e,OP,1.3987,0.157,BUY,2023-08-05 11:42:00,-0.202,CLOSE,-1.54,3,Long
0xaa624205b23ee2d620474b557ab013e55b55c926,MATIC,0.776,0.0609,SELL,2023-08-05 15:47:00,-0.0148,CLOSE,3.54,5,Short
0xc4dea9884019946f0c0617e568292cdd487b5de4,AVAX,13.8971,0.0667,BUY,2023-08-05 17:01:00,0.0478,CLOSE,-3.38,1,Long
0x37d65217f9a89b91d3d82602fe21b9178f03dce8,BTC,24239.5021,0.3589,BUY,2023-08-05 18:47:00,0.2943,OPEN,0.0,1,Long
0x79734a87ec5efa730c4a5d0ff563bac34e411e6b,ETH,1492.8424,0.0368,SELL,2023-08-05 23:40:00,-0.0116,OPEN,0.0,1,Short
0x5a1966353c437c4a9bafc506875acdf42fc8ff65,MATIC,0.8154,1.1888,SELL,2023-08-06 00:00:00,-1.0681,CLOSE,170.93,50,Short
0x744c9dcc29d0c40a3d305d66bb7cf1e724333f73,AVAX,15.2665,0.168,BUY,2023-08-06 05:38:00,-0.0183,OPEN,0.0,2,Long
0x6121a1650753afb98b8a066940907804424fc225,SOL,19.1297,0.5551,SELL,2023-08-06 06:17:00,0.0513,OPEN,0.0,20,Short
0x0f2f77b9475059e62105e77b8d130a7cd6f85ea9,OP,1.4969,0.0922,BUY,2023-08-06 07:37:00,-0.009,CLOSE,-25.53,50,Long
0x0e414a03aedcefa5c05276b7aa873350baf6378b,ARB,1.2175,0.2684,SELL,2023-08-06 08:14:00,-0.0136,OPEN,0.0,2,Short
0xc61546b61eada8292e6df67fbf85809118265b37,ARB,1.1918,0.1837,BUY,2023-08-06 13:22:00,0.0723,OPEN,0.0,5,Long
0x4f4a940690ae223310632fab09b9ce1d1115fe6b,LINK,6.2364,0.4871,BUY,2023-08-06 13:27:00,-0.0834,OPEN,0.0,2,Long
0xd070b332429151e576014d456b91028526f824b6,LINK,6.204,0.6431,BUY,2023-08-06 19:00:00,0.185,CLOSE,3.24,2,Long
0xea061b83a2dc03d04b9b22920149ea6f5465fa27,SOL,19.7733,0.0498,BUY,2023-08-06 21:11:00,-0.0431,CLOSE,-7.55,5,Long
0x09fceb2336574e225ea891b132998c73f4696abe,BTC,25773.854,0.7375,BUY,2023-08-06 21:30:00,-0.1385,OPEN,0.0,3,Long
0xbdd2a8dc587fa386779f90becc9694c9586d3ce5,LINK,6.1129,0.0691,SELL,2023-08-07 00:15:00,0.0176,CLOSE,-1.05,1,Short
0x744c9dcc29d0c40a3d305d66bb7cf1e724333f73,ETH,1591.2804,0.3554,SELL,2023-08-07 02:47:00,-0.2747,OPEN,0.0,2,Short
0xe2c1562bb67f7a529b76e91f7196d63f54ccddaf,OP,1.5521,0.6097,SELL,2023-08-07 08:45:00,-0.3496,CLOSE,-5.92,2,Short
0x744cb7ef9bc0528b331a9c8cbdd555eeda37cf0e,AVAX,13.3639,1.3508,SELL,2023-08-07 08:52:00,1.1377,CLOSE,0.3,2,Short
0xdaae4227dfe85b6068adba35a50dd7a2e75f34fe,AVAX,15.6028,1.7737,BUY,2023-08-07 09:51:00,0.2751,OPEN,0.0,3,Long
0x0328d5d04ef6b199bde888fc75394a7e49cbb2e3,ETH,1679.7013,0.2918,BUY,2023-08-07 12:11:00,-0.072,CLOSE,1.4,1,Long
0x9c453737aa43460414e9164eba11d3f5579cf2f1,OP,1.4313,1.4342,SELL,2023-08-07 14:26:00,-0.6002,CLOSE,6.28,3,Short
0xb4d87bd4dc83166db001549b0f7dd10ed8172a97,MATIC,0.9108,0.2809,SELL,2023-08-07 19:11:00,-0.1856,CLOSE,6.01,10,Short
0x5a1966353c437c4a9bafc506875acdf42fc8ff65,LINK,6.0571,0.3892,BUY,2023-08-07 20:03:00,0.0874,CLOSE,0.46,10,Long
0x24a05b6a280881d9f48b32588c8c89018988a3b9,DOGE,0.0746,0.0947,BUY,2023-08-07 20:24:00,-0.0406,OPEN,0.0,5,Long
0x9c453737aa43460414e9164eba11d3f5579cf2f1,LINK,6.3614,0.0526,BUY,2023-08-07 20:37:00,-0.003,CLOSE,-0.68,2,Long
0x4939835272851ed4624ebeef2cd55b020d083576,OP,1.4871,0.4508,SELL,2023-08-07 22:22:00,0.2476,OPEN,0.0,1,Short
0x78af6c0c766c104d1e512e617f991e02976ce472,MATIC,0.9237,0.4179,SELL,2023-08-08 02:14:00,-0.0998,CLOSE,-10.87,3,Short
0xdb5102ee19e81b7181b47ffb28758462bdc6a2f6,OP,1.4091,0.3464,BUY,2023-08-08 05:13:00,0.1732,CLOSE,-0.09,2,Long
0xebf28c699b1e7f2ad3e31316d86da0df789a475b,DOGE,0.0703,0.1311,BUY,2023-08-08 06:51:00,0.0026,CLOSE,4.43,1,Long
0x14fb2d0de7f331f4ab61b71a9d5c4c8e4ef8c0e5,SOL,19.8517,0.4552,SELL,2023-08-08 10:50:00,0.2739,OPEN,0.0,3,Short
0x6262afa887ea89b1b66c12e70d25de9412bdf3dd,LINK,5.8575,0.3452,BUY,2023-08-08 12:18:00,-0.1126,CLOSE,36.41,20,Long
0x4939835272851ed4624ebeef2cd55b020d083576,SOL,20.8125,1.1011,SELL,2023-08-08 15:24:00,0.7467,CLOSE,-9.88,5,Short
0x5f3203e5a82554fb4ff75ee00ec09483e2ae0341,SOL,18.4186,1.0397,SELL,2023-08-08 23:17:00,0.3263,OPEN,0.0,1,Short
0xe2c1562bb67f7a529b76e91f7196d63f54ccddaf,MATIC,0.9227,1.8605,SELL,2023-08-09 00:23:00,-0.538,CLOSE,4.37,1,Short
0x5adebdbe4ffde843c5c0942476dafed98f4081ed,DOGE,0.074,0.2292,SELL,2023-08-09 01:45:00,0.0698,OPEN,0.0,5,Short
0xbb4e5487f3cf95039e0674754240ffcd91dcb7b6,BNB,211.9212,0.6718,BUY,2023-08-09 02:29:00,-0.47,OPEN,0.0,3,Long
0xeea684c1f340e7d01d339e94e345a318e63f4345,OP,1.488,1.2137,BUY,2023-08-09 03:39:00,0.5735,OPEN,0.0,3,Long
0xb4d87bd4dc83166db001549b0f7dd10ed8172a97,ARB,1.1782,0.0686,SELL,2023-08-09 03:44:00,0.0102,CLOSE,3.73,10,Short
0x7968a5f8676e6b77d71e6dadf79e40929b9c9eb0,LINK,6.606,0.4999,SELL,2023-08-09 05:11:00,0.0623,CLOSE,43.8,20,Short
0xb77e6e8c09d1faa2d9fa8746ce75c51abe7252be,AVAX,13.7844,0.0939,SELL,2023-08-09 06:38:00,0.0366,CLOSE,0.4,2,Short
0xe2f5ee794b96897c7d576413e0148b2e8f9fa655,BNB,217.8823,0.2195,BUY,2023-08-09 07:18:00,0.0428,CLOSE,3.91,5,Long
0x0af6790523dd0af40c1c3a03a4c1a0df6067eba2,AVAX,15.4381,0.0709,BUY,2023-08-09 08:31:00,0.003,CLOSE,-40.77,20,Long
0xe2f5ee794b96897c7d576413e0148b2e8f9fa655,BNB,208.3493,0.235,BUY,2023-08-09 09:38:00,0.2173,CLOSE,117.66,50,Long
0xbb4e5487f3cf95039e0674754240ffcd91dcb7b6,ARB,1.234,0.7607,SELL,2023-08-09 11:44:00,-0.0472,CLOSE,3.3,2,Short
0x893c0ce1b001bed43dbe9f36ff779cf9df99e513,BNB,213.8913,1.3345,BUY,2023-08-09 12:43:00,0.636,CLOSE,16.78,10,Long
0x6772ce2c78ad77d185e724baf3c73fc855e0c397,MATIC,0.8868,0.0646,SELL,2023-08-09 13:48:00,0.0223,OPEN,0.0,10,Short
0x24a05b6a280881d9f48b32588c8c89018988a3b9,MATIC,0.9165,0.0436,BUY,2023-08-09 23:32:00,0.0368,OPEN,0.0,10,Long
0xbdd2a8dc587fa386779f90becc9694c9586d3ce5,OP,1.5342,0.0402,SELL,2023-08-10 05:09:00,-0.0074,CLOSE,10.81,3,Short
0x1d186cb24f764ddad17b04d51d4a66b0c92ad716,SOL,20.745,0.1133,SELL,2023-08-10 06:25:00,0.0815,OPEN,0.0,50,Short
0x9c453737aa43460414e9164eba11d3f5579cf2f1,DOGE,0.0719,1.0811,BUY,2023-08-10 07:11:00,-0.034,CLOSE,5.33,5,Long
0x30cf07144e7941c6c51824aa794607d5a2f34311,SOL,20.7678,0.4496,SELL,2023-08-10 07:20:00,0.0081,OPEN,0.0,20,Short
0x0328d5d04ef6b199bde888fc75394a7e49cbb2e3,LINK,5.8048,0.5016,BUY,2023-08-10 09:50:00,0.2617,CLOSE,1.27,2,Long
0x0af6790523dd0af40c1c3a03a4c1a0df6067eba2,DOGE,0.077,0.8615,BUY,2023-08-10 15:38:00,0.222,OPEN,0.0,10,Long
0x5cc6e86a6eb53b1f13feb35d2a7d10c872850f05,OP,1.538,0.7414,SELL,2023-08-10 17:33:00,0.8093,OPEN,0.0,2,Short
0xea061b83a2dc03d04b9b22920149ea6f5465fa27,MATIC,0.9421,0.7286,BUY,2023-08-10 19:29:00,-0.1716,CLOSE,18.59,10,Long
0x1d186cb24f764ddad17b04d51d4a66b0c92ad716,SOL,19.8098,0.2939,BUY,2023-08-10 21:14:00,-0.22,OPEN,0.0,1,Long
0x14fb2d0de7f331f4ab61b71a9d5c4c8e4ef8c0e5,SOL,20.6523,0.068,BUY,2023-08-10 21:19:00,-0.0555,OPEN,0.0,50,Long
0xbdd2a8dc587fa386779f90becc9694c9586d3ce5,AVAX,14.3764,0.0649,SELL,2023-08-10 22:38:00,0.0223,OPEN,0.0,10,Short
0xea061b83a2dc03d04b9b22920149ea6f5465fa27,LINK,5.9357,0.138,SELL,2023-08-10 23:02:00,-0.0414,CLOSE,-3.21,50,Short
0x646d2815b93dc22b981b7152e79d208287e60827,ETH,1817.2757,1.0134,SELL,2023-08-10 23:51:00,-0.1367,CLOSE,-0.49,50,Short
0x14fb2d0de7f331f4ab61b71a9d5c4c8e4ef8c0e5,ARB,1.2325,0.3175,BUY,2023-08-11 02:21:00,0.1391,OPEN,0.0,3,Long
0x1df10b04fc8b7bb56232fbf467593f3d4db7f636,LINK,6.4041,0.6568,SELL,2023-08-11 05:44:00,0.2069,OPEN,0.0,10,Short
0xb973994ea6148c341bff47f5e9721ff9029420df,ARB,1.3017,0.5127,SELL,2023-08-11 13:20:00,-0.0271,OPEN,0.0,50,Short
0x1d186cb24f764ddad17b04d51d4a66b0c92ad716,BTC,24354.9441,0.0289,SELL,2023-08-11 13:59:00,-0.0203,CLOSE,55.1,50,Short
0x2fb4e305fa7f9e99b4f649c36ab6f03349f63204,DOGE,0.0661,0.4437,BUY,2023-08-11 16:08:00,-0.4589,CLOSE,0.84,3,Long
0x5a1966353c437c4a9bafc506875acdf42fc8ff65,ARB,1.1255,0.6904,SELL,2023-08-11 23:02:00,-0.6353,CLOSE,13.78,5,Short
0x3be2f0013aec35a8fd588a7ee15b7c917e04dd75,DOGE,0.0728,0.5858,BUY,2023-08-12 01:15:00,-0.1071,CLOSE,-0.61,3,Long
0x646d2815b93dc22b981b7152e79d208287e60827,BNB,212.0447,0.0197,SELL,2023-08-12 02:58:00,0.0193,OPEN,0.0,5,Short
0xb5165416bd5e31205f5eebdb26cd1592ebddca2e,LINK,5.5306,0.0299,BUY,2023-08-12 08:49:00,-0.0185,OPEN,0.0,50,Long
0xedbe03d7cf3f6121ea929dfa1841270856f03d2b,SOL,23.1404,0.1888,SELL,2023-08-12 11:58:00,-0.0141,OPEN,0.0,5,Short
0x37d65217f9a89b91d3d82602fe21b9178f03dce8,SOL,20.1581,1.3984,SELL,2023-08-12 12:27:00,0.0234,CLOSE,213.77,50,Short
0x2fb4e305fa7f9e99b4f649c36ab6f03349f63204,SOL,19.3067,1.4869,SELL,2023-08-12 17:05:00,0.1891,CLOSE,-7.72,5,Short
0x4ccba13ed55148644802487bce53eb55921ba0fe,ETH,1563.2316,0.1172,BUY,2023-08-12 21:23:00,-0.0623,OPEN,0.0,3,Long
0x78af6c0c766c104d1e512e617f991e02976ce472,AVAX,13.8938,0.8947,BUY,2023-08-12 21:56:00,-0.2653,CLOSE,7.29,10,Long
0x5adebdbe4ffde843c5c0942476dafed98f4081ed,SOL,21.0973,1.318,BUY,2023-08-13 03:02:00,-1.0318,OPEN,0.0,2,Long
0x925c717311ca9170b4ac3e9b636d21179e3359dd,LINK,5.955,0.8171,BUY,2023-08-13 03:57:00,-0.5855,CLOSE,-0.56,1,Long
0xee391c2f221fd53d6a55604791a2377121504c19,AVAX,12.7167,0.0818,SELL,2023-08-13 07:32:00,-0.0011,OPEN,0.0,3,Short
0x5f3203e5a82554fb4ff75ee00ec09483e2ae0341,BTC,27311.1733,0.2568,BUY,2023-08-13 10:19:00,-0.2607,OPEN,0.0,5,Long
0x78af6c0c766c104d1e512e617f991e02976ce472,BNB,205.5505,0.3188,SELL,2023-08-13 11:48:00,-0.0723,CLOSE,-93.11,50,Short
0x893c0ce1b001bed43dbe9f36ff779cf9df99e513,ARB,1.161,0.3432,BUY,2023-08-13 12:12:00,-0.1258,CLOSE,-2.6,5,Long
0xc599099a389d38c5d9c8b5481edbeba0598102b1,SOL,21.1211,0.9979,SELL,2023-08-13 12:54:00,-0.2643,OPEN,0.0,20,Short
0x4f4a940690ae223310632fab09b9ce1d1115fe6b,LINK,6.1225,0.1448,BUY,2023-08-13 14:46:00,-0.0624,CLOSE,-1.09,2,Long
0xeebc475a7fbdf24e9a015d16ca79c7f443e7ab81,BTC,25940.8745,0.83,SELL,2023-08-13 15:16:00,0.0156,OPEN,0.0,20,Short
0x6772ce2c78ad77d185e724baf3c73fc855e0c397,MATIC,0.934,3.1694,SELL,2023-08-13 15:58:00,-0.7584,OPEN,0.0,2,Short
0x4379bda828db78e0c9e1b8c145905c0b109af197,LINK,6.2325,0.0892,BUY,2023-08-13 16:24:00,0.0247,CLOSE,0.81,2,Long
0x5d4e187b0ea64e520ab88273cce8678ddb6803c8,BTC,24335.7856,0.2039,BUY,2023-08-13 17:04:00,-0.0913,CLOSE,-37.37,50,Long
0x4ccba13ed55148644802487bce53eb55921ba0fe,AVAX,13.7455,0.1665,SELL,2023-08-13 17:18:00,-0.0047,OPEN,0.0,20,Short
0x3be2f0013aec35a8fd588a7ee15b7c917e04dd75,DOGE,0.0633,0.1777,BUY,2023-08-13 17:56:00,0.1036,OPEN,0.0,3,Long
0x79734a87ec5efa730c4a5d0ff563bac34e411e6b,ETH,1599.3012,0.3527,SELL,2023-08-13 21:07:00,-0.0101,OPEN,0.0,10,Short
0x925c717311ca9170b4ac3e9b636d21179e3359dd,AVAX,14.2462,0.6998,SELL,2023-08-13 23:26:00,0.0378,OPEN,0.0,1,Short
0x925c717311ca9170b4ac3e9b636d21179e3359dd,BNB,218.2091,0.217,BUY,2023-08-14 01:04:00,0.141,CLOSE,-8.17,5,Long
0xd070b332429151e576014d456b91028526f824b6,ARB,1.2259,0.0718,SELL,2023-08-14 03:47:00,0.021,CLOSE,13.28,10,Short
0xb429f0db71443a6dc3b6dd7fc8a7ccec4aa6dfca,SOL,20.9319,2.1958,SELL,2023-08-14 08:05:00,1.204,CLOSE,29.25,20,Short
0x5d4e187b0ea64e520ab88273cce8678ddb6803c8,ARB,1.2427,0.7256,SELL,2023-08-14 08:29:00,0.1825,CLOSE,1.95,3,Short
0x6772ce2c78ad77d185e724baf3c73fc855e0c397,AVAX,13.4989,1.3127,BUY,2023-08-14 11:17:00,-0.6041,CLOSE,0.87,2,Long
0xa2e1a7b77321268164f1cab8f52cd112cfe0f364,OP,1.531,0.2805,SELL,2023-08-14 14:27:00,-0.046,CLOSE,2.16,3,Short
0x5d4e187b0ea64e520ab88273cce8678ddb6803c8,AVAX,13.6262,0.4089,BUY,2023-08-14 17:05:00,0.273,CLOSE,-7.25,5,Long
0x0285eb8e3dcc5302124dd67b15b3a223cf2bd3b2,SOL,20.2974,0.3043,BUY,2023-08-14 20:48:00,-0.0155,OPEN,0.0,20,Long
0x9c453737aa43460414e9164eba11d3f5579cf2f1,SOL,20.4474,0.0428,BUY,2023-08-14 23:20:00,-0.0087,OPEN,0.0,2,Long
0x14fb2d0de7f331f4ab61b71a9d5c4c8e4ef8c0e5,LINK,5.8319,0.2856,BUY,2023-08-14 23:40:00,-0.0962,CLOSE,13.16,20,Long
0x2fb4e305fa7f9e99b4f649c36ab6f03349f63204,MATIC,0.9019,0.3164,SELL,2023-08-15 01:15:00,0.0782,OPEN,0.0,2,Short
0x9c453737aa43460414e9164eba11d3f5579cf2f1,ETH,1671.2307,0.4053,BUY,2023-08-15 01:19:00,0.1166,OPEN,0.0,50,Long
0x1df10b04fc8b7bb56232fbf467593f3d4db7f636,MATIC,0.896,0.0724,SELL,2023-08-15 02:38:00,0.0521,CLOSE,4.25,5,Short
0xaa624205b23ee2d620474b557ab013e55b55c926,LINK,5.4611,0.1706,BUY,2023-08-15 06:54:00,-0.0554,CLOSE,6.67,20,Long
0xc599099a389d38c5d9c8b5481edbeba0598102b1,OP,1.5598,0.3291,SELL,2023-08-15 08:19:00,0.3135,CLOSE,36.02,10,Short
0x9f46469dacc43d56c35b79bae4905b54b673b96f,LINK,5.6981,0.5959,BUY,2023-08-15 08:24:00,0.0601,CLOSE,-3.19,2,Long
0x925c717311ca9170b4ac3e9b636d21179e3359dd,AVAX,14.5907,0.0357,SELL,2023-08-15 15:10:00,-0.0063,OPEN,0.0,2,Short
0x4f4a940690ae223310632fab09b9ce1d1115fe6b,DOGE,0.0689,1.423,BUY,2023-08-15 15:25:00,0.5515,CLOSE,18.17,10,Long
0x5f3203e5a82554fb4ff75ee00ec09483e2ae0341,ARB,1.2175,0.4123,SELL,2023-08-15 18:16:00,0.0441,OPEN,0.0,3,Short
0x79734a87ec5efa730c4a5d0ff563bac34e411e6b,ARB,1.2842,0.6381,SELL,2023-08-15 19:24:00,-0.1099,CLOSE,-1.14,20,Short
0x79734a87ec5efa730c4a5d0ff563bac34e411e6b,MATIC,0.8947,0.7031,SELL,2023-08-15 20:00:00,0.0694,CLOSE,1.45,2,Short
0x6262afa887ea89b1b66c12e70d25de9412bdf3dd,DOGE,0.0754,0.7086,SELL,2023-08-15 23:59:00,-0.0592,CLOSE,1.18,3,Short
0x7d320effc2b28f577dcd364c61661834374cb1ee,ARB,1.0927,0.5456,SELL,2023-08-16 01:05:00,0.2747,CLOSE,-0.77,3,Short
0xe2c1562bb67f7a529b76e91f7196d63f54ccddaf,BTC,25675.9719,1.5327,BUY,2023-08-16 02:18:00,-0.0589,OPEN,0.0,1,Long
0x7d320effc2b28f577dcd364c61661834374cb1ee,DOGE,0.0722,0.9857,BUY,2023-08-16 03:32:00,-0.9249,OPEN,0.0,10,Long
0x47484e135be5cc29287e7165fb9c975996f6a214,SOL,21.4281,1.8043,BUY,2023-08-16 11:21:00,0.3852,OPEN,0.0,10,Long
0xeea684c1f340e7d01d339e94e345a318e63f4345,ARB,1.0895,0.3913,SELL,2023-08-16 13:42:00,0.284,CLOSE,-0.88,1,Short
0x24a05b6a280881d9f48b32588c8c89018988a3b9,MATIC,0.943,0.3621,SELL,2023-08-16 15:38:00,-0.1627,CLOSE,3.5,3,Short
0xeebc475a7fbdf24e9a015d16ca79c7f443e7ab81,ETH,1593.0595,0.485,BUY,2023-08-16 16:22:00,-0.3134,OPEN,0.0,3,Long
0x9c453737aa43460414e9164eba11d3f5579cf2f1,ETH,1578.2058,0.328,BUY,2023-08-16 22:19:00,0.1872,CLOSE,-2.02,1,Long
0x525162b29a67219a10418bb3be42f9213b57465d,OP,1.5216,0.1045,BUY,2023-08-17 00:04:00,-0.0488,CLOSE,-18.94,10,Long
0x987c1d0a09e6109925ce9325a327c9bc34db8d33,MATIC,0.875,0.2615,BUY,2023-08-17 03:04:00,0.0267,OPEN,0.0,20,Long
0x5a1966353c437c4a9bafc506875acdf42fc8ff65,ARB,1.1682,1.2302,BUY,2023-08-17 07:53:00,-0.2477,CLOSE,-3.88,3,Long
0x5a1966353c437c4a9bafc506875acdf42fc8ff65,BTC,28078.7671,0.1191,SELL,2023-08-17 08:39:00,0.0214,OPEN,0.0,5,Short
0xb5165416bd5e31205f5eebdb26cd1592ebddca2e,SOL,20.1941,0.8046,BUY,2023-08-17 10:07:00,0.2092,OPEN,0.0,10,Long
0x4aed548b0ad2ad42d36a65fc9fbb736529027373,BTC,26891.5514,0.7277,SELL,2023-08-17 10:33:00,0.2825,OPEN,0.0,10,Short
0x0f2f77b9475059e62105e77b8d130a7cd6f85ea9,MATIC,0.8702,0.4821,BUY,2023-08-17 11:51:00,0.2771,OPEN,0.0,20,Long
0xdaae4227dfe85b6068adba35a50dd7a2e75f34fe,OP,1.4213,0.0512,SELL,2023-08-17 14:56:00,-0.011,CLOSE,2.6,10,Short
0xa2a2e9a7468bbcd27e0f039d47476b02aac10637,SOL,19.9221,0.4981,SELL,2023-08-18 00:18:00,0.1369,CLOSE,1.21,1,Short
0x37d65217f9a89b91d3d82602fe21b9178f03dce8,OP,1.51,0.187,SELL,2023-08-18 03:31:00,0.0632,CLOSE,1.9,3,Short
0xc4dea9884019946f0c0617e568292cdd487b5de4,DOGE,0.0724,0.0277,SELL,2023-08-18 03:43:00,-0.0225,OPEN,0.0,10,Short
0x79734a87ec5efa730c4a5d0ff563bac34e411e6b,DOGE,0.0713,0.483,BUY,2023-08-18 05:43:00,0.3988,OPEN,0.0,3,Long
0xc87fa1c370a4cdce8a3de02aecd8246696f21820,DOGE,0.0729,0.2474,BUY,2023-08-18 08:34:00,0.1171,CLOSE,-15.32,20,Long
0xc87fa1c370a4cdce8a3de02aecd8246696f21820,MATIC,0.8981,0.5414,BUY,2023-08-18 12:35:00,-0.0504,CLOSE,-1.55,2,Long
0xb429f0db71443a6dc3b6dd7fc8a7ccec4aa6dfca,BNB,190.9843,2.1078,BUY,2023-08-18 13:35:00,-0.6146,CLOSE,-0.75,1,Long
0xb2ad781ab883a8f93650bcd708f6c9529a07f690,ETH,1495.7352,0.4103,SELL,2023-08-18 13:59:00,-0.0927,CLOSE,-2.82,5,Short
0x646d2815b93dc22b981b7152e79d208287e60827,LINK,6.1359,0.1132,SELL,2023-08-18 17:56:00,-0.0366,CLOSE,77.19,50,Short
0x8528643b6c996c090947e88b00fe1763200c3698,ETH,1542.4193,0.404,BUY,2023-08-18 18:51:00,-0.034,OPEN,0.0,50,Long
0x893c0ce1b001bed43dbe9f36ff779cf9df99e513,AVAX,13.135,0.7995,SELL,2023-08-18 19:21:00,0.88,OPEN,0.0,3,Short
0x37d65217f9a89b91d3d82602fe21b9178f03dce8,AVAX,14.6583,0.0172,BUY,2023-08-19 06:40:00,-0.0044,CLOSE,8.84,5,Long
0x2e380d92bab460b09297a542e4b0198e2c87e43c,BTC,26265.6825,0.3694,BUY,2023-08-19 10:54:00,-0.1848,CLOSE,-6.28,5,Long
0xa2a2e9a7468bbcd27e0f039d47476b02aac10637,MATIC,0.9291,0.1226,BUY,2023-08-19 12:34:00,-0.0145,OPEN,0.0,1,Long
0x925c717311ca9170b4ac3e9b636d21179e3359dd,ARB,1.1982,0.3383,SELL,2023-08-19 13:15:00,-0.0295,OPEN,0.0,10,Short
0xd45a1cd4a5790cb05bf8c66c9c2a4154c047bb63,OP,1.4657,0.0662,BUY,2023-08-19 16:41:00,-0.0149,OPEN,0.0,2,Long
0x4379bda828db78e0c9e1b8c145905c0b109af197,LINK,6.2165,0.7841,BUY,2023-08-19 17:01:00,0.8395,CLOSE,-7.01,5,Long
0x24a05b6a280881d9f48b32588c8c89018988a3b9,MATIC,0.8449,0.6201,BUY,2023-08-19 18:39:00,-0.7682,CLOSE,-42.19,20,Long
0xee391c2f221fd53d6a55604791a2377121504c19,ETH,1514.3932,0.2634,BUY,2023-08-19 20:23:00,0.1183,OPEN,0.0,20,Long
0x8528643b6c996c090947e88b00fe1763200c3698,SOL,22.0236,0.0497,SELL,2023-08-19 21:28:00,0.0002,OPEN,0.0,50,Short
0x525162b29a67219a10418bb3be42f9213b57465d,ARB,1.258,0.4365,BUY,2023-08-20 00:30:00,0.1072,CLOSE,22.35,5,Long
0x4379bda828db78e0c9e1b8c145905c0b109af197,BTC,25728.4132,2.0478,SELL,2023-08-20 01:57:00,0.1237,CLOSE,-11.78,10,Short
0x24a05b6a280881d9f48b32588c8c89018988a3b9,DOGE,0.0668,2.6444,SELL,2023-08-20 01:58:00,1.7188,CLOSE,-39.49,20,Short
0x6121a1650753afb98b8a066940907804424fc225,OP,1.588,0.4301,BUY,2023-08-20 02:17:00,-0.1024,CLOSE,-2.23,5,Long
0x2fb4e305fa7f9e99b4f649c36ab6f03349f63204,ARB,1.2009,0.205,SELL,2023-08-20 03:39:00,0.0453,OPEN,0.0,50,Short
0x0328d5d04ef6b199bde888fc75394a7e49cbb2e3,BTC,23761.0072,0.1497,SELL,2023-08-20 04:08:00,-0.0751,OPEN,0.0,1,Short
0xa2e1a7b77321268164f1cab8f52cd112cfe0f364,AVAX,14.3996,0.6153,SELL,2023-08-20 04:08:00,0.3494,CLOSE,1.69,3,Short
0xedbe03d7cf3f6121ea929dfa1841270856f03d2b,OP,1.5504,1.1713,SELL,2023-08-20 05:06:00,0.4846,CLOSE,-0.42,1,Short
0xb973994ea6148c341bff47f5e9721ff9029420df,MATIC,0.8448,0.1696,BUY,2023-08-20 05:08:00,0.0369,OPEN,0.0,10,Long
0x744c9dcc29d0c40a3d305d66bb7cf1e724333f73,ETH,1585.0599,0.1212,BUY,2023-08-20 05:10:00,0.0924,OPEN,0.0,20,Long
0x987c1d0a09e6109925ce9325a327c9bc34db8d33,AVAX,13.6488,0.2735,BUY,2023-08-20 05:38:00,-0.1877,CLOSE,-1.09,1,Long
0xaa624205b23ee2d620474b557ab013e55b55c926,SOL,20.571,0.131,SELL,2023-08-20 07:05:00,0.0412,OPEN,0.0,20,Short
0xc599099a389d38c5d9c8b5481edbeba0598102b1,BTC,25395.6754,0.2946,BUY,2023-08-20 07:25:00,0.0279,OPEN,0.0,2,Long
0xee391c2f221fd53d6a55604791a2377121504c19,ARB,1.1827,0.1429,BUY,2023-08-20 08:21:00,0.0175,OPEN,0.0,2,Long
0x47484e135be5cc29287e7165fb9c975996f6a214,SOL,20.8485,1.0286,SELL,2023-08-20 08:36:00,0.3084,OPEN,0.0,10,Short
0x2fb4e305fa7f9e99b4f649c36ab6f03349f63204,AVAX,13.9004,0.0346,BUY,2023-08-20 08:37:00,0.0065,OPEN,0.0,20,Long
0x7968a5f8676e6b77d71e6dadf79e40929b9c9eb0,AVAX,15.367,0.0448,BUY,2023-08-20 10:07:00,0.0295,OPEN,0.0,50,Long
0x6121a1650753afb98b8a066940907804424fc225,SOL,20.5594,0.6834,SELL,2023-08-20 10:40:00,0.3435,OPEN,0.0,2,Short
0x5a1966353c437c4a9bafc506875acdf42fc8ff65,AVAX,13.8101,0.6688,SELL,2023-08-20 11:36:00,-0.3861,OPEN,0.0,50,Short
0x78af6c0c766c104d1e512e617f991e02976ce472,MATIC,0.8711,0.1212,BUY,2023-08-20 16:19:00,-0.0094,CLOSE,-0.09,3,Long
0x744cb7ef9bc0528b331a9c8cbdd555eeda37cf0e,OP,1.4706,0.1132,BUY,2023-08-20 23:13:00,-0.1066,OPEN,0.0,50,Long
0x0e414a03aedcefa5c05276b7aa873350baf6378b,BNB,230.1525,0.2129,SELL,2023-08-21 01:20:00,-0.0807,CLOSE,-6.48,2,Short
0x6262afa887ea89b1b66c12e70d25de9412bdf3dd,DOGE,0.0662,0.6043,BUY,2023-08-21 02:36:00,-0.1099,CLOSE,2.13,3,Long
0x37d65217f9a89b91d3d82602fe21b9178f03dce8,BNB,205.6876,0.2238,BUY,2023-08-21 03:07:00,0.1808,CLOSE,-27.23,50,Long
0xeea684c1f340e7d01d339e94e345a318e63f4345,AVAX,13.231,0.1633,SELL,2023-08-21 09:24:00,0.014,CLOSE,3.62,3,Short
0xb2ad781ab883a8f93650bcd708f6c9529a07f690,BTC,24768.6279,0.5163,BUY,2023-08-21 11:19:00,0.3129,CLOSE,14.81,10,Long
0x6ae91f9044b365bc545fbaefecc120afb3f0e0b8,BNB,198.9589,0.0621,BUY,2023-08-21 13:08:00,-0.0575,CLOSE,1.53,5,Long
0xe2f5ee794b96897c7d576413e0148b2e8f9fa655,MATIC,0.9377,0.0546,SELL,2023-08-21 15:58:00,0.0432,CLOSE,-10.39,20,Short
0x37d65217f9a89b91d3d82602fe21b9178f03dce8,LINK,6.3125,0.0327,BUY,2023-08-21 18:08:00,-0.0073,OPEN,0.0,1,Long
0x5a1966353c437c4a9bafc506875acdf42fc8ff65,AVAX,12.1952,0.3174,SELL,2023-08-21 19:49:00,0.0167,OPEN,0.0,1,Short
0x744cb7ef9bc0528b331a9c8cbdd555eeda37cf0e,OP,1.4954,0.5013,SELL,2023-08-21 20:09:00,-0.5489,CLOSE,49.78,20,Short
0xc599099a389d38c5d9c8b5481edbeba0598102b1,DOGE,0.0695,0.1777,SELL,2023-08-21 20:42:00,0.0918,OPEN,0.0,50,Short
0x6772ce2c78ad77d185e724baf3c73fc855e0c397,SOL,18.4939,0.0121,SELL,2023-08-21 21:05:00,-0.0025,CLOSE,-10.24,10,Short
0xb4d87bd4dc83166db001549b0f7dd10ed8172a97,ETH,1581.3036,0.0193,BUY,2023-08-22 06:07:00,0.0114,CLOSE,9.54,3,Long
0x6121a1650753afb98b8a066940907804424fc225,ETH,1699.8205,0.1656,BUY,2023-08-22 07:23:00,0.0672,CLOSE,-6.59,3,Long
0xdaae4227dfe85b6068adba35a50dd7a2e75f34fe,MATIC,0.9183,0.2926,SELL,2023-08-22 08:25:00,-0.1966,CLOSE,79.12,50,Short
0xa2e1a7b77321268164f1cab8f52cd112cfe0f364,DOGE,0.0671,0.5469,SELL,2023-08-22 10:47:00,-0.4619,OPEN,0.0,2,Short
0x6ae91f9044b365bc545fbaefecc120afb3f0e0b8,DOGE,0.0673,0.7364,SELL,2023-08-22 13:18:00,0.5599,CLOSE,-194.29,50,Short
0xcfd86a92699b4e78a9d76f77c3658a5933d981e1,BNB,204.7987,0.8254,BUY,2023-08-22 18:12:00,-0.6995,CLOSE,16.69,20,Long
0xf547770f567ab48950b47158a6efc236cb73d8c1,ETH,1576.0794,0.1987,SELL,2023-08-22 23:33:00,0.0898,OPEN,0.0,3,Short
0x8528643b6c996c090947e88b00fe1763200c3698,DOGE,0.0692,0.3925,BUY,2023-08-23 00:33:00,0.2017,OPEN,0.0,2,Long
0xedbe03d7cf3f6121ea929dfa1841270856f03d2b,LINK,5.3404,1.0608,SELL,2023-08-23 06:06:00,0.6999,OPEN,0.0,3,Short
0x5cc6e86a6eb53b1f13feb35d2a7d10c872850f05,LINK,6.2569,1.7277,SELL,2023-08-23 07:19:00,0.1735,OPEN,0.0,20,Short
0x4ccba13ed55148644802487bce53eb55921ba0fe,BTC,24198.5438,0.4235,BUY,2023-08-23 09:11:00,-0.0561,OPEN,0.0,3,Long
0x9f46469dacc43d56c35b79bae4905b54b673b96f,AVAX,14.0999,1.3001,SELL,2023-08-23 10:22:00,1.0425,OPEN,0.0,3,Short
0x79734a87ec5efa730c4a5d0ff563bac34e411e6b,BTC,24005.037,0.04,SELL,2023-08-23 12:48:00,0.0038,OPEN,0.0,5,Short
0x2d1a95b8825f9bbc7b309def655febd63cc1029d,LINK,5.5934,0.5489,BUY,2023-08-23 13:23:00,0.5469,CLOSE,-2.92,2,Long
0x4aed548b0ad2ad42d36a65fc9fbb736529027373,AVAX,13.5809,0.0734,BUY,2023-08-23 13:49:00,-0.0142,OPEN,0.0,50,Long
0x744c9dcc29d0c40a3d305d66bb7cf1e724333f73,SOL,18.0527,0.7164,BUY,2023-08-23 16:18:00,0.3505,OPEN,0.0,20,Long
0x646d2815b93dc22b981b7152e79d208287e60827,AVAX,14.5577,0.0659,SELL,2023-08-23 20:42:00,0.0448,OPEN,0.0,10,Short
0xee391c2f221fd53d6a55604791a2377121504c19,DOGE,0.0686,1.1794,BUY,2023-08-23 21:11:00,-0.433,OPEN,0.0,50,Long
0x893c0ce1b001bed43dbe9f36ff779cf9df99e513,ETH,1499.6671,0.4499,BUY,2023-08-23 21:13:00,-0.1249,CLOSE,-0.9,1,Long
0xedbe03d7cf3f6121ea929dfa1841270856f03d2b,ARB,1.1075,0.5291,SELL,2023-08-23 23:58:00,0.1641,OPEN,0.0,1,Short
0x9c453737aa43460414e9164eba11d3f5579cf2f1,BNB,202.7687,1.0335,SELL,2023-08-24 03:36:00,-0.1863,OPEN,0.0,20,Short
0xb973994ea6148c341bff47f5e9721ff9029420df,BNB,202.0642,0.0628,SELL,2023-08-24 05:52:00,-0.0356,OPEN,0.0,2,Short
0x14fb2d0de7f331f4ab61b71a9d5c4c8e4ef8c0e5,LINK,5.8602,1.0419,BUY,2023-08-24 09:37:00,-0.2357,OPEN,0.0,5,Long
0x4939835272851ed4624ebeef2cd55b020d083576,DOGE,0.0697,0.2495,BUY,2023-08-24 09:41:00,0.0709,CLOSE,64.96,50,Long
0x8528643b6c996c090947e88b00fe1763200c3698,LINK,5.7332,0.5221,BUY,2023-08-24 11:39:00,-0.355,OPEN,0.0,1,Long
0x2fb4e305fa7f9e99b4f649c36ab6f03349f63204,AVAX,13.9082,0.4548,BUY,2023-08-24 18:46:00,0.209,OPEN,0.0,3,Long
0x2e380d92bab460b09297a542e4b0198e2c87e43c,BNB,198.4163,1.443,BUY,2023-08-24 18:47:00,-0.3491,CLOSE,-11.26,20,Long
0x8528643b6c996c090947e88b00fe1763200c3698,ETH,1580.8326,0.2847,SELL,2023-08-24 18:58:00,0.0012,OPEN,0.0,5,Short
0xc4dea9884019946f0c0617e568292cdd487b5de4,ETH,1763.6715,0.2592,SELL,2023-08-24 22:38:00,-0.1996,CLOSE,43.62,50,Short
0xc61546b61eada8292e6df67fbf85809118265b37,DOGE,0.0706,1.2007,BUY,2023-08-25 00:12:00,0.0548,CLOSE,-5.17,1,Long
0x0e414a03aedcefa5c05276b7aa873350baf6378b,ETH,1639.5232,0.3134,SELL,2023-08-25 04:00:00,0.212,OPEN,0.0,5,Short
0x43daceb7e014b2c8f1e1dea64bf293277027181b,BNB,214.7877,0.7853,SELL,2023-08-25 04:22:00,0.0466,OPEN,0.0,50,Short
0x646d2815b93dc22b981b7152e79d208287e60827,AVAX,13.6377,0.8568,BUY,2023-08-25 06:28:00,0.6009,CLOSE,5.37,3,Long
0x26e94b906f96d22acf1132f3c95ef725e7f49365,MATIC,0.9372,0.6919,BUY,2023-08-25 06:39:00,-0.5324,OPEN,0.0,50,Long
0x4379bda828db78e0c9e1b8c145905c0b109af197,MATIC,0.9262,0.0129,BUY,2023-08-25 07:18:00,-0.0073,CLOSE,6.26,5,Long
0xc4dea9884019946f0c0617e568292cdd487b5de4,ARB,1.2647,0.2499,BUY,2023-08-25 07:29:00,0.0205,OPEN,0.0,50,Long
0x3be2f0013aec35a8fd588a7ee15b7c917e04dd75,MATIC,0.9637,0.2545,SELL,2023-08-25 13:17:00,-0.0794,OPEN,0.0,50,Short
0x24a05b6a280881d9f48b32588c8c89018988a3b9,OP,1.5588,0.7016,BUY,2023-08-25 14:56:00,0.1301,OPEN,0.0,3,Long
0xd45a1cd4a5790cb05bf8c66c9c2a4154c047bb63,BNB,209.8427,0.6057,SELL,2023-08-25 16:54:00,-0.085,CLOSE,-2.71,1,Short
0x2d1a95b8825f9bbc7b309def655febd63cc1029d,OP,1.3272,0.3499,BUY,2023-08-25 18:33:00,-0.0632,CLOSE,-124.1,50,Long
0x7968a5f8676e6b77d71e6dadf79e40929b9c9eb0,BNB,196.9569,1.1344,SELL,2023-08-25 18:42:00,0.0232,OPEN,0.0,3,Short
0x5cc6e86a6eb53b1f13feb35d2a7d10c872850f05,ETH,1704.1873,0.1724,BUY,2023-08-25 19:54:00,-0.1152,CLOSE,2.77,1,Long
0x3be2f0013aec35a8fd588a7ee15b7c917e04dd75,MATIC,0.9131,0.7761,SELL,2023-08-25 21:57:00,0.0104,CLOSE,1.27,3,Short
0x30cf07144e7941c6c51824aa794607d5a2f34311,BNB,221.3948,0.1805,BUY,2023-08-25 22:14:00,0.0035,OPEN,0.0,1,Long
0x5a1966353c437c4a9bafc506875acdf42fc8ff65,SOL,20.0675,0.0784,BUY,2023-08-25 23:24:00,0.0169,CLOSE,14.19,10,Long
0xc87fa1c370a4cdce8a3de02aecd8246696f21820,AVAX,12.4211,0.3199,SELL,2023-08-26 01:00:00,-0.0703,OPEN,0.0,50,Short
0xbb4e5487f3cf95039e0674754240ffcd91dcb7b6,ARB,1.2686,0.1457,SELL,2023-08-26 01:06:00,0.0548,CLOSE,-4.51,3,Short
0xebf28c699b1e7f2ad3e31316d86da0df789a475b,ARB,1.1907,1.1928,SELL,2023-08-26 04:30:00,0.4179,OPEN,0.0,50,Short
0x78af6c0c766c104d1e512e617f991e02976ce472,ARB,1.1092,0.9227,SELL,2023-08-26 09:02:00,-0.1571,CLOSE,1.1,1,Short
0xa2a2e9a7468bbcd27e0f039d47476b02aac10637,BNB,201.4372,0.1856,SELL,2023-08-26 11:21:00,-0.0372,CLOSE,-15.77,5,Short
0xb2ad781ab883a8f93650bcd708f6c9529a07f690,SOL,21.9421,0.6075,SELL,2023-08-26 13:06:00,-0.2588,CLOSE,13.85,20,Short
0x43daceb7e014b2c8f1e1dea64bf293277027181b,MATIC,0.8874,1.0123,SELL,2023-08-26 13:56:00,-0.2424,OPEN,0.0,5,Short
0x0f2f77b9475059e62105e77b8d130a7cd6f85ea9,DOGE,0.0744,2.8709,SELL,2023-08-26 14:07:00,-0.5743,OPEN,0.0,10,Short
0xc61546b61eada8292e6df67fbf85809118265b37,ETH,1650.0473,0.5668,SELL,2023-08-26 15:42:00,0.4207,OPEN,0.0,2,Short
0xc87fa1c370a4cdce8a3de02aecd8246696f21820,BNB,199.9836,0.1348,BUY,2023-08-26 19:18:00,0.0144,OPEN,0.0,50,Long
0xb2ad781ab883a8f93650bcd708f6c9529a07f690,BTC,24766.1781,0.4455,SELL,2023-08-26 19:49:00,0.0213,CLOSE,-0.89,50,Short
0x78af6c0c766c104d1e512e617f991e02976ce472,ETH,1473.425,0.0392,SELL,2023-08-26 21:27:00,0.029,CLOSE,5.59,5,Short
0xdb5102ee19e81b7181b47ffb28758462bdc6a2f6,BNB,208.0681,0.1863,SELL,2023-08-27 03:16:00,0.0471,OPEN,0.0,1,Short
0xb77e6e8c09d1faa2d9fa8746ce75c51abe7252be,BTC,25810.0975,0.2852,SELL,2023-08-27 07:06:00,0.2011,OPEN,0.0,2,Short
0xe2c1562bb67f7a529b76e91f7196d63f54ccddaf,LINK,5.7832,1.324,BUY,2023-08-27 12:09:00,0.8159,OPEN,0.0,50,Long
0x0af6790523dd0af40c1c3a03a4c1a0df6067eba2,AVAX,13.553,0.0142,BUY,2023-08-27 12:56:00,0.0021,CLOSE,-6.91,3,Long
0x893c0ce1b001bed43dbe9f36ff779cf9df99e513,BNB,212.4252,0.9661,BUY,2023-08-27 19:08:00,0.227,CLOSE,0.92,3,Long
0xdb5102ee19e81b7181b47ffb28758462bdc6a2f6,AVAX,12.8915,1.2443,SELL,2023-08-28 00:09:00,0.2569,CLOSE,21.89,20,Short
0x4f4a940690ae223310632fab09b9ce1d1115fe6b,LINK,6.1291,0.5464,SELL,2023-08-28 01:49:00,0.1257,OPEN,0.0,20,Short
0xc87fa1c370a4cdce8a3de02aecd8246696f21820,MATIC,0.8516,0.5863,SELL,2023-08-28 05:12:00,-0.1155,OPEN,0.0,20,Short
0xb4d87bd4dc83166db001549b0f7dd10ed8172a97,AVAX,15.525,1.1122,BUY,2023-08-28 05:59:00,0.1081,CLOSE,3.82,2,Long
0xb77e6e8c09d1faa2d9fa8746ce75c51abe7252be,ETH,1442.7257,0.1103,SELL,2023-08-28 08:02:00,-0.0046,OPEN,0.0,2,Short
0xc61546b61eada8292e6df67fbf85809118265b37,OP,1.6008,0.3817,BUY,2023-08-28 10:38:00,-0.119,OPEN,0.0,2,Long
0x453dd2d9eed5ff86eb409796ee5f1e1d285c33d4,OP,1.3741,0.2338,SELL,2023-08-28 10:38:00,-0.0219,OPEN,0.0,50,Short
0x6ae91f9044b365bc545fbaefecc120afb3f0e0b8,SOL,20.264,0.5171,SELL,2023-08-28 14:13:00,-0.3319,OPEN,0.0,5,Short
0x4f4a940690ae223310632fab09b9ce1d1115fe6b,SOL,18.7953,0.0253,SELL,2023-08-28 16:18:00,0.0012,CLOSE,30.22,50,Short
0x0af6790523dd0af40c1c3a03a4c1a0df6067eba2,SOL,20.5818,0.74,SELL,2023-08-28 17:11:00,0.1137,CLOSE,-3.1,2,Short
0x0f2f77b9475059e62105e77b8d130a7cd6f85ea9,OP,1.3473,0.1593,SELL,2023-08-28 18:20:00,0.0038,OPEN,0.0,2,Short
0x47484e135be5cc29287e7165fb9c975996f6a214,ETH,1543.5991,0.4231,SELL,2023-08-28 21:59:00,-0.0118,OPEN,0.0,3,Short
0xee391c2f221fd53d6a55604791a2377121504c19,ARB,1.2452,0.1168,SELL,2023-08-28 22:38:00,0.0404,CLOSE,-7.97,10,Short
0x6772ce2c78ad77d185e724baf3c73fc855e0c397,BNB,225.7942,2.2577,SELL,2023-08-28 23:29:00,0.3636,OPEN,0.0,2,Short
0xbb4e5487f3cf95039e0674754240ffcd91dcb7b6,MATIC,0.9629,0.2549,SELL,2023-08-28 23:36:00,-0.065,CLOSE,-3.31,3,Short
0xb2ad781ab883a8f93650bcd708f6c9529a07f690,MATIC,0.8706,0.7004,BUY,2023-08-28 23:59:00,-0.3259,CLOSE,-14.49,5,Long
0xe921971dbc1ec5636c7872b4ccfded69e5a45abe,LINK,6.2581,0.8925,BUY,2023-08-29 01:32:00,0.1458,CLOSE,1.83,1,Long
0xeea684c1f340e7d01d339e94e345a318e63f4345,AVAX,13.5112,0.1162,SELL,2023-08-29 01:32:00,0.0072,OPEN,0.0,5,Short
0x646d2815b93dc22b981b7152e79d208287e60827,BTC,24019.2913,0.4295,SELL,2023-08-29 08:04:00,-0.0894,OPEN,0.0,1,Short
0x4ccba13ed55148644802487bce53eb55921ba0fe,MATIC,0.8634,1.0535,SELL,2023-08-29 08:08:00,-0.1512,OPEN,0.0,5,Short
0x24a05b6a280881d9f48b32588c8c89018988a3b9,DOGE,0.0677,0.3878,BUY,2023-08-29 13:05:00,-0.2008,OPEN,0.0,2,Long
0x14fb2d0de7f331f4ab61b71a9d5c4c8e4ef8c0e5,DOGE,0.0712,1.4542,BUY,2023-08-29 13:17:00,-0.4111,OPEN,0.0,3,Long
0x744cb7ef9bc0528b331a9c8cbdd555eeda37cf0e,SOL,20.0709,1.2088,BUY,2023-08-29 17:44:00,0.0598,CLOSE,3.6,10,Long
0x09fceb2336574e225ea891b132998c73f4696abe,LINK,5.9111,0.4661,BUY,2023-08-29 18:01:00,-0.2456,CLOSE,-40.71,20,Long
0x0af6790523dd0af40c1c3a03a4c1a0df6067eba2,LINK,5.9295,0.1353,SELL,2023-08-29 18:40:00,-0.035,OPEN,0.0,10,Short
0xb973994ea6148c341bff47f5e9721ff9029420df,AVAX,14.1841,0.3676,SELL,2023-08-29 19:02:00,-0.1319,OPEN,0.0,10,Short
0xbdd2a8dc587fa386779f90becc9694c9586d3ce5,BTC,25569.8597,0.0314,BUY,2023-08-29 23:49:00,0.034,CLOSE,3.01,1,Long
0xedbe03d7cf3f6121ea929dfa1841270856f03d2b,LINK,5.8803,0.6553,SELL,2023-08-30 03:52:00,0.1624,CLOSE,-31.32,20,Short
0xe921971dbc1ec5636c7872b4ccfded69e5a45abe,AVAX,13.879,0.2293,SELL,2023-08-30 04:39:00,-0.1294,CLOSE,22.91,10,Short
0xa2e1a7b77321268164f1cab8f52cd112cfe0f364,DOGE,0.0734,0.2634,SELL,2023-08-30 07:34:00,0.0822,OPEN,0.0,3,Short
0x646d2815b93dc22b981b7152e79d208287e60827,BNB,215.4846,0.1816,BUY,2023-08-30 07:35:00,0.0463,CLOSE,-0.82,3,Long
0x23be95267b9414f864c908abccf5f987e42ce22c,LINK,5.9865,0.7563,BUY,2023-08-30 08:41:00,0.069,OPEN,0.0,10,Long
0x43daceb7e014b2c8f1e1dea64bf293277027181b,LINK,5.6186,0.0136,BUY,2023-08-30 09:23:00,-0.0085,CLOSE,6.01,3,Long
0x4379bda828db78e0c9e1b8c145905c0b109af197,AVAX,14.7405,0.1515,SELL,2023-08-30 18:08:00,0.0236,CLOSE,-5.73,3,Short
0xebf28c699b1e7f2ad3e31316d86da0df789a475b,BTC,23765.3716,1.8872,BUY,2023-08-30 18:55:00,-3.7924,CLOSE,-0.62,3,Long
0xeebc475a7fbdf24e9a015d16ca79c7f443e7ab81,LINK,5.3826,0.3763,BUY,2023-08-30 21:33:00,0.067,OPEN,0.0,10,Long
0x4ccba13ed55148644802487bce53eb55921ba0fe,AVAX,15.1945,0.0411,SELL,2023-08-30 22:34:00,-0.0016,OPEN,0.0,1,Short
0x6ae91f9044b365bc545fbaefecc120afb3f0e0b8,BTC,25709.3609,0.0102,BUY,2023-08-31 01:17:00,-0.0053,CLOSE,-3.98,5,Long
0x4f4a940690ae223310632fab09b9ce1d1115fe6b,SOL,19.7943,0.1377,BUY,2023-08-31 01:47:00,-0.0448,OPEN,0.0,5,Long
0xc599099a389d38c5d9c8b5481edbeba0598102b1,DOGE,0.0661,0.5022,SELL,2023-08-31 01:57:00,-0.2521,OPEN,0.0,3,Short
0x78af6c0c766c104d1e512e617f991e02976ce472,DOGE,0.0711,0.0267,SELL,2023-08-31 04:48:00,0.0035,CLOSE,8.21,3,Short
0x0328d5d04ef6b199bde888fc75394a7e49cbb2e3,SOL,20.0782,0.6128,SELL,2023-08-31 05:43:00,0.349,CLOSE,-43.52,10,Short
0xb2ad781ab883a8f93650bcd708f6c9529a07f690,BNB,231.6336,0.0464,SELL,2023-08-31 06:23:00,-0.0248,CLOSE,6.02,20,Short
0x2d1a95b8825f9bbc7b309def655febd63cc1029d,MATIC,0.883,0.8881,SELL,2023-08-31 06:34:00,-0.1552,CLOSE,-1.74,20,Short
0x4939835272851ed4624ebeef2cd55b020d083576,ETH,1720.2736,0.1474,SELL,2023-08-31 08:48:00,-0.0208,OPEN,0.0,3,Short
0xeebc475a7fbdf24e9a015d16ca79c7f443e7ab81,LINK,5.965,0.3166,SELL,2023-08-31 11:48:00,-0.1006,CLOSE,23.67,20,Short
0x9c453737aa43460414e9164eba11d3f5579cf2f1,DOGE,0.0704,0.7366,SELL,2023-08-31 12:48:00,-0.3503,OPEN,0.0,20,Short
0xb4d87bd4dc83166db001549b0f7dd10ed8172a97,LINK,5.6109,0.3064,BUY,2023-08-31 14:22:00,-0.1007,CLOSE,12.57,20,Long
0x9f46469dacc43d56c35b79bae4905b54b673b96f,OP,1.5017,0.0322,SELL,2023-08-31 16:18:00,-0.0367,OPEN,0.0,5,Short
0x6262afa887ea89b1b66c12e70d25de9412bdf3dd,BNB,187.7013,0.4397,SELL,2023-08-31 23:55:00,0.2549,CLOSE,4.09,2,Short
0x4939835272851ed4624ebeef2cd55b020d083576,MATIC,0.9483,0.1461,BUY,2023-09-01 00:20:00,-0.0399,OPEN,0.0,2,Long
0xedbe03d7cf3f6121ea929dfa1841270856f03d2b,BNB,199.133,1.3681,BUY,2023-09-01 03:22:00,0.0538,CLOSE,-3.9,1,Long
0x3be2f0013aec35a8fd588a7ee15b7c917e04dd75,LINK,6.377,0.161,BUY,2023-09-01 09:43:00,0.0437,CLOSE,130.88,50,Long
0x0e414a03aedcefa5c05276b7aa873350baf6378b,ETH,1516.5938,0.0997,SELL,2023-09-01 10:48:00,-0.0584,OPEN,0.0,20,Short
0x0af6790523dd0af40c1c3a03a4c1a0df6067eba2,SOL,21.7441,0.0762,SELL,2023-09-01 11:27:00,-0.0499,OPEN,0.0,50,Short
0x4f4a940690ae223310632fab09b9ce1d1115fe6b,ARB,1.156,0.0305,SELL,2023-09-01 15:29:00,0.0119,OPEN,0.0,50,Short
0xa2e1a7b77321268164f1cab8f52cd112cfe0f364,BNB,209.7219,1.9244,BUY,2023-09-01 15:30:00,-0.0435,OPEN,0.0,20,Long
0x6772ce2c78ad77d185e724baf3c73fc855e0c397,OP,1.3801,0.2972,BUY,2023-09-01 16:57:00,0.0687,OPEN,0.0,50,Long
0xc4dea9884019946f0c0617e568292cdd487b5de4,SOL,20.8896,0.1426,SELL,2023-09-01 18:47:00,0.0509,OPEN,0.0,1,Short
0x4379bda828db78e0c9e1b8c145905c0b109af197,BTC,24784.4365,0.17,SELL,2023-09-01 20:40:00,0.0866,OPEN,0.0,10,Short
0xdaae4227dfe85b6068adba35a50dd7a2e75f34fe,AVAX,13.5579,2.9559,SELL,2023-09-01 21:07:00,0.4266,OPEN,0.0,20,Short
0x14fb2d0de7f331f4ab61b71a9d5c4c8e4ef8c0e5,AVAX,13.3005,0.6324,SELL,2023-09-01 21:38:00,-0.1596,CLOSE,-3.09,3,Short
0xb973994ea6148c341bff47f5e9721ff9029420df,ETH,1553.6194,0.0366,BUY,2023-09-01 23:23:00,-0.0082,CLOSE,-3.56,5,Long
0xf547770f567ab48950b47158a6efc236cb73d8c1,BNB,202.2834,1.0031,SELL,2023-09-01 23:48:00,-0.0929,CLOSE,-0.48,3,Short
0xb4d87bd4dc83166db001549b0f7dd10ed8172a97,BNB,207.0797,0.1456,SELL,2023-09-02 09:50:00,-0.0245,OPEN,0.0,5,Short
0x79734a87ec5efa730c4a5d0ff563bac34e411e6b,BNB,198.584,0.7497,SELL,2023-09-02 12:17:00,0.8714,OPEN,0.0,50,Short
0x7968a5f8676e6b77d71e6dadf79e40929b9c9eb0,LINK,5.9188,1.4253,SELL,2023-09-02 13:08:00,0.0239,CLOSE,4.56,2,Short
0x14fb2d0de7f331f4ab61b71a9d5c4c8e4ef8c0e5,DOGE,0.072,0.0718,BUY,2023-09-02 16:19:00,0.0167,CLOSE,6.18,5,Long
0xeebc475a7fbdf24e9a015d16ca79c7f443e7ab81,BTC,24391.9931,0.0448,BUY,2023-09-02 18:20:00,-0.0096,CLOSE,12.32,3,Long
0xd45a1cd4a5790cb05bf8c66c9c2a4154c047bb63,ETH,1693.0322,0.1319,SELL,2023-09-02 18:22:00,-0.0097,CLOSE,5.8,5,Short
0x24a05b6a280881d9f48b32588c8c89018988a3b9,ETH,1458.0824,0.1405,SELL,2023-09-02 19:18:00,-0.0923,OPEN,0.0,20,Short
0x30cf07144e7941c6c51824aa794607d5a2f34311,BNB,209.075,0.3081,SELL,2023-09-02 22:08:00,0.2595,CLOSE,189.39,50,Short
0x925c717311ca9170b4ac3e9b636d21179e3359dd,MATIC,0.8118,0.6631,SELL,2023-09-02 23:08:00,0.2429,CLOSE,10.19,5,Short
0xdb5102ee19e81b7181b47ffb28758462bdc6a2f6,SOL,20.8302,1.0305,BUY,2023-09-03 00:13:00,0.1921,CLOSE,-3.21,1,Long
0x0f2f77b9475059e62105e77b8d130a7cd6f85ea9,BTC,28100.8136,0.1095,BUY,2023-09-03 02:10:00,-0.0272,CLOSE,4.34,1,Long
0x23be95267b9414f864c908abccf5f987e42ce22c,DOGE,0.0762,0.3869,BUY,2023-09-03 03:17:00,-0.0478,CLOSE,-157.27,50,Long
0x987c1d0a09e6109925ce9325a327c9bc34db8d33,ETH,1633.5008,0.2722,SELL,2023-09-03 06:51:00,0.03,CLOSE,5.07,20,Short
0x0328d5d04ef6b199bde888fc75394a7e49cbb2e3,DOGE,0.0689,0.3162,BUY,2023-09-03 09:18:00,0.088,CLOSE,-12.85,5,Long
0x5cc6e86a6eb53b1f13feb35d2a7d10c872850f05,OP,1.5545,0.7901,SELL,2023-09-03 10:15:00,-0.0309,CLOSE,-9.55,10,Short
0x893c0ce1b001bed43dbe9f36ff779cf9df99e513,DOGE,0.0745,0.3252,BUY,2023-09-03 14:42:00,-0.0649,OPEN,0.0,10,Long
0x0e414a03aedcefa5c05276b7aa873350baf6378b,LINK,5.501,0.3096,BUY,2023-09-03 22:49:00,-0.1829,CLOSE,1.62,3,Long
0x09fceb2336574e225ea891b132998c73f4696abe,MATIC,0.9269,0.169,SELL,2023-09-04 05:02:00,-0.0824,CLOSE,-2.44,5,Short
0x14fb2d0de7f331f4ab61b71a9d5c4c8e4ef8c0e5,MATIC,0.9238,0.3289,BUY,2023-09-04 11:39:00,0.2371,OPEN,0.0,50,Long
0x987c1d0a09e6109925ce9325a327c9bc34db8d33,OP,1.4782,0.3312,BUY,2023-09-04 12:22:00,-0.1632,CLOSE,55.4,50,Long
0xdaae4227dfe85b6068adba35a50dd7a2e75f34fe,BTC,25213.0537,0.1136,BUY,2023-09-04 12:58:00,0.0413,OPEN,0.0,10,Long
0xa2e1a7b77321268164f1cab8f52cd112cfe0f364,DOGE,0.0679,0.7731,SELL,2023-09-04 15:51:00,0.1968,CLOSE,52.26,20,Short
0x4939835272851ed4624ebeef2cd55b020d083576,ETH,1659.9149,0.3959,BUY,2023-09-04 17:26:00,-0.1373,CLOSE,11.01,5,Long
0x4379bda828db78e0c9e1b8c145905c0b109af197,OP,1.5793,0.3111,BUY,2023-09-04 18:17:00,0.0399,CLOSE,-1.59,3,Long
0x3be2f0013aec35a8fd588a7ee15b7c917e04dd75,MATIC,0.8351,0.1473,BUY,2023-09-04 21:08:00,0.027,OPEN,0.0,1,Long
0xa2a2e9a7468bbcd27e0f039d47476b02aac10637,ETH,1442.9313,1.591,SELL,2023-09-04 21:09:00,-0.4577,CLOSE,11.23,10,Short
0xeebc475a7fbdf24e9a015d16ca79c7f443e7ab81,BNB,219.7815,1.0824,SELL,2023-09-04 21:34:00,0.1414,OPEN,0.0,1,Short
0x2fb4e305fa7f9e99b4f649c36ab6f03349f63204,SOL,21.1182,0.2909,SELL,2023-09-04 23:35:00,-0.0821,OPEN,0.0,1,Short
0x6772ce2c78ad77d185e724baf3c73fc855e0c397,MATIC,0.9849,0.6722,BUY,2023-09-05 06:13:00,-0.5043,OPEN,0.0,10,Long
0xa2e1a7b77321268164f1cab8f52cd112cfe0f364,OP,1.5125,0.8603,SELL,2023-09-05 09:16:00,-0.4082,OPEN,0.0,3,Short
0x4379bda828db78e0c9e1b8c145905c0b109af197,BTC,26250.1261,0.1807,BUY,2023-09-05 15:46:00,-0.0895,CLOSE,-22.27,20,Long
0x3be2f0013aec35a8fd588a7ee15b7c917e04dd75,DOGE,0.0765,0.1531,BUY,2023-09-05 16:12:00,0.0027,CLOSE,-2.24,1,Long
0x5d4e187b0ea64e520ab88273cce8678ddb6803c8,SOL,20.8135,0.8597,SELL,2023-09-05 18:43:00,-0.5291,OPEN,0.0,10,Short
0x6262afa887ea89b1b66c12e70d25de9412bdf3dd,BNB,215.0348,1.9854,SELL,2023-09-05 19:24:00,0.7236,OPEN,0.0,10,Short
0xc87fa1c370a4cdce8a3de02aecd8246696f21820,MATIC,0.9278,0.5225,BUY,2023-09-05 20:49:00,-0.19,OPEN,0.0,5,Long
0x7d320effc2b28f577dcd364c61661834374cb1ee,OP,1.4891,0.3022,BUY,2023-09-05 22:39:00,0.0525,OPEN,0.0,10,Long
0xea061b83a2dc03d04b9b22920149ea6f5465fa27,OP,1.5005,0.0138,BUY,2023-09-06 00:03:00,-0.0021,OPEN,0.0,20,Long
0x26e94b906f96d22acf1132f3c95ef725e7f49365,ETH,1766.8838,0.9584,SELL,2023-09-06 06:44:00,-0.4863,CLOSE,-4.92,10,Short
0x24a05b6a280881d9f48b32588c8c89018988a3b9,BTC,25715.4587,0.6021,SELL,2023-09-06 13:30:00,-0.3667,OPEN,0.0,50,Short
0x9c453737aa43460414e9164eba11d3f5579cf2f1,LINK,5.8686,0.8213,SELL,2023-09-06 13:35:00,-0.5201,OPEN,0.0,20,Short
0x646d2815b93dc22b981b7152e79d208287e60827,ARB,1.2485,0.518,SELL,2023-09-06 15:36:00,-0.0503,CLOSE,-1.16,1,Short
0xedbe03d7cf3f6121ea929dfa1841270856f03d2b,AVAX,14.5319,0.3896,BUY,2023-09-06 16:41:00,-0.1635,OPEN,0.0,1,Long
0xebf28c699b1e7f2ad3e31316d86da0df789a475b,ARB,1.1741,0.1342,SELL,2023-09-06 16:58:00,0.0155,OPEN,0.0,20,Short
0x0af6790523dd0af40c1c3a03a4c1a0df6067eba2,BNB,211.4229,0.0148,BUY,2023-09-06 22:01:00,-0.0016,CLOSE,6.94,50,Long
0x6121a1650753afb98b8a066940907804424fc225,AVAX,14.0823,0.2729,BUY,2023-09-07 06:48:00,-0.0608,CLOSE,12.62,3,Long
0xbdd2a8dc587fa386779f90becc9694c9586d3ce5,DOGE,0.0706,0.1388,BUY,2023-09-07 08:47:00,0.0204,CLOSE,-8.26,20,Long
0x744c9dcc29d0c40a3d305d66bb7cf1e724333f73,SOL,19.8711,0.5528,BUY,2023-09-07 09:04:00,0.0942,CLOSE,4.69,3,Long
0xa2a2e9a7468bbcd27e0f039d47476b02aac10637,BNB,215.9738,0.2139,SELL,2023-09-07 09:16:00,0.0362,OPEN,0.0,50,Short
0x4aed548b0ad2ad42d36a65fc9fbb736529027373,SOL,18.7674,0.0559,SELL,2023-09-07 10:09:00,0.0428,CLOSE,-1.46,1,Short
0x0e414a03aedcefa5c05276b7aa873350baf6378b,BNB,211.4629,0.2117,BUY,2023-09-07 10:19:00,0.1188,OPEN,0.0,1,Long
0xc599099a389d38c5d9c8b5481edbeba0598102b1,DOGE,0.0679,0.9678,SELL,2023-09-07 11:59:00,-1.1435,CLOSE,-35.5,50,Short
0x37d65217f9a89b91d3d82602fe21b9178f03dce8,DOGE,0.0702,0.789,BUY,2023-09-07 12:10:00,0.4824,CLOSE,2.03,3,Long
0x6ae91f9044b365bc545fbaefecc120afb3f0e0b8,LINK,6.0024,0.3083,SELL,2023-09-07 12:31:00,0.1547,CLOSE,3.7,1,Short
0x0285eb8e3dcc5302124dd67b15b3a223cf2bd3b2,BTC,26079.4103,0.203,SELL,2023-09-07 13:48:00,0.0174,OPEN,0.0,50,Short
0xdaae4227dfe85b6068adba35a50dd7a2e75f34fe,BTC,26624.8391,0.5461,BUY,2023-09-07 14:18:00,-0.195,CLOSE,38.65,20,Long
0x26e94b906f96d22acf1132f3c95ef725e7f49365,OP,1.5502,0.3883,BUY,2023-09-07 14:18:00,-0.2549,CLOSE,4.44,5,Long
0xdb5102ee19e81b7181b47ffb28758462bdc6a2f6,OP,1.4116,0.0909,BUY,2023-09-07 19:46:00,-0.1396,CLOSE,3.31,2,Long
0x7d320effc2b28f577dcd364c61661834374cb1ee,DOGE,0.0651,0.4702,SELL,2023-09-08 01:29:00,-0.3642,CLOSE,3.11,1,Short
0x987c1d0a09e6109925ce9325a327c9bc34db8d33,BNB,215.4857,0.1812,BUY,2023-09-08 04:54:00,-0.0406,CLOSE,-12.92,20,Long
0xee391c2f221fd53d6a55604791a2377121504c19,LINK,5.7314,0.6406,BUY,2023-09-08 20:34:00,0.1131,OPEN,0.0,10,Long
0xc4dea9884019946f0c0617e568292cdd487b5de4,AVAX,14.9303,0.7284,BUY,2023-09-09 00:06:00,0.3902,OPEN,0.0,50,Long
0xb973994ea6148c341bff47f5e9721ff9029420df,ARB,1.2476,0.0369,BUY,2023-09-09 00:19:00,0.0127,CLOSE,-5.63,5,Long
0xebf28c699b1e7f2ad3e31316d86da0df789a475b,ETH,1572.6543,0.3753,SELL,2023-09-09 00:24:00,-0.1082,CLOSE,-27.52,20,Short
0xdb5102ee19e81b7181b47ffb28758462bdc6a2f6,LINK,5.6043,0.8476,BUY,2023-09-09 01:31:00,0.0085,CLOSE,-41.37,20,Long
0x7d320effc2b28f577dcd364c61661834374cb1ee,DOGE,0.0673,0.1754,BUY,2023-09-09 03:29:00,0.106,CLOSE,44.79,50,Long
0xb429f0db71443a6dc3b6dd7fc8a7ccec4aa6dfca,MATIC,0.9575,0.636,SELL,2023-09-09 03:34:00,-0.3218,CLOSE,-11.31,5,Short
0xbdd2a8dc587fa386779f90becc9694c9586d3ce5,ETH,1621.9611,0.5207,SELL,2023-09-09 03:36:00,-0.0476,OPEN,0.0,50,Short
0x37d65217f9a89b91d3d82602fe21b9178f03dce8,DOGE,0.0698,0.1883,BUY,2023-09-09 06:05:00,-0.1742,OPEN,0.0,5,Long
0x75e3bcbec520c0c454921cf1afac79214071ba6e,BNB,197.4913,0.6327,BUY,2023-09-09 10:15:00,0.2077,OPEN,0.0,50,Long
0xbdd2a8dc587fa386779f90becc9694c9586d3ce5,DOGE,0.0755,0.2133,SELL,2023-09-09 13:46:00,0.004,CLOSE,2.28,1,Short
0x6121a1650753afb98b8a066940907804424fc225,SOL,20.0079,0.7436,BUY,2023-09-09 14:43:00,-0.1211,OPEN,0.0,3,Long
0x75e3bcbec520c0c454921cf1afac79214071ba6e,ARB,1.2526,1.1035,BUY,2023-09-09 15:14:00,0.1701,OPEN,0.0,5,Long
0x75e3bcbec520c0c454921cf1afac79214071ba6e,DOGE,0.0688,0.1138,BUY,2023-09-09 21:06:00,0.0154,OPEN,0.0,20,Long
0x0285eb8e3dcc5302124dd67b15b3a223cf2bd3b2,LINK,5.687,0.1201,SELL,2023-09-09 21:18:00,-0.0211,OPEN,0.0,20,Short
0x2fb4e305fa7f9e99b4f649c36ab6f03349f63204,OP,1.5344,0.3165,BUY,2023-09-09 22:20:00,-0.1131,CLOSE,-4.23,10,Long
0xb4d87bd4dc83166db001549b0f7dd10ed8172a97,BNB,223.6526,0.7057,BUY,2023-09-10 03:48:00,-0.4945,CLOSE,-97.6,50,Long
0x75e3bcbec520c0c454921cf1afac79214071ba6e,OP,1.5737,0.1119,BUY,2023-09-10 08:26:00,-0.0268,OPEN,0.0,50,Long
0x2d1a95b8825f9bbc7b309def655febd63cc1029d,BNB,206.0522,0.2907,BUY,2023-09-10 20:24:00,-0.0816,CLOSE,-10.85,5,Long
0xeebc475a7fbdf24e9a015d16ca79c7f443e7ab81,ARB,1.0875,0.2524,BUY,2023-09-10 21:50:00,0.045,OPEN,0.0,50,Long
0xdaae4227dfe85b6068adba35a50dd7a2e75f34fe,AVAX,14.9756,0.506,BUY,2023-09-10 23:33:00,-0.4162,OPEN,0.0,5,Long
0xedbe03d7cf3f6121ea929dfa1841270856f03d2b,OP,1.4579,0.369,BUY,2023-09-10 23:53:00,0.0884,CLOSE,23.88,5,Long
0x5cc6e86a6eb53b1f13feb35d2a7d10c872850f05,BNB,215.7632,0.4962,SELL,2023-09-11 01:05:00,-0.0978,CLOSE,56.15,50,Short
0x0285eb8e3dcc5302124dd67b15b3a223cf2bd3b2,SOL,21.7699,0.6336,SELL,2023-09-11 01:20:00,0.2883,OPEN,0.0,10,Short
0x9c453737aa43460414e9164eba11d3f5579cf2f1,OP,1.4141,0.9258,BUY,2023-09-11 02:17:00,-0.5749,OPEN,0.0,10,Long
0x8528643b6c996c090947e88b00fe1763200c3698,DOGE,0.0678,0.2938,BUY,2023-09-11 07:08:00,-0.0145,OPEN,0.0,1,Long
0x3be2f0013aec35a8fd588a7ee15b7c917e04dd75,SOL,19.6203,0.2503,BUY,2023-09-11 11:06:00,-0.0644,CLOSE,2.1,1,Long
0x3be2f0013aec35a8fd588a7ee15b7c917e04dd75,MATIC,0.9094,0.1333,BUY,2023-09-11 11:12:00,0.01,CLOSE,-7.93,3,Long
0x0328d5d04ef6b199bde888fc75394a7e49cbb2e3,ARB,1.1892,0.3042,BUY,2023-09-11 11:33:00,0.1407,CLOSE,11.98,5,Long
0x2e380d92bab460b09297a542e4b0198e2c87e43c,MATIC,0.8795,1.1365,BUY,2023-09-11 12:16:00,-0.6009,CLOSE,6.73,5,Long
0xc61546b61eada8292e6df67fbf85809118265b37,MATIC,0.9098,0.5783,BUY,2023-09-11 14:00:00,0.2633,OPEN,0.0,20,Long
0x9f46469dacc43d56c35b79bae4905b54b673b96f,BNB,210.3165,0.5658,SELL,2023-09-11 17:08:00,-0.1276,CLOSE,13.76,20,Short
0x4ccba13ed55148644802487bce53eb55921ba0fe,ETH,1468.6896,0.0916,BUY,2023-09-11 17:35:00,0.0651,OPEN,0.0,5,Long
0x23be95267b9414f864c908abccf5f987e42ce22c,OP,1.5245,2.1479,BUY,2023-09-11 17:35:00,1.4617,OPEN,0.0,5,Long
0x09fceb2336574e225ea891b132998c73f4696abe,AVAX,13.8405,0.2168,SELL,2023-09-12 02:16:00,0.0104,OPEN,0.0,50,Short
0x744c9dcc29d0c40a3d305d66bb7cf1e724333f73,ETH,1670.7299,0.1129,BUY,2023-09-12 06:30:00,-0.0215,OPEN,0.0,1,Long
0x9c453737aa43460414e9164eba11d3f5579cf2f1,BTC,26363.8076,0.6595,SELL,2023-09-12 07:23:00,-0.0365,CLOSE,-0.87,1,Short
0xe2f5ee794b96897c7d576413e0148b2e8f9fa655,BNB,211.1341,1.2817,BUY,2023-09-12 11:03:00,-0.9424,OPEN,0.0,1,Long
0xf547770f567ab48950b47158a6efc236cb73d8c1,SOL,19.5661,0.1581,BUY,2023-09-12 11:50:00,0.1361,OPEN,0.0,5,Long
0x646d2815b93dc22b981b7152e79d208287e60827,AVAX,13.5561,0.3232,BUY,2023-09-12 12:10:00,-0.169,CLOSE,-1.04,1,Long
0x6121a1650753afb98b8a066940907804424fc225,LINK,5.7612,1.0554,SELL,2023-09-12 13:03:00,0.2806,CLOSE,5.07,5,Short
0x1df10b04fc8b7bb56232fbf467593f3d4db7f636,OP,1.4927,0.4339,BUY,2023-09-12 14:21:00,0.3636,OPEN,0.0,20,Long
0xcfd86a92699b4e78a9d76f77c3658a5933d981e1,LINK,5.5392,0.1571,SELL,2023-09-12 14:37:00,-0.123,OPEN,0.0,2,Short
0xc61546b61eada8292e6df67fbf85809118265b37,AVAX,14.0778,0.2281,BUY,2023-09-12 16:00:00,-0.1463,OPEN,0.0,20,Long
0x14fb2d0de7f331f4ab61b71a9d5c4c8e4ef8c0e5,BTC,26239.0733,0.4973,BUY,2023-09-12 16:43:00,0.2582,CLOSE,-5.54,5,Long
0xcfd86a92699b4e78a9d76f77c3658a5933d981e1,BTC,24468.2982,0.4707,SELL,2023-09-12 18:18:00,0.1691,OPEN,0.0,2,Short
0x0285eb8e3dcc5302124dd67b15b3a223cf2bd3b2,ETH,1679.6949,0.568,SELL,2023-09-12 20:52:00,-0.2432,OPEN,0.0,1,Short
0xaa624205b23ee2d620474b557ab013e55b55c926,OP,1.442,0.2066,BUY,2023-09-12 23:42:00,0.1103,CLOSE,1.9,2,Long
0xedbe03d7cf3f6121ea929dfa1841270856f03d2b,LINK,6.9044,0.2327,BUY,2023-09-13 02:21:00,0.0729,CLOSE,-6.48,50,Long
0x9c453737aa43460414e9164eba11d3f5579cf2f1,BTC,23794.1182,0.7158,SELL,2023-09-13 10:07:00,0.5828,OPEN,0.0,2,Short
0x6ae91f9044b365bc545fbaefecc120afb3f0e0b8,OP,1.4387,0.3944,SELL,2023-09-13 16:39:00,0.0634,CLOSE,-3.2,1,Short
0x4379bda828db78e0c9e1b8c145905c0b109af197,ARB,1.2409,2.0319,SELL,2023-09-13 18:02:00,2.4184,OPEN,0.0,2,Short
0xeea684c1f340e7d01d339e94e345a318e63f4345,MATIC,0.8754,0.3932,BUY,2023-09-13 19:05:00,0.077,OPEN,0.0,20,Long
0xc61546b61eada8292e6df67fbf85809118265b37,SOL,19.8796,0.3788,SELL,2023-09-13 19:10:00,-0.1162,OPEN,0.0,3,Short
0xc87fa1c370a4cdce8a3de02aecd8246696f21820,OP,1.4443,0.3409,SELL,2023-09-13 20:27:00,-0.1358,CLOSE,-2.52,10,Short
0xd070b332429151e576014d456b91028526f824b6,OP,1.4238,0.4853,SELL,2023-09-13 21:59:00,0.1306,CLOSE,10.91,3,Short
0x744c9dcc29d0c40a3d305d66bb7cf1e724333f73,BTC,24464.2472,0.7125,BUY,2023-09-13 22:25:00,0.3807,OPEN,0.0,2,Long
0x4939835272851ed4624ebeef2cd55b020d083576,BTC,26289.6737,0.4988,BUY,2023-09-14 04:19:00,-0.1713,OPEN,0.0,1,Long
0x744cb7ef9bc0528b331a9c8cbdd555eeda37cf0e,ARB,1.1918,0.2443,SELL,2023-09-14 13:50:00,0.0144,CLOSE,2.57,1,Short
0x5f3203e5a82554fb4ff75ee00ec09483e2ae0341,DOGE,0.076,0.4766,SELL,2023-09-14 16:34:00,-0.0717,OPEN,0.0,50,Short
0xb2ad781ab883a8f93650bcd708f6c9529a07f690,AVAX,13.6276,0.6625,BUY,2023-09-14 16:48:00,0.872,OPEN,0.0,1,Long
0x0285eb8e3dcc5302124dd67b15b3a223cf2bd3b2,AVAX,13.3095,0.331,BUY,2023-09-14 17:15:00,0.0855,OPEN,0.0,1,Long
0x5f3203e5a82554fb4ff75ee00ec09483e2ae0341,BNB,201.4458,0.1327,SELL,2023-09-15 00:24:00,0.0103,OPEN,0.0,5,Short
0x37d65217f9a89b91d3d82602fe21b9178f03dce8,OP,1.4284,1.2111,SELL,2023-09-15 04:09:00,-0.933,OPEN,0.0,50,Short
0x5a1966353c437c4a9bafc506875acdf42fc8ff65,SOL,21.7699,0.4042,BUY,2023-09-15 07:53:00,-0.209,OPEN,0.0,2,Long
0xea061b83a2dc03d04b9b22920149ea6f5465fa27,ETH,1558.6123,0.2714,SELL,2023-09-15 08:34:00,0.0275,OPEN,0.0,50,Short
0x4aed548b0ad2ad42d36a65fc9fbb736529027373,AVAX,14.5755,0.3835,SELL,2023-09-15 11:26:00,0.0269,CLOSE,0.53,1,Short
0x1df10b04fc8b7bb56232fbf467593f3d4db7f636,AVAX,13.471,0.0973,BUY,2023-09-15 11:54:00,-0.0009,OPEN,0.0,3,Long
0x24a05b6a280881d9f48b32588c8c89018988a3b9,LINK,5.4496,0.4534,BUY,2023-09-15 13:32:00,0.4353,OPEN,0.0,5,Long
0x453dd2d9eed5ff86eb409796ee5f1e1d285c33d4,AVAX,13.3557,0.2889,BUY,2023-09-15 18:19:00,0.0126,OPEN,0.0,5,Long
0x6262afa887ea89b1b66c12e70d25de9412bdf3dd,DOGE,0.0702,0.5096,SELL,2023-09-15 19:30:00,0.1919,OPEN,0.0,2,Short
0x43daceb7e014b2c8f1e1dea64bf293277027181b,AVAX,14.0001,0.5718,BUY,2023-09-15 22:39:00,0.329,OPEN,0.0,2,Long
0x5d4e187b0ea64e520ab88273cce8678ddb6803c8,LINK,5.9474,1.0283,BUY,2023-09-16 02:14:00,0.2053,CLOSE,-4.35,3,Long
0xe2c1562bb67f7a529b76e91f7196d63f54ccddaf,DOGE,0.071,0.7952,BUY,2023-09-16 02:29:00,0.0107,OPEN,0.0,10,Long
0x893c0ce1b001bed43dbe9f36ff779cf9df99e513,BNB,227.4454,0.0398,BUY,2023-09-16 04:31:00,0.0107,CLOSE,0.41,2,Long
0x79734a87ec5efa730c4a5d0ff563bac34e411e6b,SOL,20.5014,1.0358,BUY,2023-09-16 05:07:00,0.5998,OPEN,0.0,10,Long
0x893c0ce1b001bed43dbe9f36ff779cf9df99e513,BTC,23782.3477,0.2384,BUY,2023-09-16 13:11:00,0.0838,CLOSE,13.75,20,Long
0x24a05b6a280881d9f48b32588c8c89018988a3b9,MATIC,0.9246,0.2524,BUY,2023-09-16 19:24:00,0.0008,OPEN,0.0,3,Long
0x925c717311ca9170b4ac3e9b636d21179e3359dd,ETH,1749.17,0.0951,BUY,2023-09-17 02:27:00,0.0528,OPEN,0.0,2,Long
0xbdd2a8dc587fa386779f90becc9694c9586d3ce5,LINK,5.8253,0.7726,SELL,2023-09-17 07:59:00,-0.1785,CLOSE,-8.29,5,Short
0xdaae4227dfe85b6068adba35a50dd7a2e75f34fe,SOL,18.6689,0.2677,BUY,2023-09-17 08:06:00,-0.0553,CLOSE,10.76,20,Long
0x646d2815b93dc22b981b7152e79d208287e60827,DOGE,0.0659,2.612,BUY,2023-09-17 12:53:00,0.0315,OPEN,0.0,20,Long
0x3be2f0013aec35a8fd588a7ee15b7c917e04dd75,BNB,213.8307,0.142,BUY,2023-09-17 15:14:00,0.0383,OPEN,0.0,3,Long
0xcfd86a92699b4e78a9d76f77c3658a5933d981e1,AVAX,13.2415,0.4077,BUY,2023-09-17 15:45:00,0.2117,CLOSE,7.37,3,Long
0x5adebdbe4ffde843c5c0942476dafed98f4081ed,OP,1.3719,0.5883,BUY,2023-09-17 17:54:00,-0.1271,OPEN,0.0,2,Long
0x525162b29a67219a10418bb3be42f9213b57465d,LINK,5.7346,0.3187,BUY,2023-09-17 18:46:00,-0.083,OPEN,0.0,2,Long
0xf547770f567ab48950b47158a6efc236cb73d8c1,BTC,24457.4597,0.1868,SELL,2023-09-17 21:22:00,0.1551,CLOSE,-71.64,50,Short
0xebf28c699b1e7f2ad3e31316d86da0df789a475b,MATIC,0.9983,0.4174,BUY,2023-09-17 22:30:00,-0.1433,OPEN,0.0,50,Long
0x4379bda828db78e0c9e1b8c145905c0b109af197,DOGE,0.0717,0.5232,SELL,2023-09-18 02:04:00,-0.1385,OPEN,0.0,5,Short
0xd070b332429151e576014d456b91028526f824b6,MATIC,0.8851,0.6452,BUY,2023-09-18 05:44:00,0.3798,CLOSE,188.41,50,Long
0x7968a5f8676e6b77d71e6dadf79e40929b9c9eb0,MATIC,0.9545,1.1927,BUY,2023-09-18 08:22:00,0.1558,OPEN,0.0,20,Long
0x2e380d92bab460b09297a542e4b0198e2c87e43c,ARB,1.3071,0.4789,BUY,2023-09-18 09:04:00,-0.0514,OPEN,0.0,3,Long
0x0e414a03aedcefa5c05276b7aa873350baf6378b,BNB,199.6267,1.1379,BUY,2023-09-18 12:50:00,1.7517,OPEN,0.0,2,Long
0x4f4a940690ae223310632fab09b9ce1d1115fe6b,MATIC,0.826,0.444,BUY,2023-09-18 13:35:00,0.517,CLOSE,7.75,5,Long
0x744cb7ef9bc0528b331a9c8cbdd555eeda37cf0e,DOGE,0.071,0.1822,BUY,2023-09-18 14:13:00,-0.0279,CLOSE,-37.32,10,Long
0x4379bda828db78e0c9e1b8c145905c0b109af197,DOGE,0.0698,0.2838,BUY,2023-09-18 17:13:00,-0.1135,OPEN,0.0,5,Long
0x987c1d0a09e6109925ce9325a327c9bc34db8d33,ARB,1.1489,0.8892,BUY,2023-09-18 21:22:00,0.8481,CLOSE,-92.74,50,Long
0x4f4a940690ae223310632fab09b9ce1d1115fe6b,LINK,5.7657,0.7375,SELL,2023-09-18 23:37:00,-0.0958,CLOSE,1.32,2,Short
0x5d4e187b0ea64e520ab88273cce8678ddb6803c8,AVAX,13.7511,0.145,BUY,2023-09-19 13:28:00,0.0073,OPEN,0.0,20,Long
0x1df10b04fc8b7bb56232fbf467593f3d4db7f636,DOGE,0.0737,0.9559,SELL,2023-09-19 17:36:00,-0.0335,OPEN,0.0,10,Short
0x2e380d92bab460b09297a542e4b0198e2c87e43c,BTC,23359.1743,0.0978,BUY,2023-09-20 03:39:00,0.0369,CLOSE,1.55,1,Long
0xb5165416bd5e31205f5eebdb26cd1592ebddca2e,ARB,1.1713,0.0363,BUY,2023-09-20 04:13:00,-0.0228,OPEN,0.0,10,Long
0x4ccba13ed55148644802487bce53eb55921ba0fe,MATIC,0.9018,0.2403,BUY,2023-09-20 11:08:00,-0.1644,CLOSE,-24.07,10,Long
0xc87fa1c370a4cdce8a3de02aecd8246696f21820,BTC,25511.5157,0.2401,BUY,2023-09-20 11:14:00,-0.0511,CLOSE,5.43,3,Long
0x5a1966353c437c4a9bafc506875acdf42fc8ff65,LINK,5.5574,1.8186,BUY,2023-09-20 12:13:00,0.9298,CLOSE,-50.23,50,Long
0xeebc475a7fbdf24e9a015d16ca79c7f443e7ab81,AVAX,14.0066,0.0469,SELL,2023-09-20 12:59:00,0.0398,CLOSE,19.47,5,Short
0xbdd2a8dc587fa386779f90becc9694c9586d3ce5,AVAX,13.4976,0.1251,BUY,2023-09-20 14:32:00,-0.0189,OPEN,0.0,50,Long
0xb429f0db71443a6dc3b6dd7fc8a7ccec4aa6dfca,ARB,1.1076,0.4912,SELL,2023-09-20 15:32:00,-0.1845,OPEN,0.0,1,Short
0x6ae91f9044b365bc545fbaefecc120afb3f0e0b8,ETH,1636.2531,0.6212,SELL,2023-09-20 17:30:00,0.0724,CLOSE,-94.84,50,Short
0xbb4e5487f3cf95039e0674754240ffcd91dcb7b6,AVAX,14.07,0.2019,BUY,2023-09-20 18:39:00,-0.0131,CLOSE,-50.74,50,Long
0x30cf07144e7941c6c51824aa794607d5a2f34311,MATIC,0.788,1.0442,SELL,2023-09-20 19:20:00,-0.2934,OPEN,0.0,3,Short
0x8528643b6c996c090947e88b00fe1763200c3698,BTC,25803.5694,0.2936,SELL,2023-09-20 20:55:00,0.0326,OPEN,0.0,2,Short
0xb77e6e8c09d1faa2d9fa8746ce75c51abe7252be,SOL,20.5559,0.1324,BUY,2023-09-20 22:05:00,-0.1212,OPEN,0.0,3,Long
0x2fb4e305fa7f9e99b4f649c36ab6f03349f63204,AVAX,13.6333,1.004,SELL,2023-09-21 01:39:00,0.9473,OPEN,0.0,2,Short
0xeebc475a7fbdf24e9a015d16ca79c7f443e7ab81,OP,1.4288,2.3881,SELL,2023-09-21 06:42:00,0.1464,CLOSE,-68.87,50,Short
0x925c717311ca9170b4ac3e9b636d21179e3359dd,MATIC,0.8125,0.1837,SELL,2023-09-21 08:06:00,-0.0649,CLOSE,-25.46,20,Short
0x0328d5d04ef6b199bde888fc75394a7e49cbb2e3,MATIC,0.953,0.6247,BUY,2023-09-21 10:09:00,0.0213,OPEN,0.0,1,Long
0xd45a1cd4a5790cb05bf8c66c9c2a4154c047bb63,ETH,1510.064,1.5778,SELL,2023-09-21 20:12:00,0.5405,OPEN,0.0,50,Short
0x5a1966353c437c4a9bafc506875acdf42fc8ff65,LINK,5.7627,0.1742,SELL,2023-09-21 23:23:00,-0.0064,CLOSE,-0.72,1,Short
0x75e3bcbec520c0c454921cf1afac79214071ba6e,SOL,19.098,0.3484,SELL,2023-09-22 01:45:00,0.2977,OPEN,0.0,10,Short
0xe2c1562bb67f7a529b76e91f7196d63f54ccddaf,ETH,1592.1328,0.1776,SELL,2023-09-22 02:33:00,0.0862,OPEN,0.0,5,Short
0x5f3203e5a82554fb4ff75ee00ec09483e2ae0341,MATIC,0.9044,0.2469,BUY,2023-09-22 09:06:00,-0.0622,OPEN,0.0,50,Long
0xf547770f567ab48950b47158a6efc236cb73d8c1,MATIC,0.8352,0.0358,BUY,2023-09-22 09:21:00,-0.0193,OPEN,0.0,50,Long
0x09fceb2336574e225ea891b132998c73f4696abe,ARB,1.2712,0.089,BUY,2023-09-22 11:29:00,-0.0073,OPEN,0.0,3,Long
0xc87fa1c370a4cdce8a3de02aecd8246696f21820,BNB,208.6644,0.0113,BUY,2023-09-22 12:03:00,0.0007,OPEN,0.0,5,Long
0x6262afa887ea89b1b66c12e70d25de9412bdf3dd,LINK,6.1115,0.2223,BUY,2023-09-22 16:59:00,-0.048,OPEN,0.0,2,Long
0x6262afa887ea89b1b66c12e70d25de9412bdf3dd,ARB,1.2418,0.0422,BUY,2023-09-22 19:10:00,-0.0045,CLOSE,0.6,1,Long
0xb973994ea6148c341bff47f5e9721ff9029420df,ARB,1.2792,0.2023,BUY,2023-09-23 04:08:00,-0.0884,OPEN,0.0,2,Long
0x30cf07144e7941c6c51824aa794607d5a2f34311,LINK,5.6063,0.0776,BUY,2023-09-23 04:19:00,0.0408,CLOSE,63.84,50,Long
0x09fceb2336574e225ea891b132998c73f4696abe,SOL,19.5082,0.986,SELL,2023-09-23 06:01:00,1.0734,CLOSE,-2.41,1,Short
0xeea684c1f340e7d01d339e94e345a318e63f4345,SOL,19.0364,1.3028,BUY,2023-09-23 08:36:00,-0.7523,OPEN,0.0,5,Long
0x43daceb7e014b2c8f1e1dea64bf293277027181b,DOGE,0.063,3.0924,SELL,2023-09-23 08:37:00,2.5591,OPEN,0.0,3,Short
0x5d4e187b0ea64e520ab88273cce8678ddb6803c8,SOL,20.585,1.099,BUY,2023-09-23 11:19:00,0.0312,CLOSE,-5.35,50,Long
0xee391c2f221fd53d6a55604791a2377121504c19,AVAX,14.2824,0.0675,BUY,2023-09-23 19:32:00,-0.0185,OPEN,0.0,50,Long
0x2e380d92bab460b09297a542e4b0198e2c87e43c,BNB,218.8472,0.3381,BUY,2023-09-24 01:33:00,0.0633,OPEN,0.0,5,Long
0x5adebdbe4ffde843c5c0942476dafed98f4081ed,SOL,17.8954,0.1855,SELL,2023-09-24 03:09:00,-0.1173,CLOSE,10.64,50,Short
0x9c453737aa43460414e9164eba11d3f5579cf2f1,AVAX,14.3143,0.0676,BUY,2023-09-24 03:51:00,0.0591,CLOSE,-0.06,1,Long
0x5a1966353c437c4a9bafc506875acdf42fc8ff65,SOL,21.0314,0.1861,BUY,2023-09-24 04:39:00,0.0361,OPEN,0.0,2,Long
0x525162b29a67219a10418bb3be42f9213b57465d,OP,1.5442,0.9412,SELL,2023-09-24 07:15:00,-0.6989,OPEN,0.0,2,Short
0x5adebdbe4ffde843c5c0942476dafed98f4081ed,AVAX,13.7956,0.9957,BUY,2023-09-24 08:39:00,0.0025,CLOSE,-7.38,20,Long
0xb77e6e8c09d1faa2d9fa8746ce75c51abe7252be,BTC,24288.5648,0.3789,BUY,2023-09-24 11:01:00,0.0945,OPEN,0.0,20,Long
0x0af6790523dd0af40c1c3a03a4c1a0df6067eba2,AVAX,12.713,0.0538,SELL,2023-09-24 16:39:00,0.0242,CLOSE,106.0,50,Short
0x26e94b906f96d22acf1132f3c95ef725e7f49365,DOGE,0.0632,0.3612,SELL,2023-09-24 19:46:00,-0.2666,CLOSE,13.84,5,Short
0xb973994ea6148c341bff47f5e9721ff9029420df,MATIC,0.844,0.2004,SELL,2023-09-25 02:09:00,-0.1184,CLOSE,10.46,5,Short
0x9c453737aa43460414e9164eba11d3f5579cf2f1,MATIC,0.902,0.3752,BUY,2023-09-25 06:37:00,-0.029,CLOSE,1.53,1,Long
0xebf28c699b1e7f2ad3e31316d86da0df789a475b,ETH,1546.6249,0.5045,SELL,2023-09-25 07:15:00,-0.1849,OPEN,0.0,10,Short
0xdaae4227dfe85b6068adba35a50dd7a2e75f34fe,BNB,221.2911,0.0851,SELL,2023-09-25 10:33:00,0.009,CLOSE,110.7,50,Short
0x4aed548b0ad2ad42d36a65fc9fbb736529027373,DOGE,0.0725,0.0178,SELL,2023-09-25 11:44:00,-0.0011,CLOSE,15.81,10,Short
0x3be2f0013aec35a8fd588a7ee15b7c917e04dd75,MATIC,0.93,0.8505,SELL,2023-09-25 19:00:00,-0.6182,CLOSE,0.04,1,Short
0x43daceb7e014b2c8f1e1dea64bf293277027181b,LINK,6.0101,0.0106,SELL,2023-09-25 21:52:00,-0.0064,OPEN,0.0,3,Short
0x5adebdbe4ffde843c5c0942476dafed98f4081ed,ETH,1618.7029,1.0705,SELL,2023-09-26 03:43:00,-0.8328,OPEN,0.0,1,Short
0x2fb4e305fa7f9e99b4f649c36ab6f03349f63204,ARB,1.2328,0.0663,SELL,2023-09-26 07:21:00,0.0522,CLOSE,0.01,3,Short
0x646d2815b93dc22b981b7152e79d208287e60827,SOL,18.9298,0.1601,BUY,2023-09-26 08:48:00,0.0214,CLOSE,-6.05,2,Long
0xb973994ea6148c341bff47f5e9721ff9029420df,ARB,1.1726,0.7352,SELL,2023-09-26 10:04:00,0.1304,CLOSE,-104.79,50,Short
0x4f4a940690ae223310632fab09b9ce1d1115fe6b,ETH,1651.1165,0.185,SELL,2023-09-26 10:27:00,-0.0655,OPEN,0.0,20,Short
0xeebc475a7fbdf24e9a015d16ca79c7f443e7ab81,LINK,5.929,0.5092,BUY,2023-09-26 10:43:00,-0.3096,OPEN,0.0,50,Long
0x4aed548b0ad2ad42d36a65fc9fbb736529027373,MATIC,0.8665,1.5793,BUY,2023-09-26 10:58:00,0.4071,CLOSE,-0.72,2,Long
0x1d186cb24f764ddad17b04d51d4a66b0c92ad716,DOGE,0.0686,0.0826,BUY,2023-09-26 14:02:00,0.0781,OPEN,0.0,50,Long
0x525162b29a67219a10418bb3be42f9213b57465d,MATIC,0.8216,0.131,SELL,2023-09-26 15:10:00,0.0704,OPEN,0.0,10,Short
0x744c9dcc29d0c40a3d305d66bb7cf1e724333f73,ARB,1.2045,0.1847,BUY,2023-09-26 22:41:00,-0.0579,CLOSE,8.22,10,Long
0x744c9dcc29d0c40a3d305d66bb7cf1e724333f73,ARB,1.1652,0.1906,BUY,2023-09-26 22:53:00,-0.0246,CLOSE,3.39,2,Long
0x79734a87ec5efa730c4a5d0ff563bac34e411e6b,MATIC,0.8747,0.1441,SELL,2023-09-27 00:19:00,0.0536,OPEN,0.0,3,Short
0x0328d5d04ef6b199bde888fc75394a7e49cbb2e3,LINK,5.9582,0.4395,BUY,2023-09-27 02:03:00,-0.1475,OPEN,0.0,10,Long
0xa2e1a7b77321268164f1cab8f52cd112cfe0f364,BNB,204.5403,0.2595,BUY,2023-09-27 04:46:00,0.0094,CLOSE,-14.46,20,Long
0xf547770f567ab48950b47158a6efc236cb73d8c1,DOGE,0.0703,1.2741,BUY,2023-09-27 06:51:00,0.0616,CLOSE,-1.09,1,Long
0x1df10b04fc8b7bb56232fbf467593f3d4db7f636,BTC,24544.6994,0.3719,SELL,2023-09-27 07:49:00,-0.0647,OPEN,0.0,2,Short
0x1df10b04fc8b7bb56232fbf467593f3d4db7f636,BNB,193.1905,0.044,SELL,2023-09-27 12:37:00,-0.0182,OPEN,0.0,20,Short
0x0285eb8e3dcc5302124dd67b15b3a223cf2bd3b2,SOL,21.0325,0.2446,BUY,2023-09-27 13:49:00,0.1378,OPEN,0.0,20,Long
0x78af6c0c766c104d1e512e617f991e02976ce472,LINK,5.9874,0.1743,BUY,2023-09-27 14:38:00,-0.0082,CLOSE,-40.03,50,Long
0x23be95267b9414f864c908abccf5f987e42ce22c,OP,1.5849,0.034,BUY,2023-09-27 19:03:00,-0.0361,OPEN,0.0,10,Long
0x0f2f77b9475059e62105e77b8d130a7cd6f85ea9,BTC,23982.7329,0.6719,BUY,2023-09-27 20:14:00,0.0606,CLOSE,-2.91,2,Long
0x646d2815b93dc22b981b7152e79d208287e60827,BNB,195.0378,0.0143,SELL,2023-09-27 22:35:00,-0.007,OPEN,0.0,10,Short
0x79734a87ec5efa730c4a5d0ff563bac34e411e6b,LINK,5.9096,0.0354,BUY,2023-09-27 23:56:00,-0.0101,OPEN,0.0,2,Long
0xc61546b61eada8292e6df67fbf85809118265b37,BNB,217.5171,0.3722,SELL,2023-09-28 03:06:00,0.1908,OPEN,0.0,50,Short
0x75e3bcbec520c0c454921cf1afac79214071ba6e,ETH,1491.262,0.4854,SELL,2023-09-28 03:29:00,-0.2008,CLOSE,-9.94,5,Short
0x0f2f77b9475059e62105e77b8d130a7cd6f85ea9,BTC,24213.0072,0.1409,SELL,2023-09-28 06:35:00,-0.0868,CLOSE,5.57,2,Short
0x6772ce2c78ad77d185e724baf3c73fc855e0c397,MATIC,0.8727,0.4112,BUY,2023-09-28 06:40:00,0.0957,CLOSE,-2.15,1,Long
0xc599099a389d38c5d9c8b5481edbeba0598102b1,LINK,6.0939,0.6741,BUY,2023-09-28 07:36:00,-0.0884,CLOSE,49.83,10,Long
0x1df10b04fc8b7bb56232fbf467593f3d4db7f636,MATIC,0.9916,0.9006,BUY,2023-09-28 09:22:00,0.1613,CLOSE,-31.23,50,Long
0xa2e1a7b77321268164f1cab8f52cd112cfe0f364,DOGE,0.0693,0.7904,SELL,2023-09-28 09:50:00,-0.3703,CLOSE,-7.55,2,Short
0xe921971dbc1ec5636c7872b4ccfded69e5a45abe,DOGE,0.0751,0.2768,SELL,2023-09-28 16:42:00,0.0889,CLOSE,-217.05,50,Short
0xc599099a389d38c5d9c8b5481edbeba0598102b1,BNB,210.6639,0.2393,BUY,2023-09-28 17:12:00,-0.033,OPEN,0.0,3,Long
0x78af6c0c766c104d1e512e617f991e02976ce472,BTC,27790.4325,0.0562,SELL,2023-09-28 20:16:00,0.0325,OPEN,0.0,50,Short
0x0e414a03aedcefa5c05276b7aa873350baf6378b,ARB,1.0946,0.4647,SELL,2023-09-29 09:46:00,0.4006,OPEN,0.0,3,Short
0x987c1d0a09e6109925ce9325a327c9bc34db8d33,MATIC,0.8687,0.234,BUY,2023-09-29 10:38:00,0.1987,OPEN,0.0,5,Long
0xb973994ea6148c341bff47f5e9721ff9029420df,BNB,199.2679,0.9378,SELL,2023-09-29 11:39:00,0.6362,OPEN,0.0,10,Short
0x24a05b6a280881d9f48b32588c8c89018988a3b9,OP,1.3885,0.2159,BUY,2023-09-29 16:32:00,0.026,CLOSE,14.33,20,Long
0x6121a1650753afb98b8a066940907804424fc225,MATIC,0.9036,1.2322,SELL,2023-09-29 21:11:00,-0.5294,OPEN,0.0,5,Short
0x4f4a940690ae223310632fab09b9ce1d1115fe6b,OP,1.7156,0.5948,SELL,2023-09-29 23:17:00,0.0889,OPEN,0.0,5,Short
0x24a05b6a280881d9f48b32588c8c89018988a3b9,SOL,19.1939,0.1255,BUY,2023-09-30 06:28:00,0.0539,OPEN,0.0,20,Long
0x0e414a03aedcefa5c05276b7aa873350baf6378b,ARB,1.2327,1.7215,BUY,2023-09-30 11:44:00,0.7634,CLOSE,1.4,2,Long
0xcfd86a92699b4e78a9d76f77c3658a5933d981e1,BNB,215.1108,0.1452,SELL,2023-09-30 13:29:00,0.0143,CLOSE,6.63,3,Short
0x24a05b6a280881d9f48b32588c8c89018988a3b9,LINK,6.0215,0.0213,BUY,2023-09-30 14:05:00,0.0115,CLOSE,-10.82,10,Long
0xb973994ea6148c341bff47f5e9721ff9029420df,LINK,6.7635,1.9174,BUY,2023-09-30 14:40:00,-0.1487,CLOSE,123.85,50,Long
0x6262afa887ea89b1b66c12e70d25de9412bdf3dd,BTC,24051.898,0.8436,BUY,2023-09-30 16:43:00,-0.1879,CLOSE,4.68,3,Long
0xebf28c699b1e7f2ad3e31316d86da0df789a475b,ARB,1.2478,0.2033,BUY,2023-09-30 18:05:00,0.0169,OPEN,0.0,3,Long
0xc599099a389d38c5d9c8b5481edbeba0598102b1,BTC,25231.0497,0.2993,BUY,2023-09-30 19:35:00,-0.1179,OPEN,0.0,1,Long
0xd45a1cd4a5790cb05bf8c66c9c2a4154c047bb63,OP,1.5967,0.0972,SELL,2023-09-30 21:52:00,0.0327,OPEN,0.0,20,Short
0x893c0ce1b001bed43dbe9f36ff779cf9df99e513,SOL,20.6755,0.0953,SELL,2023-09-30 22:10:00,0.0408,CLOSE,6.91,2,Short
0xb4d87bd4dc83166db001549b0f7dd10ed8172a97,DOGE,0.0729,0.17,SELL,2023-10-01 00:14:00,0.0176,OPEN,0.0,10,Short
0x5f3203e5a82554fb4ff75ee00ec09483e2ae0341,OP,1.3822,0.6397,BUY,2023-10-01 00:30:00,-0.193,CLOSE,-9.22,3,Long
0xe2f5ee794b96897c7d576413e0148b2e8f9fa655,LINK,5.9152,0.0468,SELL,2023-10-01 03:43:00,-0.0068,OPEN,0.0,50,Short
0x525162b29a67219a10418bb3be42f9213b57465d,AVAX,14.2889,0.1352,SELL,2023-10-01 03:59:00,0.0194,OPEN,0.0,5,Short
0x8528643b6c996c090947e88b00fe1763200c3698,BTC,23609.5907,0.2174,BUY,2023-10-01 08:22:00,-0.1269,OPEN,0.0,3,Long
0x7d320effc2b28f577dcd364c61661834374cb1ee,MATIC,0.9232,0.0413,BUY,2023-10-01 10:41:00,-0.0087,OPEN,0.0,20,Long
0x925c717311ca9170b4ac3e9b636d21179e3359dd,MATIC,0.8964,0.8595,SELL,2023-10-01 10:54:00,-0.1049,CLOSE,5.52,5,Short
0xe2f5ee794b96897c7d576413e0148b2e8f9fa655,LINK,6.2453,0.476,SELL,2023-10-01 14:01:00,-0.1548,OPEN,0.0,5,Short
0x4939835272851ed4624ebeef2cd55b020d083576,DOGE,0.0737,0.7101,SELL,2023-10-01 14:06:00,-0.0,CLOSE,45.33,20,Short
0x5f3203e5a82554fb4ff75ee00ec09483e2ae0341,SOL,19.0772,0.293,SELL,2023-10-01 14:58:00,0.1549,CLOSE,-3.87,3,Short
0xa2e1a7b77321268164f1cab8f52cd112cfe0f364,LINK,5.7912,0.2335,SELL,2023-10-01 15:34:00,-0.1397,CLOSE,18.87,10,Short
0x1df10b04fc8b7bb56232fbf467593f3d4db7f636,SOL,19.6996,1.0027,BUY,2023-10-01 19:03:00,0.3344,CLOSE,-2.99,1,Long
0xe921971dbc1ec5636c7872b4ccfded69e5a45abe,BTC,24337.7997,1.1254,SELL,2023-10-01 19:03:00,0.2888,CLOSE,142.19,50,Short
0x0e414a03aedcefa5c05276b7aa873350baf6378b,DOGE,0.0677,0.2055,SELL,2023-10-02 00:44:00,0.0586,CLOSE,6.6,10,Short
0xebf28c699b1e7f2ad3e31316d86da0df789a475b,SOL,18.8328,0.0279,BUY,2023-10-02 00:48:00,0.0068,OPEN,0.0,20,Long
0x6262afa887ea89b1b66c12e70d25de9412bdf3dd,ARB,1.2115,0.6012,SELL,2023-10-02 03:49:00,0.0284,CLOSE,13.49,50,Short
0x3be2f0013aec35a8fd588a7ee15b7c917e04dd75,MATIC,0.8765,0.2088,SELL,2023-10-02 07:23:00,-0.2224,CLOSE,5.03,2,Short
0x8528643b6c996c090947e88b00fe1763200c3698,BTC,24854.2858,0.0912,BUY,2023-10-02 08:39:00,0.0098,OPEN,0.0,10,Long
0x6ae91f9044b365bc545fbaefecc120afb3f0e0b8,ETH,1664.8208,0.5597,SELL,2023-10-02 11:21:00,0.1339,OPEN,0.0,2,Short
0x3be2f0013aec35a8fd588a7ee15b7c917e04dd75,AVAX,13.0319,0.0529,SELL,2023-10-02 16:56:00,-0.0554,CLOSE,-2.86,2,Short
0x9c453737aa43460414e9164eba11d3f5579cf2f1,DOGE,0.0669,0.1198,SELL,2023-10-02 17:25:00,0.0807,OPEN,0.0,10,Short
0xb973994ea6148c341bff47f5e9721ff9029420df,SOL,19.8728,1.1316,BUY,2023-10-02 17:53:00,0.5525,CLOSE,-0.79,3,Long
0xdb5102ee19e81b7181b47ffb28758462bdc6a2f6,MATIC,0.9223,0.0444,BUY,2023-10-02 18:10:00,0.001,CLOSE,-22.27,20,Long
0xee391c2f221fd53d6a55604791a2377121504c19,SOL,19.6727,0.1546,BUY,2023-10-02 21:35:00,0.1299,OPEN,0.0,2,Long
0xb429f0db71443a6dc3b6dd7fc8a7ccec4aa6dfca,DOGE,0.0721,0.4165,SELL,2023-10-02 22:50:00,-0.1916,CLOSE,7.56,5,Short
0xb2ad781ab883a8f93650bcd708f6c9529a07f690,DOGE,0.0703,0.2817,SELL,2023-10-03 00:36:00,-0.0873,CLOSE,-4.99,3,Short
0x1df10b04fc8b7bb56232fbf467593f3d4db7f636,ARB,1.259,0.2005,BUY,2023-10-03 00:46:00,0.0658,CLOSE,-28.48,50,Long
0x1d186cb24f764ddad17b04d51d4a66b0c92ad716,MATIC,0.9309,0.4684,SELL,2023-10-03 02:17:00,0.0091,OPEN,0.0,50,Short
0x47484e135be5cc29287e7165fb9c975996f6a214,ARB,1.1671,0.3134,SELL,2023-10-03 04:33:00,-0.1334,OPEN,0.0,20,Short
0x6121a1650753afb98b8a066940907804424fc225,LINK,6.3092,0.8054,SELL,2023-10-03 04:35:00,0.3731,OPEN,0.0,10,Short
0xdaae4227dfe85b6068adba35a50dd7a2e75f34fe,LINK,5.866,0.0582,BUY,2023-10-03 05:53:00,0.0104,OPEN,0.0,20,Long
0x09fceb2336574e225ea891b132998c73f4696abe,SOL,21.37,0.0515,BUY,2023-10-03 06:00:00,-0.042,OPEN,0.0,10,Long
0xc4dea9884019946f0c0617e568292cdd487b5de4,SOL,19.4772,0.1854,BUY,2023-10-03 08:11:00,0.0466,CLOSE,-3.99,5,Long
0x987c1d0a09e6109925ce9325a327c9bc34db8d33,ARB,1.1378,0.0725,SELL,2023-10-03 09:42:00,0.027,OPEN,0.0,20,Short
0x4ccba13ed55148644802487bce53eb55921ba0fe,LINK,6.1368,0.2483,SELL,2023-10-03 10:44:00,0.0733,OPEN,0.0,5,Short
0xeea684c1f340e7d01d339e94e345a318e63f4345,SOL,20.4549,1.8797,BUY,2023-10-03 12:05:00,-0.6567,CLOSE,0.13,2,Long
0xe2c1562bb67f7a529b76e91f7196d63f54ccddaf,ETH,1624.1126,1.4461,SELL,2023-10-03 18:48:00,-0.1962,OPEN,0.0,10,Short
0x4aed548b0ad2ad42d36a65fc9fbb736529027373,BNB,202.196,0.1798,SELL,2023-10-03 19:51:00,0.084,CLOSE,-20.44,50,Short
0xb973994ea6148c341bff47f5e9721ff9029420df,OP,1.44,0.4032,SELL,2023-10-03 23:24:00,-0.1006,CLOSE,-75.19,50,Short
0x37d65217f9a89b91d3d82602fe21b9178f03dce8,AVAX,13.8405,0.038,SELL,2023-10-04 00:09:00,0.0188,OPEN,0.0,10,Short
0x3be2f0013aec35a8fd588a7ee15b7c917e04dd75,MATIC,0.8856,0.3315,BUY,2023-10-04 00:46:00,-0.0754,CLOSE,-19.8,10,Long
0xb973994ea6148c341bff47f5e9721ff9029420df,BTC,25072.3301,0.1722,BUY,2023-10-04 04:05:00,-0.0229,CLOSE,-3.72,5,Long
0x9c453737aa43460414e9164eba11d3f5579cf2f1,DOGE,0.0752,0.3001,SELL,2023-10-04 05:34:00,-0.0648,OPEN,0.0,5,Short
0x4aed548b0ad2ad42d36a65fc9fbb736529027373,DOGE,0.0723,0.2447,SELL,2023-10-04 07:48:00,-0.0527,OPEN,0.0,3,Short
0x925c717311ca9170b4ac3e9b636d21179e3359dd,ARB,1.189,0.5033,BUY,2023-10-04 08:32:00,-0.0289,CLOSE,7.8,3,Long
0xb5165416bd5e31205f5eebdb26cd1592ebddca2e,BNB,209.0065,0.1701,BUY,2023-10-04 10:01:00,-0.0326,OPEN,0.0,10,Long
0xdb5102ee19e81b7181b47ffb28758462bdc6a2f6,OP,1.4897,0.4771,SELL,2023-10-04 10:12:00,0.2273,CLOSE,50.87,20,Short
0x4939835272851ed4624ebeef2cd55b020d083576,DOGE,0.0659,0.6327,BUY,2023-10-04 16:09:00,0.1324,OPEN,0.0,5,Long
0xe2c1562bb67f7a529b76e91f7196d63f54ccddaf,BTC,25377.3417,0.2326,SELL,2023-10-05 03:16:00,-0.2592,CLOSE,-3.52,5,Short
0x7968a5f8676e6b77d71e6dadf79e40929b9c9eb0,BNB,198.172,0.1305,SELL,2023-10-05 04:54:00,-0.0113,CLOSE,-3.86,5,Short
0x6121a1650753afb98b8a066940907804424fc225,AVAX,13.0947,0.5592,BUY,2023-10-05 05:18:00,0.0649,OPEN,0.0,1,Long
0x525162b29a67219a10418bb3be42f9213b57465d,ETH,1668.355,0.1562,SELL,2023-10-05 05:33:00,-0.0088,CLOSE,22.05,10,Short
0x5d4e187b0ea64e520ab88273cce8678ddb6803c8,BNB,198.606,0.0945,SELL,2023-10-05 06:12:00,0.0563,CLOSE,-53.86,20,Short
0x0af6790523dd0af40c1c3a03a4c1a0df6067eba2,ETH,1562.0671,0.7828,SELL,2023-10-05 06:58:00,0.6693,OPEN,0.0,2,Short
0x1df10b04fc8b7bb56232fbf467593f3d4db7f636,ETH,1593.1026,0.1375,BUY,2023-10-05 09:32:00,-0.0759,OPEN,0.0,3,Long
0x4379bda828db78e0c9e1b8c145905c0b109af197,LINK,5.8782,0.8957,BUY,2023-10-05 12:14:00,-0.4241,OPEN,0.0,20,Long
0xa2e1a7b77321268164f1cab8f52cd112cfe0f364,OP,1.4445,1.5289,SELL,2023-10-05 16:06:00,0.9111,CLOSE,26.72,20,Short
0xc61546b61eada8292e6df67fbf85809118265b37,MATIC,0.8812,0.0336,SELL,2023-10-05 17:56:00,0.0166,CLOSE,-10.76,20,Short
0x9c453737aa43460414e9164eba11d3f5579cf2f1,ARB,1.2377,0.5957,SELL,2023-10-05 19:01:00,-0.4115,OPEN,0.0,2,Short
0xee391c2f221fd53d6a55604791a2377121504c19,DOGE,0.0658,0.4753,SELL,2023-10-05 22:35:00,-0.2212,OPEN,0.0,3,Short
0x4f4a940690ae223310632fab09b9ce1d1115fe6b,OP,1.4697,0.3568,SELL,2023-10-05 23:25:00,0.0879,CLOSE,17.67,10,Short
0x6ae91f9044b365bc545fbaefecc120afb3f0e0b8,DOGE,0.0662,0.3397,SELL,2023-10-05 23:32:00,-0.2331,OPEN,0.0,1,Short
0xb4d87bd4dc83166db001549b0f7dd10ed8172a97,BNB,191.9769,0.8016,SELL,2023-10-06 02:05:00,-0.5498,OPEN,0.0,3,Short
0x0285eb8e3dcc5302124dd67b15b3a223cf2bd3b2,OP,1.6317,0.1837,BUY,2023-10-06 04:37:00,-0.0347,OPEN,0.0,5,Long
0xd45a1cd4a5790cb05bf8c66c9c2a4154c047bb63,BNB,196.6658,1.0584,SELL,2023-10-06 07:15:00,0.633,OPEN,0.0,2,Short
0x893c0ce1b001bed43dbe9f36ff779cf9df99e513,BTC,25635.7605,0.0254,BUY,2023-10-06 08:54:00,-0.0055,CLOSE,-8.91,50,Long
0x37d65217f9a89b91d3d82602fe21b9178f03dce8,LINK,6.5503,0.7611,BUY,2023-10-06 11:14:00,-0.6301,CLOSE,4.07,3,Long
0x6262afa887ea89b1b66c12e70d25de9412bdf3dd,BNB,192.95,1.1842,SELL,2023-10-06 13:22:00,0.7573,CLOSE,-127.66,20,Short
0xb2ad781ab883a8f93650bcd708f6c9529a07f690,ETH,1497.8066,1.7854,BUY,2023-10-06 14:52:00,-1.2763,OPEN,0.0,50,Long
0x9f46469dacc43d56c35b79bae4905b54b673b96f,OP,1.5209,0.3262,SELL,2023-10-06 18:11:00,-0.2601,CLOSE,-10.99,10,Short
0x75e3bcbec520c0c454921cf1afac79214071ba6e,ETH,1580.7878,1.6649,SELL,2023-10-07 04:30:00,-0.0449,CLOSE,-1.86,1,Short
0x4ccba13ed55148644802487bce53eb55921ba0fe,BTC,26074.2381,0.7137,SELL,2023-10-07 05:52:00,-0.1049,CLOSE,2.95,3,Short
0x8528643b6c996c090947e88b00fe1763200c3698,LINK,5.9792,1.2419,SELL,2023-10-07 07:46:00,1.1748,CLOSE,-29.04,5,Short
0x2d1a95b8825f9bbc7b309def655febd63cc1029d,BNB,188.9821,0.1246,SELL,2023-10-07 09:04:00,-0.0597,OPEN,0.0,20,Short
0x6772ce2c78ad77d185e724baf3c73fc855e0c397,LINK,5.6594,0.5059,SELL,2023-10-07 13:05:00,0.1739,OPEN,0.0,5,Short
0xe2f5ee794b96897c7d576413e0148b2e8f9fa655,OP,1.4864,0.6359,BUY,2023-10-07 13:30:00,-0.5027,CLOSE,5.67,3,Long
0x4939835272851ed4624ebeef2cd55b020d083576,LINK,6.0498,0.1189,BUY,2023-10-07 18:07:00,-0.0509,CLOSE,-4.47,10,Long
0x0f2f77b9475059e62105e77b8d130a7cd6f85ea9,BTC,25473.9045,1.383,BUY,2023-10-07 20:39:00,-0.3684,OPEN,0.0,10,Long
0x4379bda828db78e0c9e1b8c145905c0b109af197,OP,1.4467,0.2292,BUY,2023-10-08 00:43:00,0.0039,CLOSE,-4.32,3,Long
0xf547770f567ab48950b47158a6efc236cb73d8c1,ETH,1640.4406,0.5676,SELL,2023-10-08 02:35:00,-0.0055,OPEN,0.0,50,Short
0x0285eb8e3dcc5302124dd67b15b3a223cf2bd3b2,OP,1.5668,0.1514,SELL,2023-10-08 06:18:00,0.0801,OPEN,0.0,5,Short
0x5f3203e5a82554fb4ff75ee00ec09483e2ae0341,ETH,1555.2926,0.3494,SELL,2023-10-08 06:43:00,-0.0541,OPEN,0.0,20,Short
0xb4d87bd4dc83166db001549b0f7dd10ed8172a97,LINK,6.226,0.0894,BUY,2023-10-08 07:45:00,0.006,CLOSE,-3.95,10,Long
0xa2e1a7b77321268164f1cab8f52cd112cfe0f364,MATIC,0.8769,0.3583,BUY,2023-10-08 10:03:00,-0.2148,CLOSE,-2.1,2,Long
0x09fceb2336574e225ea891b132998c73f4696abe,BTC,25248.3044,0.1955,SELL,2023-10-08 11:45:00,-0.0106,OPEN,0.0,3,Short
0xd45a1cd4a5790cb05bf8c66c9c2a4154c047bb63,OP,1.3537,0.624,SELL,2023-10-08 15:28:00,-0.5351,OPEN,0.0,2,Short
0x26e94b906f96d22acf1132f3c95ef725e7f49365,OP,1.483,0.6456,SELL,2023-10-08 15:38:00,0.2095,CLOSE,20.19,5,Short
0x1df10b04fc8b7bb56232fbf467593f3d4db7f636,BTC,26357.8859,0.4399,BUY,2023-10-08 16:24:00,-0.4596,OPEN,0.0,1,Long
0xeebc475a7fbdf24e9a015d16ca79c7f443e7ab81,BNB,215.6265,0.1782,SELL,2023-10-08 17:16:00,0.0711,CLOSE,5.69,5,Short
0x0328d5d04ef6b199bde888fc75394a7e49cbb2e3,BTC,26025.6919,0.0439,SELL,2023-10-08 17:17:00,0.0148,OPEN,0.0,1,Short
0x9f46469dacc43d56c35b79bae4905b54b673b96f,LINK,5.9769,1.123,BUY,2023-10-09 00:52:00,0.1916,CLOSE,25.19,10,Long
0x14fb2d0de7f331f4ab61b71a9d5c4c8e4ef8c0e5,ARB,1.1834,0.3212,SELL,2023-10-09 01:47:00,-0.0934,OPEN,0.0,50,Short
0x893c0ce1b001bed43dbe9f36ff779cf9df99e513,ARB,1.2364,0.3506,SELL,2023-10-09 01:59:00,-0.0213,OPEN,0.0,10,Short
0x0af6790523dd0af40c1c3a03a4c1a0df6067eba2,BTC,24130.238,0.7394,SELL,2023-10-09 09:42:00,-0.0589,CLOSE,0.4,10,Short
0x744cb7ef9bc0528b331a9c8cbdd555eeda37cf0e,ARB,1.0852,2.1631,BUY,2023-10-09 09:46:00,1.018,OPEN,0.0,1,Long
0x1d186cb24f764ddad17b04d51d4a66b0c92ad716,OP,1.4845,0.1407,BUY,2023-10-09 12:02:00,-0.088,CLOSE,14.94,5,Long
0x78af6c0c766c104d1e512e617f991e02976ce472,LINK,6.212,0.9518,SELL,2023-10-09 15:34:00,-0.1831,OPEN,0.0,20,Short
0x646d2815b93dc22b981b7152e79d208287e60827,ETH,1655.9265,0.2996,BUY,2023-10-09 18:27:00,-0.2509,CLOSE,-14.18,20,Long
0x646d2815b93dc22b981b7152e79d208287e60827,BTC,24338.3349,0.1021,BUY,2023-10-09 22:16:00,0.0078,OPEN,0.0,5,Long
0x0328d5d04ef6b199bde888fc75394a7e49cbb2e3,OP,1.5429,0.253,BUY,2023-10-10 02:21:00,-0.1089,OPEN,0.0,10,Long
0x0f2f77b9475059e62105e77b8d130a7cd6f85ea9,MATIC,0.8392,0.2175,BUY,2023-10-10 02:47:00,0.1686,CLOSE,2.48,1,Long
0xd45a1cd4a5790cb05bf8c66c9c2a4154c047bb63,BTC,27691.4781,0.4489,BUY,2023-10-10 08:34:00,-0.1722,CLOSE,-0.12,1,Long
0x37d65217f9a89b91d3d82602fe21b9178f03dce8,SOL,21.5246,0.3669,SELL,2023-10-10 13:12:00,0.3634,CLOSE,-5.42,2,Short
0x75e3bcbec520c0c454921cf1afac79214071ba6e,LINK,5.74,0.3628,BUY,2023-10-10 18:15:00,0.0633,OPEN,0.0,1,Long
0x744cb7ef9bc0528b331a9c8cbdd555eeda37cf0e,LINK,5.9152,1.24,SELL,2023-10-10 22:34:00,1.124,CLOSE,-17.79,10,Short
0x744c9dcc29d0c40a3d305d66bb7cf1e724333f73,SOL,18.006,0.1289,BUY,2023-10-11 02:23:00,0.0369,CLOSE,7.01,5,Long
0x7968a5f8676e6b77d71e6dadf79e40929b9c9eb0,ARB,1.2585,0.3717,SELL,2023-10-11 03:23:00,0.1707,CLOSE,-23.1,50,Short
0xdb5102ee19e81b7181b47ffb28758462bdc6a2f6,ETH,1499.4794,0.0969,BUY,2023-10-11 05:02:00,0.0394,OPEN,0.0,20,Long
0x4ccba13ed55148644802487bce53eb55921ba0fe,OP,1.5226,0.2856,SELL,2023-10-11 06:07:00,0.0251,OPEN,0.0,20,Short
0xebf28c699b1e7f2ad3e31316d86da0df789a475b,AVAX,14.4043,0.849,SELL,2023-10-11 06:51:00,-0.2638,OPEN,0.0,20,Short
0x79734a87ec5efa730c4a5d0ff563bac34e411e6b,AVAX,14.2772,0.0501,SELL,2023-10-11 07:11:00,-0.0137,OPEN,0.0,50,Short
0x30cf07144e7941c6c51824aa794607d5a2f34311,ETH,1610.454,0.1086,SELL,2023-10-11 12:08:00,0.0389,OPEN,0.0,5,Short
0xb4d87bd4dc83166db001549b0f7dd10ed8172a97,MATIC,0.9636,0.2292,BUY,2023-10-11 14:33:00,-0.047,OPEN,0.0,1,Long
0xb77e6e8c09d1faa2d9fa8746ce75c51abe7252be,ARB,1.1524,0.1507,SELL,2023-10-11 17:07:00,0.0658,OPEN,0.0,50,Short
0xb2ad781ab883a8f93650bcd708f6c9529a07f690,DOGE,0.0739,0.0625,SELL,2023-10-11 17:09:00,0.024,OPEN,0.0,2,Short
0x79734a87ec5efa730c4a5d0ff563bac34e411e6b,BNB,221.5236,0.4267,BUY,2023-10-11 19:57:00,-0.25,OPEN,0.0,5,Long
0xa2e1a7b77321268164f1cab8f52cd112cfe0f364,OP,1.5631,0.4406,BUY,2023-10-11 22:10:00,0.0732,OPEN,0.0,3,Long
0x7968a5f8676e6b77d71e6dadf79e40929b9c9eb0,MATIC,0.9753,0.1167,BUY,2023-10-12 02:41:00,-0.0424,CLOSE,-117.04,50,Long
0x9c453737aa43460414e9164eba11d3f5579cf2f1,DOGE,0.0689,0.4092,SELL,2023-10-12 05:11:00,-0.1484,OPEN,0.0,2,Short
0xe2f5ee794b96897c7d576413e0148b2e8f9fa655,SOL,20.0185,1.2513,SELL,2023-10-12 08:07:00,0.8213,CLOSE,4.43,2,Short
0x744cb7ef9bc0528b331a9c8cbdd555eeda37cf0e,BNB,196.0012,0.3633,SELL,2023-10-12 11:45:00,0.1809,OPEN,0.0,1,Short
0x4f4a940690ae223310632fab09b9ce1d1115fe6b,MATIC,0.8626,0.4046,BUY,2023-10-12 12:56:00,0.2742,OPEN,0.0,5,Long
0x75e3bcbec520c0c454921cf1afac79214071ba6e,ARB,1.3261,0.5302,SELL,2023-10-12 13:11:00,-0.0263,OPEN,0.0,50,Short
0x09fceb2336574e225ea891b132998c73f4696abe,ETH,1521.2043,1.6186,SELL,2023-10-12 13:51:00,-0.5131,CLOSE,-3.1,5,Short
0xb4d87bd4dc83166db001549b0f7dd10ed8172a97,ARB,1.2282,0.2828,BUY,2023-10-12 15:35:00,0.0688,OPEN,0.0,50,Long
0x5cc6e86a6eb53b1f13feb35d2a7d10c872850f05,LINK,5.823,0.1498,SELL,2023-10-12 16:53:00,0.0248,OPEN,0.0,2,Short
0x5adebdbe4ffde843c5c0942476dafed98f4081ed,OP,1.3997,0.0471,SELL,2023-10-12 16:57:00,0.0341,OPEN,0.0,10,Short
0x2e380d92bab460b09297a542e4b0198e2c87e43c,MATIC,0.8536,0.3603,SELL,2023-10-12 17:36:00,-0.0793,CLOSE,5.41,5,Short
0xebf28c699b1e7f2ad3e31316d86da0df789a475b,SOL,18.8951,0.2446,BUY,2023-10-12 17:50:00,0.027,CLOSE,-4.82,5,Long
0xb973994ea6148c341bff47f5e9721ff9029420df,MATIC,0.8731,0.3271,SELL,2023-10-12 18:13:00,0.1151,CLOSE,17.18,10,Short
0x2e380d92bab460b09297a542e4b0198e2c87e43c,AVAX,14.1053,1.5172,BUY,2023-10-12 20:50:00,-1.416,OPEN,0.0,50,Long
0x0e414a03aedcefa5c05276b7aa873350baf6378b,MATIC,0.8705,0.0813,BUY,2023-10-12 21:06:00,0.0123,CLOSE,5.92,2,Long
0x37d65217f9a89b91d3d82602fe21b9178f03dce8,BTC,25931.0138,0.2917,BUY,2023-10-12 21:16:00,-0.1629,OPEN,0.0,10,Long
0xdb5102ee19e81b7181b47ffb28758462bdc6a2f6,BTC,26033.8943,0.4138,SELL,2023-10-12 21:19:00,0.0327,OPEN,0.0,20,Short
0xc61546b61eada8292e6df67fbf85809118265b37,DOGE,0.068,0.1326,BUY,2023-10-13 00:40:00,0.1497,OPEN,0.0,1,Long
0x0af6790523dd0af40c1c3a03a4c1a0df6067eba2,BNB,206.168,1.3261,BUY,2023-10-13 00:44:00,-0.5564,CLOSE,-1.09,1,Long
0x893c0ce1b001bed43dbe9f36ff779cf9df99e513,AVAX,14.6225,0.9853,BUY,2023-10-13 02:40:00,0.0206,OPEN,0.0,3,Long
0x6262afa887ea89b1b66c12e70d25de9412bdf3dd,MATIC,0.9256,0.2131,BUY,2023-10-13 06:26:00,-0.0491,CLOSE,0.04,1,Long
0x4939835272851ed4624ebeef2cd55b020d083576,AVAX,15.7581,0.18,BUY,2023-10-13 07:42:00,-0.0002,CLOSE,-1.07,3,Long
0x78af6c0c766c104d1e512e617f991e02976ce472,DOGE,0.0687,0.4404,SELL,2023-10-13 07:43:00,-0.1058,CLOSE,17.97,10,Short
0x744c9dcc29d0c40a3d305d66bb7cf1e724333f73,ARB,1.297,1.5367,SELL,2023-10-13 08:03:00,-2.0673,OPEN,0.0,20,Short
0xe2c1562bb67f7a529b76e91f7196d63f54ccddaf,BTC,25500.6287,0.3983,BUY,2023-10-13 11:03:00,0.0688,CLOSE,-0.05,2,Long
0xf547770f567ab48950b47158a6efc236cb73d8c1,ETH,1445.9546,0.1169,SELL,2023-10-13 16:43:00,0.0873,OPEN,0.0,2,Short
0x4ccba13ed55148644802487bce53eb55921ba0fe,BTC,26319.6178,0.2134,SELL,2023-10-13 19:18:00,0.0643,CLOSE,-21.46,20,Short
0xb5165416bd5e31205f5eebdb26cd1592ebddca2e,BTC,25219.2066,0.0776,BUY,2023-10-13 21:05:00,0.0093,CLOSE,13.99,5,Long
0xe921971dbc1ec5636c7872b4ccfded69e5a45abe,LINK,5.5712,0.3636,SELL,2023-10-13 22:22:00,0.1499,CLOSE,7.91,5,Short
0x6262afa887ea89b1b66c12e70d25de9412bdf3dd,MATIC,0.8446,0.1273,BUY,2023-10-14 02:12:00,-0.0273,CLOSE,25.54,20,Long
0x09fceb2336574e225ea891b132998c73f4696abe,SOL,19.2491,0.8283,SELL,2023-10-14 04:32:00,0.3859,OPEN,0.0,20,Short
0x744c9dcc29d0c40a3d305d66bb7cf1e724333f73,DOGE,0.069,1.7099,BUY,2023-10-14 06:24:00,-1.6137,CLOSE,-10.93,10,Long
0x525162b29a67219a10418bb3be42f9213b57465d,BTC,24416.0741,0.5956,BUY,2023-10-14 11:58:00,0.0858,OPEN,0.0,3,Long
0x6262afa887ea89b1b66c12e70d25de9412bdf3dd,ARB,1.1868,0.1191,SELL,2023-10-14 13:27:00,-0.1231,CLOSE,-14.55,5,Short
0xee391c2f221fd53d6a55604791a2377121504c19,AVAX,13.7463,1.7536,BUY,2023-10-14 16:06:00,-0.9817,OPEN,0.0,10,Long
0x0285eb8e3dcc5302124dd67b15b3a223cf2bd3b2,ETH,1624.2142,1.1701,BUY,2023-10-14 17:00:00,0.1982,OPEN,0.0,20,Long
0x525162b29a67219a10418bb3be42f9213b57465d,LINK,5.6316,0.3413,BUY,2023-10-14 17:30:00,-0.2586,CLOSE,8.5,3,Long
0xe921971dbc1ec5636c7872b4ccfded69e5a45abe,BTC,25782.0842,0.1748,SELL,2023-10-14 19:38:00,-0.0749,OPEN,0.0,3,Short
0x3be2f0013aec35a8fd588a7ee15b7c917e04dd75,ETH,1674.7048,0.317,SELL,2023-10-15 04:26:00,0.0798,OPEN,0.0,1,Short
0xe2f5ee794b96897c7d576413e0148b2e8f9fa655,ETH,1653.8059,0.0688,SELL,2023-10-15 05:32:00,0.0654,CLOSE,-16.55,5,Short
0x30cf07144e7941c6c51824aa794607d5a2f34311,BTC,23783.2308,1.257,BUY,2023-10-15 07:33:00,0.6256,OPEN,0.0,2,Long
0x987c1d0a09e6109925ce9325a327c9bc34db8d33,SOL,19.0222,0.1346,BUY,2023-10-15 08:54:00,0.0275,OPEN,0.0,1,Long
0x646d2815b93dc22b981b7152e79d208287e60827,ETH,1493.9601,0.1913,BUY,2023-10-15 10:06:00,0.0673,CLOSE,-2.66,2,Long
0xb77e6e8c09d1faa2d9fa8746ce75c51abe7252be,OP,1.463,0.295,SELL,2023-10-15 10:16:00,-0.0296,OPEN,0.0,1,Short
0xa2a2e9a7468bbcd27e0f039d47476b02aac10637,BNB,209.3271,0.4207,BUY,2023-10-15 10:48:00,-0.1743,CLOSE,-70.51,50,Long
0x30cf07144e7941c6c51824aa794607d5a2f34311,BTC,27417.9857,0.0237,BUY,2023-10-15 15:34:00,0.0047,CLOSE,31.36,50,Long
0xebf28c699b1e7f2ad3e31316d86da0df789a475b,ARB,1.1717,0.2707,SELL,2023-10-15 16:19:00,0.0268,CLOSE,18.03,20,Short
0x4f4a940690ae223310632fab09b9ce1d1115fe6b,LINK,5.8968,0.2371,SELL,2023-10-15 19:18:00,-0.0444,OPEN,0.0,5,Short
0x893c0ce1b001bed43dbe9f36ff779cf9df99e513,AVAX,14.7811,0.625,BUY,2023-10-15 22:02:00,-0.2029,CLOSE,0.55,2,Long
0x6262afa887ea89b1b66c12e70d25de9412bdf3dd,BNB,221.3907,0.0711,BUY,2023-10-15 23:14:00,-0.0194,OPEN,0.0,3,Long
0xaa624205b23ee2d620474b557ab013e55b55c926,AVAX,13.7578,0.0958,SELL,2023-10-16 03:15:00,0.0254,OPEN,0.0,5,Short
0xbdd2a8dc587fa386779f90becc9694c9586d3ce5,DOGE,0.0683,0.0436,BUY,2023-10-16 08:02:00,0.0024,OPEN,0.0,1,Long
0x1d186cb24f764ddad17b04d51d4a66b0c92ad716,ARB,1.1855,0.4091,SELL,2023-10-16 14:52:00,0.1596,OPEN,0.0,50,Short
0x09fceb2336574e225ea891b132998c73f4696abe,AVAX,14.2732,1.0131,SELL,2023-10-16 15:49:00,-0.043,CLOSE,-5.27,5,Short
0xbdd2a8dc587fa386779f90becc9694c9586d3ce5,ARB,1.2651,0.0591,BUY,2023-10-16 15:56:00,-0.0306,OPEN,0.0,5,Long
0x744cb7ef9bc0528b331a9c8cbdd555eeda37cf0e,ETH,1647.0801,1.2434,SELL,2023-10-16 18:44:00,0.4146,OPEN,0.0,10,Short
0x9c453737aa43460414e9164eba11d3f5579cf2f1,DOGE,0.071,0.0393,BUY,2023-10-16 20:02:00,-0.0007,CLOSE,26.41,20,Long
0x646d2815b93dc22b981b7152e79d208287e60827,LINK,6.4088,0.3465,BUY,2023-10-17 16:36:00,0.2842,OPEN,0.0,2,Long
0xee391c2f221fd53d6a55604791a2377121504c19,SOL,20.4572,1.1291,BUY,2023-10-17 17:04:00,0.7637,OPEN,0.0,5,Long
0x744c9dcc29d0c40a3d305d66bb7cf1e724333f73,BNB,232.7561,0.2083,BUY,2023-10-17 20:22:00,-0.1157,OPEN,0.0,20,Long
0x79734a87ec5efa730c4a5d0ff563bac34e411e6b,LINK,5.9933,1.02,BUY,2023-10-17 21:42:00,0.1752,OPEN,0.0,10,Long
0x6121a1650753afb98b8a066940907804424fc225,BTC,25664.3621,0.6112,SELL,2023-10-18 03:54:00,0.5607,OPEN,0.0,50,Short
0x744cb7ef9bc0528b331a9c8cbdd555eeda37cf0e,OP,1.3936,0.6047,SELL,2023-10-18 04:57:00,-0.5324,CLOSE,7.3,3,Short
0xaa624205b23ee2d620474b557ab013e55b55c926,BNB,184.4732,0.1772,SELL,2023-10-18 06:23:00,0.0964,CLOSE,3.41,3,Short
0x24a05b6a280881d9f48b32588c8c89018988a3b9,DOGE,0.0791,0.5292,SELL,2023-10-18 10:09:00,0.2839,OPEN,0.0,20,Short
0x26e94b906f96d22acf1132f3c95ef725e7f49365,MATIC,0.914,0.286,BUY,2023-10-18 11:51:00,0.211,CLOSE,-5.05,10,Long
0xbb4e5487f3cf95039e0674754240ffcd91dcb7b6,BNB,216.2832,0.2068,SELL,2023-10-18 13:12:00,-0.0617,CLOSE,-32.49,10,Short
0xd070b332429151e576014d456b91028526f824b6,ARB,1.1394,0.0767,BUY,2023-10-18 19:36:00,-0.0187,OPEN,0.0,3,Long
0xb429f0db71443a6dc3b6dd7fc8a7ccec4aa6dfca,AVAX,14.6105,0.6562,BUY,2023-10-18 20:29:00,-0.1034,CLOSE,-1.03,3,Long
0x4ccba13ed55148644802487bce53eb55921ba0fe,DOGE,0.0729,0.1619,SELL,2023-10-18 22:11:00,-0.0678,CLOSE,51.23,50,Short
0xb429f0db71443a6dc3b6dd7fc8a7ccec4aa6dfca,OP,1.3883,1.2163,SELL,2023-10-19 00:10:00,0.0245,CLOSE,-17.31,5,Short
0x0af6790523dd0af40c1c3a03a4c1a0df6067eba2,OP,1.3787,1.2416,SELL,2023-10-19 00:37:00,-0.1424,OPEN,0.0,3,Short
0x893c0ce1b001bed43dbe9f36ff779cf9df99e513,OP,1.4733,1.3965,SELL,2023-10-19 01:32:00,1.1506,CLOSE,-2.5,5,Short
0x6ae91f9044b365bc545fbaefecc120afb3f0e0b8,BNB,198.1257,0.0974,BUY,2023-10-19 03:25:00,-0.0481,CLOSE,23.39,20,Long
0xf547770f567ab48950b47158a6efc236cb73d8c1,BTC,24749.4067,0.2131,BUY,2023-10-19 06:44:00,-0.1883,CLOSE,19.82,10,Long
0xc4dea9884019946f0c0617e568292cdd487b5de4,AVAX,13.5648,0.2741,SELL,2023-10-19 08:06:00,-0.0871,CLOSE,0.87,50,Short
0x23be95267b9414f864c908abccf5f987e42ce22c,OP,1.4708,0.2621,SELL,2023-10-19 16:26:00,-0.0439,CLOSE,-5.16,2,Short
0xee391c2f221fd53d6a55604791a2377121504c19,ARB,1.173,0.1832,BUY,2023-10-19 18:11:00,0.0373,CLOSE,-6.71,3,Long
0xdaae4227dfe85b6068adba35a50dd7a2e75f34fe,LINK,5.9765,0.0426,BUY,2023-10-19 18:30:00,-0.011,CLOSE,0.4,1,Long
0xdaae4227dfe85b6068adba35a50dd7a2e75f34fe,BTC,24958.9069,1.2068,SELL,2023-10-19 22:38:00,-0.4844,CLOSE,0.85,5,Short
0x5f3203e5a82554fb4ff75ee00ec09483e2ae0341,SOL,20.034,0.6633,BUY,2023-10-20 07:49:00,0.1353,CLOSE,1.62,2,Long
0xee391c2f221fd53d6a55604791a2377121504c19,LINK,6.4257,0.5028,BUY,2023-10-20 10:16:00,0.3385,CLOSE,2.99,1,Long
0x987c1d0a09e6109925ce9325a327c9bc34db8d33,BTC,25161.4843,0.0378,BUY,2023-10-20 11:01:00,0.0408,CLOSE,-3.62,1,Long
0xcfd86a92699b4e78a9d76f77c3658a5933d981e1,MATIC,0.8584,0.9554,BUY,2023-10-20 13:58:00,-0.2151,OPEN,0.0,5,Long
0x4939835272851ed4624ebeef2cd55b020d083576,LINK,6.392,0.2738,SELL,2023-10-20 14:58:00,-0.0522,OPEN,0.0,10,Short
0x37d65217f9a89b91d3d82602fe21b9178f03dce8,MATIC,0.8503,0.4569,BUY,2023-10-20 20:42:00,0.1506,CLOSE,22.31,10,Long
0xa2e1a7b77321268164f1cab8f52cd112cfe0f364,MATIC,1.0148,0.0143,SELL,2023-10-20 22:55:00,0.0046,CLOSE,33.78,20,Short
0x4939835272851ed4624ebeef2cd55b020d083576,LINK,6.1132,0.2629,BUY,2023-10-20 23:32:00,-0.0237,OPEN,0.0,1,Long
0x2fb4e305fa7f9e99b4f649c36ab6f03349f63204,BNB,228.4492,0.2158,BUY,2023-10-21 00:26:00,0.0836,CLOSE,59.26,20,Long
0xe921971dbc1ec5636c7872b4ccfded69e5a45abe,SOL,20.9878,0.0405,BUY,2023-10-21 03:43:00,0.0149,OPEN,0.0,50,Long
0x6121a1650753afb98b8a066940907804424fc225,OP,1.5168,0.9626,SELL,2023-10-21 04:27:00,-1.6753,OPEN,0.0,2,Short
0x9c453737aa43460414e9164eba11d3f5579cf2f1,SOL,20.5097,0.1035,SELL,2023-10-21 11:24:00,0.015,CLOSE,15.79,10,Short
0x7d320effc2b28f577dcd364c61661834374cb1ee,ETH,1677.0701,0.5459,SELL,2023-10-21 14:05:00,0.1127,CLOSE,-81.76,50,Short
0x37d65217f9a89b91d3d82602fe21b9178f03dce8,AVAX,15.3213,0.1074,BUY,2023-10-21 14:17:00,-0.0518,CLOSE,2.37,3,Long
0x09fceb2336574e225ea891b132998c73f4696abe,OP,1.5081,0.1117,BUY,2023-10-21 15:13:00,0.0216,OPEN,0.0,3,Long
0x0328d5d04ef6b199bde888fc75394a7e49cbb2e3,MATIC,0.8102,0.4884,SELL,2023-10-21 17:22:00,-0.3175,CLOSE,-39.0,50,Short
0x79734a87ec5efa730c4a5d0ff563bac34e411e6b,OP,1.4554,0.1004,BUY,2023-10-21 17:54:00,-0.0354,OPEN,0.0,3,Long
0xe2f5ee794b96897c7d576413e0148b2e8f9fa655,OP,1.4331,0.433,BUY,2023-10-21 18:30:00,0.0871,OPEN,0.0,10,Long
0x0e414a03aedcefa5c05276b7aa873350baf6378b,BNB,213.6633,0.5013,SELL,2023-10-21 21:38:00,0.0385,CLOSE,19.69,20,Short
0xe2c1562bb67f7a529b76e91f7196d63f54ccddaf,DOGE,0.0768,0.0685,BUY,2023-10-21 21:44:00,-0.0035,CLOSE,5.55,2,Long
0x0285eb8e3dcc5302124dd67b15b3a223cf2bd3b2,BTC,24603.4645,0.5264,SELL,2023-10-22 03:42:00,-0.2646,CLOSE,2.02,1,Short
0x6ae91f9044b365bc545fbaefecc120afb3f0e0b8,BTC,26379.9169,0.9795,SELL,2023-10-22 10:40:00,-0.1255,CLOSE,3.81,3,Short
0x4379bda828db78e0c9e1b8c145905c0b109af197,LINK,6.2966,0.2165,SELL,2023-10-22 12:47:00,0.0791,OPEN,0.0,20,Short
0x37d65217f9a89b91d3d82602fe21b9178f03dce8,BTC,23642.4318,0.5527,SELL,2023-10-22 16:24:00,-0.2739,OPEN,0.0,2,Short
0x5a1966353c437c4a9bafc506875acdf42fc8ff65,LINK,5.8898,0.0633,BUY,2023-10-22 17:08:00,-0.0224,CLOSE,-13.53,20,Long
0xb77e6e8c09d1faa2d9fa8746ce75c51abe7252be,BNB,233.8615,0.3481,BUY,2023-10-22 17:40:00,-0.1685,CLOSE,4.79,2,Long
0xc61546b61eada8292e6df67fbf85809118265b37,LINK,5.9742,0.0509,SELL,2023-10-22 19:22:00,-0.0255,CLOSE,-4.62,10,Short
0x0f2f77b9475059e62105e77b8d130a7cd6f85ea9,DOGE,0.0693,1.4349,BUY,2023-10-22 21:25:00,-0.6064,OPEN,0.0,20,Long
0x26e94b906f96d22acf1132f3c95ef725e7f49365,OP,1.4498,0.0542,BUY,2023-10-23 00:26:00,0.0281,CLOSE,67.81,20,Long
0xbdd2a8dc587fa386779f90becc9694c9586d3ce5,SOL,20.2675,0.8038,SELL,2023-10-23 01:23:00,0.7088,OPEN,0.0,5,Short
0x23be95267b9414f864c908abccf5f987e42ce22c,MATIC,0.906,0.3377,SELL,2023-10-23 03:30:00,0.1793,CLOSE,0.98,2,Short
0x4f4a940690ae223310632fab09b9ce1d1115fe6b,SOL,17.9818,1.7159,SELL,2023-10-23 06:18:00,1.1347,OPEN,0.0,20,Short
0x2e380d92bab460b09297a542e4b0198e2c87e43c,BNB,203.1916,0.6265,SELL,2023-10-23 08:25:00,0.5059,CLOSE,2.56,1,Short
0xf547770f567ab48950b47158a6efc236cb73d8c1,AVAX,13.4108,0.249,BUY,2023-10-23 11:22:00,-0.1944,OPEN,0.0,3,Long
0x0285eb8e3dcc5302124dd67b15b3a223cf2bd3b2,OP,1.3739,0.1484,SELL,2023-10-23 11:47:00,-0.0219,CLOSE,4.24,2,Short
0x5cc6e86a6eb53b1f13feb35d2a7d10c872850f05,MATIC,0.8823,0.0121,SELL,2023-10-23 13:47:00,-0.0002,OPEN,0.0,2,Short
0xd070b332429151e576014d456b91028526f824b6,OP,1.6076,0.6806,SELL,2023-10-23 14:12:00,-0.0831,CLOSE,20.28,10,Short
0xc599099a389d38c5d9c8b5481edbeba0598102b1,OP,1.5902,0.6796,BUY,2023-10-23 14:23:00,-0.1867,OPEN,0.0,50,Long
0x8528643b6c996c090947e88b00fe1763200c3698,DOGE,0.0693,0.6035,BUY,2023-10-23 16:19:00,0.0555,CLOSE,137.02,50,Long
0x5adebdbe4ffde843c5c0942476dafed98f4081ed,ARB,1.2265,0.2023,BUY,2023-10-23 21:04:00,-0.181,OPEN,0.0,50,Long
0x6ae91f9044b365bc545fbaefecc120afb3f0e0b8,OP,1.436,0.1272,BUY,2023-10-24 00:20:00,0.0003,CLOSE,-7.09,5,Long
0x3be2f0013aec35a8fd588a7ee15b7c917e04dd75,ARB,1.2041,0.096,BUY,2023-10-24 00:33:00,0.0409,OPEN,0.0,50,Long
0xd070b332429151e576014d456b91028526f824b6,ARB,1.2754,0.2054,BUY,2023-10-24 07:05:00,0.0146,OPEN,0.0,2,Long
0xb5165416bd5e31205f5eebdb26cd1592ebddca2e,ARB,1.1817,0.2391,BUY,2023-10-24 07:59:00,0.0607,CLOSE,4.16,20,Long
0xdb5102ee19e81b7181b47ffb28758462bdc6a2f6,AVAX,15.2681,0.0526,BUY,2023-10-24 11:52:00,-0.0282,CLOSE,-57.43,10,Long
0x6ae91f9044b365bc545fbaefecc120afb3f0e0b8,BTC,24603.3135,0.1774,SELL,2023-10-24 19:01:00,0.0123,CLOSE,-1.55,2,Short
0x0285eb8e3dcc5302124dd67b15b3a223cf2bd3b2,ARB,1.2053,0.1199,BUY,2023-10-24 20:37:00,0.0032,CLOSE,2.71,2,Long
0xeebc475a7fbdf24e9a015d16ca79c7f443e7ab81,BTC,23614.3786,0.4149,SELL,2023-10-24 21:12:00,-0.0267,OPEN,0.0,50,Short
0x9f46469dacc43d56c35b79bae4905b54b673b96f,MATIC,0.8892,0.1171,SELL,2023-10-25 02:10:00,0.0101,OPEN,0.0,10,Short
0x2fb4e305fa7f9e99b4f649c36ab6f03349f63204,ETH,1462.1358,1.2229,BUY,2023-10-25 09:44:00,0.1467,CLOSE,-2.41,3,Long
0xc4dea9884019946f0c0617e568292cdd487b5de4,DOGE,0.0739,0.7075,BUY,2023-10-25 09:49:00,0.3452,CLOSE,0.35,3,Long
0xd070b332429151e576014d456b91028526f824b6,BTC,26559.1296,0.4883,SELL,2023-10-25 10:45:00,0.0331,CLOSE,7.12,5,Short
0x5cc6e86a6eb53b1f13feb35d2a7d10c872850f05,BNB,199.2935,1.8963,SELL,2023-10-25 12:40:00,-0.8196,CLOSE,-0.55,3,Short
0xebf28c699b1e7f2ad3e31316d86da0df789a475b,MATIC,0.9564,0.5767,SELL,2023-10-25 18:15:00,-0.026,OPEN,0.0,3,Short
0x4939835272851ed4624ebeef2cd55b020d083576,OP,1.498,0.7887,BUY,2023-10-25 19:08:00,0.3342,OPEN,0.0,50,Long
0x2e380d92bab460b09297a542e4b0198e2c87e43c,MATIC,0.8982,0.2256,SELL,2023-10-25 22:04:00,-0.123,OPEN,0.0,10,Short
0x6ae91f9044b365bc545fbaefecc120afb3f0e0b8,ARB,1.2017,0.0493,SELL,2023-10-26 01:58:00,-0.0075,OPEN,0.0,3,Short
0xe2c1562bb67f7a529b76e91f7196d63f54ccddaf,ARB,1.2043,0.0251,SELL,2023-10-26 02:20:00,0.0006,OPEN,0.0,2,Short
0x37d65217f9a89b91d3d82602fe21b9178f03dce8,AVAX,15.3886,0.0937,BUY,2023-10-26 03:33:00,0.0355,OPEN,0.0,50,Long
0xcfd86a92699b4e78a9d76f77c3658a5933d981e1,SOL,20.7687,0.3829,BUY,2023-10-26 08:49:00,0.1511,OPEN,0.0,50,Long
0x24a05b6a280881d9f48b32588c8c89018988a3b9,OP,1.5465,0.3021,BUY,2023-10-26 10:40:00,-0.0133,CLOSE,13.56,3,Long
0xebf28c699b1e7f2ad3e31316d86da0df789a475b,LINK,5.9196,0.2844,BUY,2023-10-26 11:46:00,0.1734,OPEN,0.0,10,Long
0x4939835272851ed4624ebeef2cd55b020d083576,OP,1.4364,2.1054,SELL,2023-10-26 12:41:00,-0.3957,OPEN,0.0,20,Short
0x893c0ce1b001bed43dbe9f36ff779cf9df99e513,LINK,5.8642,0.0466,BUY,2023-10-26 16:27:00,-0.0173,OPEN,0.0,3,Long
0x925c717311ca9170b4ac3e9b636d21179e3359dd,AVAX,13.0531,0.4955,SELL,2023-10-26 17:49:00,0.3017,CLOSE,-4.91,3,Short
0x0f2f77b9475059e62105e77b8d130a7cd6f85ea9,ETH,1621.5799,0.0896,BUY,2023-10-26 19:17:00,0.0369,CLOSE,1.34,10,Long
0x0f2f77b9475059e62105e77b8d130a7cd6f85ea9,LINK,6.0728,0.6866,SELL,2023-10-27 01:48:00,-0.3681,OPEN,0.0,20,Short
0xc4dea9884019946f0c0617e568292cdd487b5de4,SOL,20.0924,0.0693,BUY,2023-10-27 01:50:00,-0.0543,OPEN,0.0,5,Long
0xc87fa1c370a4cdce8a3de02aecd8246696f21820,BTC,21840.6883,0.7039,SELL,2023-10-27 03:42:00,-0.0181,OPEN,0.0,10,Short
0xedbe03d7cf3f6121ea929dfa1841270856f03d2b,BTC,25908.9031,0.0472,BUY,2023-10-27 03:43:00,-0.0097,CLOSE,43.94,20,Long
0xd45a1cd4a5790cb05bf8c66c9c2a4154c047bb63,AVAX,12.5447,0.1719,BUY,2023-10-27 03:47:00,0.0172,OPEN,0.0,10,Long
0x5f3203e5a82554fb4ff75ee00ec09483e2ae0341,AVAX,13.9671,0.1734,SELL,2023-10-27 07:45:00,-0.1848,CLOSE,0.72,1,Short
0x23be95267b9414f864c908abccf5f987e42ce22c,LINK,5.5564,0.8923,SELL,2023-10-27 09:29:00,-0.3212,CLOSE,-7.78,3,Short
0xeebc475a7fbdf24e9a015d16ca79c7f443e7ab81,BNB,207.6783,0.1535,SELL,2023-10-27 09:31:00,0.0701,OPEN,0.0,50,Short
0xb429f0db71443a6dc3b6dd7fc8a7ccec4aa6dfca,LINK,5.774,0.0914,BUY,2023-10-27 15:03:00,0.0041,OPEN,0.0,5,Long
0x1d186cb24f764ddad17b04d51d4a66b0c92ad716,BTC,24912.8082,0.3109,SELL,2023-10-27 15:14:00,-0.0495,OPEN,0.0,2,Short
0x14fb2d0de7f331f4ab61b71a9d5c4c8e4ef8c0e5,BTC,26332.7482,0.6161,SELL,2023-10-27 15:59:00,-0.4244,OPEN,0.0,50,Short
0xebf28c699b1e7f2ad3e31316d86da0df789a475b,ETH,1726.7596,0.2064,SELL,2023-10-27 17:01:00,0.0564,CLOSE,-41.57,50,Short
0xedbe03d7cf3f6121ea929dfa1841270856f03d2b,OP,1.6062,0.6342,BUY,2023-10-27 21:19:00,-0.0355,CLOSE,-1.61,2,Long
0xb4d87bd4dc83166db001549b0f7dd10ed8172a97,BTC,24847.8891,0.0875,BUY,2023-10-28 04:11:00,0.0549,CLOSE,130.15,50,Long
0x24a05b6a280881d9f48b32588c8c89018988a3b9,DOGE,0.071,0.6562,BUY,2023-10-28 08:40:00,0.2535,CLOSE,-211.27,50,Long
0x0e414a03aedcefa5c05276b7aa873350baf6378b,AVAX,14.6777,0.9051,SELL,2023-10-28 09:32:00,-0.8534,OPEN,0.0,20,Short
0x4379bda828db78e0c9e1b8c145905c0b109af197,AVAX,14.0213,0.1417,BUY,2023-10-28 09:54:00,-0.0636,CLOSE,2.11,2,Long
0x37d65217f9a89b91d3d82602fe21b9178f03dce8,OP,1.4724,0.8352,BUY,2023-10-28 13:44:00,-0.1702,CLOSE,34.25,20,Long
0x646d2815b93dc22b981b7152e79d208287e60827,SOL,20.4062,0.2871,SELL,2023-10-28 14:18:00,0.2138,OPEN,0.0,10,Short
0xee391c2f221fd53d6a55604791a2377121504c19,LINK,6.0617,0.353,BUY,2023-10-28 19:05:00,-0.0668,CLOSE,171.13,50,Long
0xc599099a389d38c5d9c8b5481edbeba0598102b1,BNB,208.0625,0.2407,BUY,2023-10-28 22:00:00,0.212,CLOSE,-4.66,10,Long
0xa2a2e9a7468bbcd27e0f039d47476b02aac10637,OP,1.5089,0.0926,BUY,2023-10-29 01:13:00,-0.0571,OPEN,0.0,2,Long
0xc599099a389d38c5d9c8b5481edbeba0598102b1,BNB,214.4718,0.718,SELL,2023-10-29 01:31:00,0.0069,OPEN,0.0,5,Short
0x4939835272851ed4624ebeef2cd55b020d083576,OP,1.455,1.3796,SELL,2023-10-29 04:01:00,-0.2907,OPEN,0.0,2,Short
0x0af6790523dd0af40c1c3a03a4c1a0df6067eba2,ARB,1.1758,0.1118,SELL,2023-10-29 05:28:00,0.0167,CLOSE,32.44,20,Short
0xf547770f567ab48950b47158a6efc236cb73d8c1,OP,1.3822,0.9622,SELL,2023-10-29 15:16:00,0.1257,CLOSE,-5.44,2,Short
0x744cb7ef9bc0528b331a9c8cbdd555eeda37cf0e,ETH,1604.6567,1.0593,SELL,2023-10-29 16:08:00,-0.6054,CLOSE,36.9,20,Short
0x893c0ce1b001bed43dbe9f36ff779cf9df99e513,ETH,1593.2879,0.4335,SELL,2023-10-30 00:26:00,-0.0832,CLOSE,7.31,50,Short
0x24a05b6a280881d9f48b32588c8c89018988a3b9,AVAX,13.6253,0.6834,BUY,2023-10-30 01:08:00,-0.0309,CLOSE,-0.34,1,Long
0x23be95267b9414f864c908abccf5f987e42ce22c,ETH,1643.209,0.5352,BUY,2023-10-30 02:52:00,-0.3432,CLOSE,-16.34,50,Long
0xa2e1a7b77321268164f1cab8f52cd112cfe0f364,DOGE,0.0681,0.971,SELL,2023-10-30 03:06:00,0.0534,OPEN,0.0,20,Short
0x744c9dcc29d0c40a3d305d66bb7cf1e724333f73,MATIC,0.8355,0.5382,SELL,2023-10-30 07:28:00,-0.208,OPEN,0.0,50,Short
0xc87fa1c370a4cdce8a3de02aecd8246696f21820,ETH,1688.6546,0.1227,SELL,2023-10-30 13:15:00,-0.0638,CLOSE,3.27,5,Short
0xcfd86a92699b4e78a9d76f77c3658a5933d981e1,DOGE,0.0707,0.066,SELL,2023-10-30 21:51:00,0.0215,OPEN,0.0,1,Short
0xa2a2e9a7468bbcd27e0f039d47476b02aac10637,BTC,23576.3164,0.4666,SELL,2023-10-30 23:38:00,0.2112,CLOSE,86.71,20,Short
0x744c9dcc29d0c40a3d305d66bb7cf1e724333f73,ETH,1386.0346,0.3339,BUY,2023-10-31 02:40:00,-0.2594,OPEN,0.0,2,Long
0xa2e1a7b77321268164f1cab8f52cd112cfe0f364,AVAX,13.7649,0.2204,SELL,2023-10-31 03:39:00,-0.1272,CLOSE,5.91,2,Short
0xdaae4227dfe85b6068adba35a50dd7a2e75f34fe,SOL,20.3585,0.7509,SELL,2023-10-31 04:16:00,0.2831,CLOSE,-10.68,5,Short
0x4939835272851ed4624ebeef2cd55b020d083576,ETH,1577.21,0.1017,SELL,2023-10-31 06:47:00,-0.0866,OPEN,0.0,20,Short
0xf547770f567ab48950b47158a6efc236cb73d8c1,LINK,6.0555,0.2776,BUY,2023-10-31 09:39:00,0.0628,CLOSE,-6.13,3,Long
0xe2c1562bb67f7a529b76e91f7196d63f54ccddaf,LINK,5.6927,1.631,BUY,2023-10-31 12:43:00,-0.9804,OPEN,0.0,2,Long
0x47484e135be5cc29287e7165fb9c975996f6a214,MATIC,0.8444,0.0664,BUY,2023-10-31 18:23:00,-0.0373,OPEN,0.0,1,Long
0x09fceb2336574e225ea891b132998c73f4696abe,ETH,1541.0203,0.463,SELL,2023-11-01 02:57:00,0.0251,OPEN,0.0,3,Short
0xbb4e5487f3cf95039e0674754240ffcd91dcb7b6,AVAX,14.5831,0.9705,BUY,2023-11-01 08:25:00,0.2852,CLOSE,-6.95,20,Long
0x1df10b04fc8b7bb56232fbf467593f3d4db7f636,AVAX,13.9997,0.1269,BUY,2023-11-01 10:32:00,0.0022,CLOSE,6.88,2,Long
0x3be2f0013aec35a8fd588a7ee15b7c917e04dd75,AVAX,13.6263,0.351,SELL,2023-11-01 10:34:00,-0.1148,CLOSE,18.83,20,Short
0x47484e135be5cc29287e7165fb9c975996f6a214,ARB,1.1805,0.2098,BUY,2023-11-01 12:05:00,-0.007,CLOSE,5.54,3,Long
0x5a1966353c437c4a9bafc506875acdf42fc8ff65,SOL,20.5145,0.2647,BUY,2023-11-01 13:42:00,0.1532,OPEN,0.0,10,Long
0x987c1d0a09e6109925ce9325a327c9bc34db8d33,BTC,26370.7665,0.1158,SELL,2023-11-01 22:40:00,-0.0248,OPEN,0.0,3,Short
0xdaae4227dfe85b6068adba35a50dd7a2e75f34fe,AVAX,14.3574,0.2636,SELL,2023-11-02 07:38:00,0.0266,CLOSE,0.72,3,Short
0xc4dea9884019946f0c0617e568292cdd487b5de4,ARB,1.1645,2.2229,SELL,2023-11-02 08:04:00,2.1022,CLOSE,-16.48,20,Short
0x7d320effc2b28f577dcd364c61661834374cb1ee,DOGE,0.0739,0.096,BUY,2023-11-02 13:11:00,-0.0141,OPEN,0.0,10,Long
0x525162b29a67219a10418bb3be42f9213b57465d,DOGE,0.0655,0.0741,BUY,2023-11-02 13:31:00,0.0615,OPEN,0.0,1,Long
0x5f3203e5a82554fb4ff75ee00ec09483e2ae0341,MATIC,0.9433,0.4327,BUY,2023-11-02 14:20:00,0.0666,CLOSE,23.11,10,Long
0x78af6c0c766c104d1e512e617f991e02976ce472,BTC,24871.0899,0.6436,BUY,2023-11-02 20:37:00,-0.167,OPEN,0.0,5,Long
0x26e94b906f96d22acf1132f3c95ef725e7f49365,ARB,1.334,0.7726,BUY,2023-11-02 21:27:00,0.399,CLOSE,-13.26,5,Long
0x2fb4e305fa7f9e99b4f649c36ab6f03349f63204,MATIC,0.8902,0.7796,SELL,2023-11-03 00:21:00,0.1298,CLOSE,-10.51,10,Short
0x925c717311ca9170b4ac3e9b636d21179e3359dd,ETH,1502.1146,1.8751,SELL,2023-11-03 01:24:00,-0.3689,CLOSE,-11.16,3,Short
0x0328d5d04ef6b199bde888fc75394a7e49cbb2e3,OP,1.511,0.1014,SELL,2023-11-03 02:16:00,0.0488,OPEN,0.0,3,Short
0xf547770f567ab48950b47158a6efc236cb73d8c1,BTC,24763.2329,0.176,SELL,2023-11-03 08:53:00,0.0093,OPEN,0.0,3,Short
0xa2e1a7b77321268164f1cab8f52cd112cfe0f364,MATIC,0.9675,1.0821,SELL,2023-11-03 10:37:00,0.9555,OPEN,0.0,2,Short
0x744cb7ef9bc0528b331a9c8cbdd555eeda37cf0e,MATIC,0.9524,0.2509,SELL,2023-11-03 10:47:00,-0.0139,CLOSE,3.03,2,Short
0x4379bda828db78e0c9e1b8c145905c0b109af197,ARB,1.1078,1.0153,SELL,2023-11-03 13:40:00,0.28,CLOSE,2.34,3,Short
0x6772ce2c78ad77d185e724baf3c73fc855e0c397,ETH,1596.4581,0.258,BUY,2023-11-03 15:10:00,0.2182,OPEN,0.0,5,Long
0xc4dea9884019946f0c0617e568292cdd487b5de4,DOGE,0.0721,0.3858,BUY,2023-11-03 16:10:00,0.0214,CLOSE,-99.49,50,Long
0xc87fa1c370a4cdce8a3de02aecd8246696f21820,BNB,217.216,0.0885,BUY,2023-11-03 19:03:00,-0.0132,CLOSE,-6.41,2,Long
0xa2a2e9a7468bbcd27e0f039d47476b02aac10637,SOL,20.4499,0.1785,SELL,2023-11-03 20:20:00,-0.1245,CLOSE,11.04,5,Short
0xeea684c1f340e7d01d339e94e345a318e63f4345,ETH,1626.2856,1.1659,BUY,2023-11-03 20:53:00,0.6431,CLOSE,5.97,2,Long
0xbdd2a8dc587fa386779f90becc9694c9586d3ce5,BNB,211.0397,0.1705,BUY,2023-11-03 22:32:00,-0.0445,CLOSE,5.51,3,Long
0x26e94b906f96d22acf1132f3c95ef725e7f49365,BTC,24394.1659,0.1302,SELL,2023-11-03 22:44:00,-0.0245,OPEN,0.0,20,Short
0xb973994ea6148c341bff47f5e9721ff9029420df,LINK,6.4053,0.3979,SELL,2023-11-03 23:33:00,-0.13,OPEN,0.0,50,Short
0x2d1a95b8825f9bbc7b309def655febd63cc1029d,SOL,21.4316,0.1219,BUY,2023-11-04 03:15:00,0.0585,CLOSE,-38.4,50,Long
0x1df10b04fc8b7bb56232fbf467593f3d4db7f636,ARB,1.0875,0.1136,SELL,2023-11-04 09:22:00,-0.0342,OPEN,0.0,20,Short
0xb973994ea6148c341bff47f5e9721ff9029420df,ETH,1560.6497,0.2161,BUY,2023-11-04 14:33:00,0.0303,OPEN,0.0,20,Long
0x37d65217f9a89b91d3d82602fe21b9178f03dce8,OP,1.453,0.1514,BUY,2023-11-04 14:59:00,0.1372,CLOSE,10.99,10,Long
0xea061b83a2dc03d04b9b22920149ea6f5465fa27,ARB,1.2428,0.2397,BUY,2023-11-04 15:01:00,-0.0274,CLOSE,-13.49,5,Long
0xee391c2f221fd53d6a55604791a2377121504c19,SOL,19.9689,0.2325,SELL,2023-11-04 15:43:00,0.0389,OPEN,0.0,2,Short
0x0328d5d04ef6b199bde888fc75394a7e49cbb2e3,DOGE,0.0724,0.2525,BUY,2023-11-04 19:28:00,0.1072,OPEN,0.0,50,Long
0x2d1a95b8825f9bbc7b309def655febd63cc1029d,LINK,5.4972,1.4212,SELL,2023-11-04 21:03:00,0.077,OPEN,0.0,50,Short
0x23be95267b9414f864c908abccf5f987e42ce22c,SOL,17.6797,0.9526,BUY,2023-11-05 01:49:00,0.3728,OPEN,0.0,10,Long
0x7d320effc2b28f577dcd364c61661834374cb1ee,ARB,1.2178,3.0085,BUY,2023-11-05 02:40:00,-1.9977,CLOSE,0.05,1,Long
0xc87fa1c370a4cdce8a3de02aecd8246696f21820,MATIC,0.8853,0.0535,SELL,2023-11-05 03:37:00,0.0222,CLOSE,-1.78,1,Short
0x5adebdbe4ffde843c5c0942476dafed98f4081ed,ARB,1.307,0.2701,BUY,2023-11-05 05:00:00,-0.0635,OPEN,0.0,1,Long
0x4939835272851ed4624ebeef2cd55b020d083576,SOL,19.1977,0.1534,SELL,2023-11-05 05:50:00,-0.0387,CLOSE,1.59,5,Short
0x0e414a03aedcefa5c05276b7aa873350baf6378b,OP,1.5466,0.4059,SELL,2023-11-05 06:33:00,0.2111,OPEN,0.0,3,Short
0x4f4a940690ae223310632fab09b9ce1d1115fe6b,ARB,1.2469,0.2358,BUY,2023-11-05 06:36:00,0.1728,CLOSE,114.25,50,Long
0x987c1d0a09e6109925ce9325a327c9bc34db8d33,AVAX,15.1485,0.3571,SELL,2023-11-05 07:13:00,0.0556,OPEN,0.0,10,Short
0x6772ce2c78ad77d185e724baf3c73fc855e0c397,BTC,25248.6196,0.0274,BUY,2023-11-05 13:15:00,0.0063,CLOSE,-0.9,1,Long
0xb5165416bd5e31205f5eebdb26cd1592ebddca2e,AVAX,13.9555,1.0629,BUY,2023-11-05 20:42:00,-0.7711,CLOSE,8.21,5,Long
0x47484e135be5cc29287e7165fb9c975996f6a214,AVAX,13.9951,0.0758,SELL,2023-11-05 20:56:00,-0.0082,OPEN,0.0,3,Short
0x0f2f77b9475059e62105e77b8d130a7cd6f85ea9,ETH,1590.353,0.0765,SELL,2023-11-05 22:12:00,-0.005,CLOSE,12.5,10,Short
0xee391c2f221fd53d6a55604791a2377121504c19,AVAX,14.5313,1.0445,SELL,2023-11-05 23:52:00,-0.3198,OPEN,0.0,5,Short
0xe2f5ee794b96897c7d576413e0148b2e8f9fa655,LINK,5.8805,0.0475,SELL,2023-11-06 02:15:00,0.0016,CLOSE,4.45,2,Short
0x9c453737aa43460414e9164eba11d3f5579cf2f1,MATIC,0.9279,0.5755,BUY,2023-11-06 03:18:00,-0.6131,OPEN,0.0,10,Long
0x78af6c0c766c104d1e512e617f991e02976ce472,AVAX,15.1944,1.0416,BUY,2023-11-06 05:42:00,-0.9189,CLOSE,-28.95,50,Long
0xa2a2e9a7468bbcd27e0f039d47476b02aac10637,SOL,20.5367,0.1056,BUY,2023-11-06 05:50:00,0.0149,CLOSE,-3.95,3,Long
0xea061b83a2dc03d04b9b22920149ea6f5465fa27,LINK,6.1075,0.3605,SELL,2023-11-06 07:55:00,-0.1425,CLOSE,-9.29,20,Short
0x2fb4e305fa7f9e99b4f649c36ab6f03349f63204,OP,1.5371,0.1597,SELL,2023-11-06 08:30:00,-0.2279,OPEN,0.0,10,Short
0x7d320effc2b28f577dcd364c61661834374cb1ee,SOL,20.8728,0.0243,BUY,2023-11-06 10:55:00,-0.0117,CLOSE,149.99,50,Long
0x5a1966353c437c4a9bafc506875acdf42fc8ff65,AVAX,14.2203,0.3459,SELL,2023-11-06 12:23:00,-0.1818,CLOSE,-0.65,2,Short
0xa2a2e9a7468bbcd27e0f039d47476b02aac10637,SOL,18.9602,0.2823,BUY,2023-11-06 14:19:00,0.1941,OPEN,0.0,2,Long
0xa2e1a7b77321268164f1cab8f52cd112cfe0f364,BTC,25981.4082,0.2405,SELL,2023-11-06 14:39:00,-0.0109,CLOSE,4.16,2,Short
0x79734a87ec5efa730c4a5d0ff563bac34e411e6b,ARB,1.2826,0.1275,BUY,2023-11-06 18:16:00,-0.0041,CLOSE,-8.1,10,Long
0x525162b29a67219a10418bb3be42f9213b57465d,AVAX,14.7039,1.2355,SELL,2023-11-06 18:19:00,-0.0775,CLOSE,1.51,2,Short
0x6ae91f9044b365bc545fbaefecc120afb3f0e0b8,ARB,1.1028,0.8819,BUY,2023-11-06 18:48:00,-0.1549,OPEN,0.0,10,Long
0x2e380d92bab460b09297a542e4b0198e2c87e43c,LINK,5.8036,1.0111,SELL,2023-11-07 01:27:00,-0.9178,OPEN,0.0,50,Short
0x3be2f0013aec35a8fd588a7ee15b7c917e04dd75,AVAX,14.5422,0.1798,SELL,2023-11-07 02:54:00,0.0161,OPEN,0.0,20,Short
0xdaae4227dfe85b6068adba35a50dd7a2e75f34fe,ARB,1.1819,1.1803,BUY,2023-11-07 05:19:00,-0.2536,CLOSE,23.52,20,Long
0xb2ad781ab883a8f93650bcd708f6c9529a07f690,BNB,191.7398,0.0367,SELL,2023-11-07 06:45:00,0.0204,OPEN,0.0,3,Short
0x09fceb2336574e225ea891b132998c73f4696abe,BNB,210.6488,0.3793,SELL,2023-11-07 07:23:00,0.0438,CLOSE,-8.73,5,Short
0x646d2815b93dc22b981b7152e79d208287e60827,ETH,1619.4824,1.0037,BUY,2023-11-07 09:50:00,-0.3843,CLOSE,1.55,50,Long
0xea061b83a2dc03d04b9b22920149ea6f5465fa27,BNB,203.1574,0.4055,BUY,2023-11-07 14:18:00,0.3206,CLOSE,-14.27,20,Long
0x744cb7ef9bc0528b331a9c8cbdd555eeda37cf0e,AVAX,14.7747,0.4021,SELL,2023-11-07 16:31:00,-0.4573,CLOSE,-107.08,50,Short
0x987c1d0a09e6109925ce9325a327c9bc34db8d33,AVAX,12.9869,0.1241,BUY,2023-11-07 17:42:00,0.0019,OPEN,0.0,3,Long
0x6ae91f9044b365bc545fbaefecc120afb3f0e0b8,OP,1.5034,0.3222,SELL,2023-11-07 17:56:00,0.0053,CLOSE,55.88,20,Short
0xc4dea9884019946f0c0617e568292cdd487b5de4,ETH,1536.8122,0.143,SELL,2023-11-07 21:11:00,-0.1266,CLOSE,5.22,5,Short
0x23be95267b9414f864c908abccf5f987e42ce22c,AVAX,13.2628,0.9138,SELL,2023-11-08 00:49:00,0.1586,CLOSE,-33.09,10,Short
0x5f3203e5a82554fb4ff75ee00ec09483e2ae0341,BNB,191.6631,0.0625,SELL,2023-11-08 01:55:00,0.0098,CLOSE,-143.46,50,Short
0xc61546b61eada8292e6df67fbf85809118265b37,ETH,1586.7151,0.2052,SELL,2023-11-08 06:49:00,0.1935,OPEN,0.0,2,Short
0x6262afa887ea89b1b66c12e70d25de9412bdf3dd,SOL,18.3058,0.5445,BUY,2023-11-08 08:21:00,-0.1908,CLOSE,-0.26,1,Long
0xee391c2f221fd53d6a55604791a2377121504c19,OP,1.3555,0.2448,BUY,2023-11-08 09:16:00,-0.1814,OPEN,0.0,50,Long
0x893c0ce1b001bed43dbe9f36ff779cf9df99e513,AVAX,12.4799,2.7996,BUY,2023-11-08 09:54:00,1.8833,OPEN,0.0,2,Long
0x75e3bcbec520c0c454921cf1afac79214071ba6e,SOL,20.4417,0.2291,BUY,2023-11-08 11:36:00,0.1555,OPEN,0.0,50,Long
0xb77e6e8c09d1faa2d9fa8746ce75c51abe7252be,BTC,25122.5844,0.7564,BUY,2023-11-08 13:45:00,0.4901,CLOSE,-26.11,20,Long
0x9c453737aa43460414e9164eba11d3f5579cf2f1,SOL,18.2298,0.2714,SELL,2023-11-08 16:02:00,-0.1475,OPEN,0.0,10,Short
0x0328d5d04ef6b199bde888fc75394a7e49cbb2e3,AVAX,13.5268,1.4536,BUY,2023-11-08 17:27:00,0.2244,CLOSE,-5.78,10,Long
0x5f3203e5a82554fb4ff75ee00ec09483e2ae0341,ETH,1476.8962,0.4236,SELL,2023-11-08 22:37:00,0.2333,OPEN,0.0,1,Short
0x8528643b6c996c090947e88b00fe1763200c3698,BTC,24881.0939,1.1028,SELL,2023-11-08 22:40:00,-0.7786,CLOSE,37.62,10,Short
0xc61546b61eada8292e6df67fbf85809118265b37,LINK,5.9635,0.2583,SELL,2023-11-09 00:53:00,-0.0434,OPEN,0.0,10,Short
0xbdd2a8dc587fa386779f90becc9694c9586d3ce5,OP,1.4867,0.0498,BUY,2023-11-09 04:04:00,-0.0006,CLOSE,-5.67,20,Long
0x646d2815b93dc22b981b7152e79d208287e60827,BTC,27372.3351,0.4358,BUY,2023-11-09 04:28:00,0.18,CLOSE,1.59,1,Long
0xe2c1562bb67f7a529b76e91f7196d63f54ccddaf,LINK,5.3821,0.4178,SELL,2023-11-09 05:23:00,-0.0403,CLOSE,-17.32,5,Short
0x5d4e187b0ea64e520ab88273cce8678ddb6803c8,ETH,1626.7462,0.159,SELL,2023-11-09 05:54:00,-0.0231,OPEN,0.0,1,Short
0x75e3bcbec520c0c454921cf1afac79214071ba6e,BTC,26006.1667,0.6831,BUY,2023-11-09 06:04:00,0.7481,CLOSE,7.12,10,Long
0x4939835272851ed4624ebeef2cd55b020d083576,AVAX,14.0982,1.5369,SELL,2023-11-09 06:50:00,-0.5045,CLOSE,45.72,50,Short
0x1d186cb24f764ddad17b04d51d4a66b0c92ad716,MATIC,0.9357,0.8111,BUY,2023-11-09 07:10:00,0.0879,CLOSE,-1.52,3,Long
0x2d1a95b8825f9bbc7b309def655febd63cc1029d,BTC,24549.2916,0.3514,SELL,2023-11-09 08:35:00,-0.2129,CLOSE,-0.79,1,Short
0xaa624205b23ee2d620474b557ab013e55b55c926,AVAX,13.6814,0.23,SELL,2023-11-09 10:48:00,-0.0958,CLOSE,-1.01,1,Short
0x4379bda828db78e0c9e1b8c145905c0b109af197,OP,1.3816,0.2136,BUY,2023-11-09 11:05:00,-0.0429,CLOSE,1.48,2,Long
0x4aed548b0ad2ad42d36a65fc9fbb736529027373,MATIC,0.958,0.1091,SELL,2023-11-09 11:08:00,0.0275,OPEN,0.0,3,Short
0xcfd86a92699b4e78a9d76f77c3658a5933d981e1,ARB,1.2109,0.2623,SELL,2023-11-09 14:17:00,0.0059,CLOSE,2.33,2,Short
0xb77e6e8c09d1faa2d9fa8746ce75c51abe7252be,SOL,19.1842,0.1863,BUY,2023-11-09 16:47:00,0.1225,OPEN,0.0,3,Long
0x4ccba13ed55148644802487bce53eb55921ba0fe,OP,1.4858,0.7679,SELL,2023-11-09 16:51:00,0.3539,CLOSE,-1.24,2,Short
0x6121a1650753afb98b8a066940907804424fc225,LINK,6.3047,1.3271,SELL,2023-11-09 18:36:00,0.1244,CLOSE,3.36,1,Short
0xb973994ea6148c341bff47f5e9721ff9029420df,SOL,20.4457,0.1586,SELL,2023-11-09 19:27:00,0.1011,OPEN,0.0,3,Short
0x30cf07144e7941c6c51824aa794607d5a2f34311,ARB,1.1473,0.5709,BUY,2023-11-09 19:32:00,-0.3114,OPEN,0.0,2,Long
0x5d4e187b0ea64e520ab88273cce8678ddb6803c8,ARB,1.1298,0.1491,SELL,2023-11-10 01:29:00,0.0621,OPEN,0.0,3,Short
0x09fceb2336574e225ea891b132998c73f4696abe,ETH,1465.7199,0.3208,SELL,2023-11-10 01:32:00,0.1159,CLOSE,4.77,10,Short
0xc61546b61eada8292e6df67fbf85809118265b37,BNB,194.7959,0.0993,SELL,2023-11-10 01:44:00,-0.1092,OPEN,0.0,3,Short
0x6121a1650753afb98b8a066940907804424fc225,OP,1.431,0.4717,SELL,2023-11-10 01:56:00,-0.4105,OPEN,0.0,10,Short
0x893c0ce1b001bed43dbe9f36ff779cf9df99e513,ARB,1.1309,0.1722,SELL,2023-11-10 02:22:00,0.013,CLOSE,32.61,20,Short
0xd070b332429151e576014d456b91028526f824b6,ARB,1.1145,0.45,SELL,2023-11-10 03:05:00,-0.0554,OPEN,0.0,2,Short
0x525162b29a67219a10418bb3be42f9213b57465d,LINK,6.3105,0.3802,SELL,2023-11-10 08:11:00,0.1656,OPEN,0.0,3,Short
0xdb5102ee19e81b7181b47ffb28758462bdc6a2f6,ETH,1535.0078,0.0228,SELL,2023-11-10 12:17:00,0.0137,CLOSE,-22.96,20,Short
0xb2ad781ab883a8f93650bcd708f6c9529a07f690,AVAX,14.2058,0.764,BUY,2023-11-10 13:22:00,-0.1661,CLOSE,-8.67,3,Long
0x2d1a95b8825f9bbc7b309def655febd63cc1029d,BNB,200.5452,0.8421,BUY,2023-11-10 17:27:00,0.638,OPEN,0.0,10,Long
0xb973994ea6148c341bff47f5e9721ff9029420df,SOL,19.5554,0.0912,SELL,2023-11-10 18:25:00,0.0345,CLOSE,-34.89,20,Short
0xb77e6e8c09d1faa2d9fa8746ce75c51abe7252be,DOGE,0.0681,1.1782,BUY,2023-11-10 19:14:00,0.4563,CLOSE,4.09,3,Long
0x2d1a95b8825f9bbc7b309def655febd63cc1029d,ETH,1537.6726,0.5749,SELL,2023-11-10 22:09:00,0.0584,OPEN,0.0,1,Short
0x0328d5d04ef6b199bde888fc75394a7e49cbb2e3,BNB,212.7424,0.0239,SELL,2023-11-10 23:50:00,-0.0113,CLOSE,-17.51,10,Short
0xeebc475a7fbdf24e9a015d16ca79c7f443e7ab81,AVAX,15.7795,0.0588,SELL,2023-11-11 01:37:00,-0.0444,CLOSE,-58.2,20,Short
0x6121a1650753afb98b8a066940907804424fc225,AVAX,14.1747,0.5041,SELL,2023-11-11 01:42:00,0.0112,OPEN,0.0,20,Short
0xcfd86a92699b4e78a9d76f77c3658a5933d981e1,ETH,1547.1333,0.2542,SELL,2023-11-11 02:23:00,0.1209,CLOSE,-164.35,50,Short
0xeebc475a7fbdf24e9a015d16ca79c7f443e7ab81,ETH,1466.2252,0.1863,SELL,2023-11-11 03:42:00,-0.0751,OPEN,0.0,3,Short
0x6ae91f9044b365bc545fbaefecc120afb3f0e0b8,LINK,6.2381,0.8083,BUY,2023-11-11 08:00:00,-0.3526,CLOSE,3.52,2,Long
0x525162b29a67219a10418bb3be42f9213b57465d,DOGE,0.0677,0.0276,SELL,2023-11-11 09:23:00,0.001,CLOSE,4.85,2,Short
0xdaae4227dfe85b6068adba35a50dd7a2e75f34fe,AVAX,13.7275,0.0187,SELL,2023-11-11 13:29:00,0.001,CLOSE,-5.79,3,Short
0xcfd86a92699b4e78a9d76f77c3658a5933d981e1,ETH,1691.9222,0.217,SELL,2023-11-11 14:09:00,-0.0677,OPEN,0.0,50,Short
0xaa624205b23ee2d620474b557ab013e55b55c926,AVAX,14.3989,2.008,SELL,2023-11-11 14:39:00,0.8673,CLOSE,-11.82,10,Short
0xa2a2e9a7468bbcd27e0f039d47476b02aac10637,ETH,1383.3947,0.1305,BUY,2023-11-11 16:21:00,0.0249,OPEN,0.0,5,Long
0xd070b332429151e576014d456b91028526f824b6,MATIC,0.8672,1.4971,BUY,2023-11-11 16:56:00,1.4779,OPEN,0.0,5,Long
0x0285eb8e3dcc5302124dd67b15b3a223cf2bd3b2,ETH,1548.2742,0.0738,SELL,2023-11-11 20:33:00,-0.0399,OPEN,0.0,5,Short
0x3be2f0013aec35a8fd588a7ee15b7c917e04dd75,ETH,1576.3001,0.2392,SELL,2023-11-12 05:34:00,0.0129,OPEN,0.0,10,Short
0xea061b83a2dc03d04b9b22920149ea6f5465fa27,ARB,1.2331,0.2498,SELL,2023-11-12 06:05:00,0.0605,OPEN,0.0,1,Short
0x0af6790523dd0af40c1c3a03a4c1a0df6067eba2,AVAX,14.442,0.3599,BUY,2023-11-12 06:14:00,-0.0572,OPEN,0.0,5,Long
0xeebc475a7fbdf24e9a015d16ca79c7f443e7ab81,MATIC,0.9062,0.859,BUY,2023-11-12 09:35:00,0.2139,OPEN,0.0,3,Long
0xa2e1a7b77321268164f1cab8f52cd112cfe0f364,ETH,1473.2538,0.0391,BUY,2023-11-12 17:35:00,0.0278,OPEN,0.0,50,Long
0x23be95267b9414f864c908abccf5f987e42ce22c,DOGE,0.0695,0.0492,SELL,2023-11-12 18:34:00,0.0236,OPEN,0.0,20,Short
0x4379bda828db78e0c9e1b8c145905c0b109af197,ARB,1.2064,0.9195,BUY,2023-11-12 18:59:00,0.2413,OPEN,0.0,2,Long
0x925c717311ca9170b4ac3e9b636d21179e3359dd,BNB,202.8565,0.8476,BUY,2023-11-12 19:27:00,-0.0773,OPEN,0.0,3,Long
0x893c0ce1b001bed43dbe9f36ff779cf9df99e513,DOGE,0.0741,0.1625,BUY,2023-11-12 19:31:00,0.1016,OPEN,0.0,50,Long
0x26e94b906f96d22acf1132f3c95ef725e7f49365,OP,1.5228,0.5881,SELL,2023-11-13 08:52:00,-0.5277,CLOSE,-10.71,5,Short
0x744cb7ef9bc0528b331a9c8cbdd555eeda37cf0e,AVAX,14.1058,0.4543,SELL,2023-11-13 12:31:00,-0.4478,OPEN,0.0,10,Short
0x893c0ce1b001bed43dbe9f36ff779cf9df99e513,AVAX,14.7337,0.4836,BUY,2023-11-13 13:27:00,-0.0986,CLOSE,-26.12,50,Long
0x0328d5d04ef6b199bde888fc75394a7e49cbb2e3,MATIC,0.8976,0.2524,SELL,2023-11-13 16:32:00,-0.0249,CLOSE,-2.03,5,Short
0x2d1a95b8825f9bbc7b309def655febd63cc1029d,LINK,5.7534,0.6261,SELL,2023-11-13 17:28:00,-0.4031,OPEN,0.0,20,Short
0xea061b83a2dc03d04b9b22920149ea6f5465fa27,ETH,1464.2323,0.3177,BUY,2023-11-13 21:01:00,0.1655,CLOSE,-34.75,20,Long
0xd45a1cd4a5790cb05bf8c66c9c2a4154c047bb63,OP,1.4449,0.1699,BUY,2023-11-13 22:04:00,-0.012,CLOSE,1.07,5,Long
0xe921971dbc1ec5636c7872b4ccfded69e5a45abe,ARB,1.1216,0.0897,BUY,2023-11-13 22:51:00,-0.1383,OPEN,0.0,3,Long
0xeebc475a7fbdf24e9a015d16ca79c7f443e7ab81,ARB,1.1084,0.9793,SELL,2023-11-13 23:01:00,-0.2561,CLOSE,-4.15,3,Short
0x0f2f77b9475059e62105e77b8d130a7cd6f85ea9,LINK,6.2905,0.1202,SELL,2023-11-14 05:13:00,-0.035,CLOSE,98.68,50,Short
0xebf28c699b1e7f2ad3e31316d86da0df789a475b,DOGE,0.0726,0.2474,SELL,2023-11-14 06:28:00,0.0123,OPEN,0.0,10,Short
0x6121a1650753afb98b8a066940907804424fc225,SOL,19.0216,0.1701,SELL,2023-11-14 07:20:00,0.1706,OPEN,0.0,50,Short
0xeebc475a7fbdf24e9a015d16ca79c7f443e7ab81,BTC,27206.8178,0.5497,SELL,2023-11-14 14:53:00,0.1113,OPEN,0.0,2,Short
0x0285eb8e3dcc5302124dd67b15b3a223cf2bd3b2,ETH,1605.4458,1.3693,BUY,2023-11-14 15:11:00,0.4835,OPEN,0.0,20,Long
0xb77e6e8c09d1faa2d9fa8746ce75c51abe7252be,ETH,1548.5349,0.9505,SELL,2023-11-15 03:37:00,0.4585,OPEN,0.0,3,Short
0x47484e135be5cc29287e7165fb9c975996f6a214,ETH,1635.8167,0.7257,BUY,2023-11-15 08:00:00,-0.3427,OPEN,0.0,1,Long
0xb2ad781ab883a8f93650bcd708f6c9529a07f690,BTC,24878.1435,0.1132,SELL,2023-11-15 08:10:00,-0.0464,CLOSE,48.34,20,Short
0xd070b332429151e576014d456b91028526f824b6,LINK,6.2261,1.1358,SELL,2023-11-15 10:18:00,-0.5669,CLOSE,3.41,3,Short
0x0e414a03aedcefa5c05276b7aa873350baf6378b,MATIC,0.931,0.636,SELL,2023-11-15 10:27:00,0.1142,OPEN,0.0,10,Short
0x09fceb2336574e225ea891b132998c73f4696abe,BTC,24494.0058,0.4547,BUY,2023-11-15 13:09:00,0.2575,CLOSE,-35.77,20,Long
0x4f4a940690ae223310632fab09b9ce1d1115fe6b,MATIC,0.8755,0.426,SELL,2023-11-15 15:12:00,0.2958,CLOSE,-104.37,20,Short
0x75e3bcbec520c0c454921cf1afac79214071ba6e,ARB,1.1845,1.8024,SELL,2023-11-15 15:53:00,-0.4479,CLOSE,-8.0,2,Short
0x14fb2d0de7f331f4ab61b71a9d5c4c8e4ef8c0e5,DOGE,0.0709,1.3331,SELL,2023-11-15 19:59:00,-1.6269,CLOSE,-0.83,1,Short
0x8528643b6c996c090947e88b00fe1763200c3698,DOGE,0.0711,0.5738,SELL,2023-11-16 03:48:00,0.3428,OPEN,0.0,10,Short
0xcfd86a92699b4e78a9d76f77c3658a5933d981e1,DOGE,0.0695,1.6228,SELL,2023-11-16 06:56:00,-0.1339,OPEN,0.0,5,Short
0x26e94b906f96d22acf1132f3c95ef725e7f49365,AVAX,15.5414,0.0296,BUY,2023-11-16 15:59:00,-0.0053,OPEN,0.0,2,Long
0xb973994ea6148c341bff47f5e9721ff9029420df,ARB,1.1037,0.1436,BUY,2023-11-16 16:37:00,-0.0528,CLOSE,-9.58,5,Long
0xc87fa1c370a4cdce8a3de02aecd8246696f21820,MATIC,0.8262,0.164,BUY,2023-11-16 19:34:00,-0.0449,CLOSE,-23.0,5,Long
0xb973994ea6148c341bff47f5e9721ff9029420df,LINK,5.5762,0.0399,BUY,2023-11-16 19:41:00,0.0008,CLOSE,-19.04,10,Long
0x925c717311ca9170b4ac3e9b636d21179e3359dd,ETH,1648.7961,1.3702,SELL,2023-11-16 22:00:00,-0.2727,OPEN,0.0,2,Short
0x7968a5f8676e6b77d71e6dadf79e40929b9c9eb0,LINK,5.9566,0.2263,BUY,2023-11-16 22:29:00,0.1745,OPEN,0.0,1,Long
0x1d186cb24f764ddad17b04d51d4a66b0c92ad716,SOL,18.7454,2.6623,SELL,2023-11-17 00:17:00,0.6838,CLOSE,-12.23,10,Short
0xee391c2f221fd53d6a55604791a2377121504c19,BNB,217.9417,0.2733,SELL,2023-11-17 01:03:00,-0.1931,OPEN,0.0,50,Short
0xe2c1562bb67f7a529b76e91f7196d63f54ccddaf,LINK,5.71,1.8525,SELL,2023-11-17 01:36:00,-1.2235,OPEN,0.0,3,Short
0xe921971dbc1ec5636c7872b4ccfded69e5a45abe,BTC,23047.6518,0.112,BUY,2023-11-17 11:58:00,0.0221,CLOSE,-4.47,1,Long
0x9f46469dacc43d56c35b79bae4905b54b673b96f,ARB,1.1639,0.668,BUY,2023-11-17 12:16:00,-0.1507,CLOSE,-9.68,5,Long
0xd45a1cd4a5790cb05bf8c66c9c2a4154c047bb63,BNB,222.5729,0.3511,BUY,2023-11-17 15:20:00,0.1221,OPEN,0.0,1,Long
0x525162b29a67219a10418bb3be42f9213b57465d,BTC,25803.3209,0.2878,SELL,2023-11-17 16:12:00,0.1157,OPEN,0.0,3,Short
0x5adebdbe4ffde843c5c0942476dafed98f4081ed,OP,1.4972,0.3512,SELL,2023-11-17 16:47:00,-0.2679,CLOSE,60.21,50,Short
0xee391c2f221fd53d6a55604791a2377121504c19,BNB,205.9,0.092,BUY,2023-11-17 17:59:00,0.0612,CLOSE,-12.88,20,Long
0xc599099a389d38c5d9c8b5481edbeba0598102b1,ETH,1635.4801,0.1359,SELL,2023-11-17 20:38:00,-0.0783,CLOSE,50.06,50,Short
0x5cc6e86a6eb53b1f13feb35d2a7d10c872850f05,DOGE,0.0714,0.2113,SELL,2023-11-17 21:09:00,0.2308,CLOSE,10.74,20,Short
0x75e3bcbec520c0c454921cf1afac79214071ba6e,OP,1.4448,0.1696,BUY,2023-11-17 22:37:00,0.0837,CLOSE,1.93,1,Long
0xaa624205b23ee2d620474b557ab013e55b55c926,DOGE,0.0695,0.4894,BUY,2023-11-18 00:15:00,-0.0228,OPEN,0.0,20,Long
0x47484e135be5cc29287e7165fb9c975996f6a214,DOGE,0.068,0.998,BUY,2023-11-18 02:24:00,0.4179,CLOSE,-76.36,50,Long
0x2fb4e305fa7f9e99b4f649c36ab6f03349f63204,AVAX,15.8642,0.071,BUY,2023-11-18 05:48:00,0.0152,OPEN,0.0,50,Long
0xee391c2f221fd53d6a55604791a2377121504c19,ETH,1728.0396,0.5655,BUY,2023-11-18 06:16:00,0.2318,CLOSE,-0.29,1,Long
0x525162b29a67219a10418bb3be42f9213b57465d,BTC,26848.1423,0.6341,SELL,2023-11-18 11:27:00,-0.3318,OPEN,0.0,3,Short
0x7d320effc2b28f577dcd364c61661834374cb1ee,ARB,1.2015,0.9624,BUY,2023-11-18 15:06:00,-0.1446,OPEN,0.0,10,Long
0xedbe03d7cf3f6121ea929dfa1841270856f03d2b,AVAX,14.624,0.0846,BUY,2023-11-18 17:43:00,0.0188,OPEN,0.0,2,Long
0x43daceb7e014b2c8f1e1dea64bf293277027181b,BTC,24053.2506,0.2913,SELL,2023-11-18 17:52:00,-0.0058,OPEN,0.0,10,Short
0xbdd2a8dc587fa386779f90becc9694c9586d3ce5,BNB,205.2424,0.202,SELL,2023-11-18 18:25:00,-0.0498,CLOSE,-5.16,2,Short
0xb5165416bd5e31205f5eebdb26cd1592ebddca2e,OP,1.5822,0.4932,BUY,2023-11-18 19:30:00,-0.5404,CLOSE,101.95,50,Long
0x744cb7ef9bc0528b331a9c8cbdd555eeda37cf0e,DOGE,0.0656,0.6657,SELL,2023-11-18 21:00:00,0.0338,CLOSE,-28.15,20,Short
0x7d320effc2b28f577dcd364c61661834374cb1ee,ARB,1.1867,0.8605,SELL,2023-11-18 21:35:00,0.5985,CLOSE,-12.07,3,Short
0xeebc475a7fbdf24e9a015d16ca79c7f443e7ab81,LINK,5.9718,0.6202,SELL,2023-11-19 02:59:00,0.0747,CLOSE,-6.16,5,Short
0xea061b83a2dc03d04b9b22920149ea6f5465fa27,AVAX,14.8152,0.2178,BUY,2023-11-19 05:09:00,-0.0095,CLOSE,2.35,2,Long
0x6ae91f9044b365bc545fbaefecc120afb3f0e0b8,BTC,24361.6267,0.3814,BUY,2023-11-19 10:06:00,0.2176,OPEN,0.0,1,Long
0xf547770f567ab48950b47158a6efc236cb73d8c1,BTC,23332.4681,0.6273,SELL,2023-11-19 15:37:00,0.0503,CLOSE,-1.77,1,Short
0xa2e1a7b77321268164f1cab8f52cd112cfe0f364,BTC,26214.4637,0.0819,BUY,2023-11-19 16:02:00,0.061,OPEN,0.0,2,Long
0xaa624205b23ee2d620474b557ab013e55b55c926,OP,1.3927,0.0833,SELL,2023-11-20 11:01:00,-0.0198,OPEN,0.0,50,Short
0x4aed548b0ad2ad42d36a65fc9fbb736529027373,MATIC,0.9098,0.3094,BUY,2023-11-20 12:14:00,0.2007,OPEN,0.0,1,Long
0xb429f0db71443a6dc3b6dd7fc8a7ccec4aa6dfca,SOL,20.8964,0.1339,SELL,2023-11-20 21:58:00,-0.0405,CLOSE,1.36,1,Short
0x1d186cb24f764ddad17b04d51d4a66b0c92ad716,BNB,206.7533,1.0043,BUY,2023-11-21 01:00:00,-0.7573,CLOSE,6.9,3,Long
0xe2f5ee794b96897c7d576413e0148b2e8f9fa655,DOGE,0.0724,0.5022,BUY,2023-11-21 02:33:00,-0.0413,CLOSE,-1.71,1,Long
0x7968a5f8676e6b77d71e6dadf79e40929b9c9eb0,BNB,227.8496,1.1097,BUY,2023-11-21 04:13:00,0.5945,OPEN,0.0,1,Long
0x5adebdbe4ffde843c5c0942476dafed98f4081ed,SOL,19.4356,0.2124,BUY,2023-11-21 06:03:00,-0.1342,OPEN,0.0,1,Long
0x0328d5d04ef6b199bde888fc75394a7e49cbb2e3,LINK,6.1385,0.2528,SELL,2023-11-21 07:14:00,-0.2363,CLOSE,-13.54,20,Short
0x525162b29a67219a10418bb3be42f9213b57465d,LINK,5.9228,0.1705,BUY,2023-11-21 08:43:00,-0.0798,OPEN,0.0,3,Long
0xe921971dbc1ec5636c7872b4ccfded69e5a45abe,AVAX,14.9549,0.0467,BUY,2023-11-21 09:30:00,-0.0322,CLOSE,11.92,10,Long
0x1df10b04fc8b7bb56232fbf467593f3d4db7f636,ETH,1481.8268,0.0792,SELL,2023-11-21 10:22:00,-0.0202,CLOSE,4.66,10,Short
0xe2c1562bb67f7a529b76e91f7196d63f54ccddaf,MATIC,0.8987,0.9824,SELL,2023-11-21 10:44:00,0.7188,OPEN,0.0,1,Short
0xb429f0db71443a6dc3b6dd7fc8a7ccec4aa6dfca,BTC,23089.2609,0.0945,SELL,2023-11-21 11:59:00,-0.0698,OPEN,0.0,50,Short
0xe921971dbc1ec5636c7872b4ccfded69e5a45abe,BTC,23648.6708,0.1835,BUY,2023-11-21 13:20:00,0.0565,OPEN,0.0,2,Long
0x5f3203e5a82554fb4ff75ee00ec09483e2ae0341,AVAX,14.3195,0.0658,BUY,2023-11-21 14:00:00,0.0632,CLOSE,1.96,10,Long
0x4ccba13ed55148644802487bce53eb55921ba0fe,AVAX,13.9153,0.2505,BUY,2023-11-21 19:03:00,-0.0757,CLOSE,10.77,20,Long
0x0285eb8e3dcc5302124dd67b15b3a223cf2bd3b2,SOL,20.381,0.6242,BUY,2023-11-21 19:14:00,-0.1389,OPEN,0.0,20,Long
0x1df10b04fc8b7bb56232fbf467593f3d4db7f636,ETH,1501.3519,0.2364,SELL,2023-11-21 20:34:00,-0.1067,OPEN,0.0,10,Short
0xbb4e5487f3cf95039e0674754240ffcd91dcb7b6,MATIC,0.9096,0.839,SELL,2023-11-21 21:13:00,-0.0721,OPEN,0.0,5,Short
0x0328d5d04ef6b199bde888fc75394a7e49cbb2e3,AVAX,13.5883,0.4785,BUY,2023-11-22 01:19:00,0.3393,CLOSE,10.08,3,Long
0x8528643b6c996c090947e88b00fe1763200c3698,BNB,211.5331,0.9633,BUY,2023-11-22 09:39:00,-0.2062,CLOSE,6.26,5,Long
0xaa624205b23ee2d620474b557ab013e55b55c926,OP,1.5472,0.124,BUY,2023-11-22 14:14:00,-0.071,OPEN,0.0,2,Long
0x744c9dcc29d0c40a3d305d66bb7cf1e724333f73,MATIC,0.9194,0.6657,SELL,2023-11-22 20:37:00,0.0787,CLOSE,58.2,50,Short
0x09fceb2336574e225ea891b132998c73f4696abe,MATIC,0.898,0.2094,SELL,2023-11-23 02:03:00,0.0949,OPEN,0.0,3,Short
0x6772ce2c78ad77d185e724baf3c73fc855e0c397,ETH,1698.2135,2.5797,BUY,2023-11-23 03:45:00,-1.5603,OPEN,0.0,10,Long
0xeebc475a7fbdf24e9a015d16ca79c7f443e7ab81,OP,1.5176,0.2631,SELL,2023-11-23 09:12:00,0.0332,OPEN,0.0,5,Short
0x14fb2d0de7f331f4ab61b71a9d5c4c8e4ef8c0e5,ARB,1.1506,0.0843,BUY,2023-11-23 09:45:00,-0.0303,OPEN,0.0,3,Long
0x8528643b6c996c090947e88b00fe1763200c3698,ARB,1.1721,0.2418,BUY,2023-11-23 12:07:00,0.0559,OPEN,0.0,50,Long
0x646d2815b93dc22b981b7152e79d208287e60827,BNB,190.4399,0.1664,BUY,2023-11-23 17:07:00,-0.0445,OPEN,0.0,20,Long
0x0285eb8e3dcc5302124dd67b15b3a223cf2bd3b2,OP,1.3286,1.006,BUY,2023-11-23 17:25:00,-0.3936,CLOSE,-0.6,2,Long
0x30cf07144e7941c6c51824aa794607d5a2f34311,SOL,19.1355,0.1979,BUY,2023-11-23 20:22:00,0.0271,OPEN,0.0,3,Long
0x24a05b6a280881d9f48b32588c8c89018988a3b9,DOGE,0.068,0.4092,BUY,2023-11-23 23:30:00,0.0744,OPEN,0.0,5,Long
0xd45a1cd4a5790cb05bf8c66c9c2a4154c047bb63,BTC,25426.5333,0.5689,BUY,2023-11-24 00:06:00,0.0917,OPEN,0.0,10,Long
0x4f4a940690ae223310632fab09b9ce1d1115fe6b,MATIC,0.8982,0.2138,BUY,2023-11-24 01:56:00,0.1165,CLOSE,6.74,3,Long
0x0f2f77b9475059e62105e77b8d130a7cd6f85ea9,OP,1.4512,0.0278,BUY,2023-11-24 02:23:00,0.0,CLOSE,-12.2,3,Long
0xc87fa1c370a4cdce8a3de02aecd8246696f21820,BNB,229.1862,0.3163,BUY,2023-11-24 04:19:00,0.1357,OPEN,0.0,20,Long
0x0328d5d04ef6b199bde888fc75394a7e49cbb2e3,LINK,5.951,0.2441,BUY,2023-11-24 06:50:00,0.0195,CLOSE,2.21,2,Long
0x987c1d0a09e6109925ce9325a327c9bc34db8d33,BTC,26098.705,0.2779,SELL,2023-11-24 07:37:00,0.0668,OPEN,0.0,3,Short
0x4f4a940690ae223310632fab09b9ce1d1115fe6b,BTC,23803.5614,0.2928,BUY,2023-11-24 07:44:00,-0.1945,CLOSE,0.25,1,Long
0x4aed548b0ad2ad42d36a65fc9fbb736529027373,ARB,1.242,0.3929,BUY,2023-11-24 08:12:00,0.1333,CLOSE,25.63,50,Long
0x744cb7ef9bc0528b331a9c8cbdd555eeda37cf0e,LINK,6.1186,0.5449,BUY,2023-11-24 08:26:00,-0.1562,OPEN,0.0,5,Long
0xeebc475a7fbdf24e9a015d16ca79c7f443e7ab81,OP,1.4962,0.6807,SELL,2023-11-24 11:26:00,-0.4255,OPEN,0.0,20,Short
0x47484e135be5cc29287e7165fb9c975996f6a214,OP,1.5417,0.1171,SELL,2023-11-24 14:03:00,0.0634,CLOSE,-4.18,3,Short
0x47484e135be5cc29287e7165fb9c975996f6a214,AVAX,13.2544,0.1818,SELL,2023-11-24 17:14:00,0.0736,OPEN,0.0,3,Short
0x0328d5d04ef6b199bde888fc75394a7e49cbb2e3,ETH,1334.3108,1.5747,SELL,2023-11-24 18:07:00,-0.4647,CLOSE,147.33,50,Short
0xe2f5ee794b96897c7d576413e0148b2e8f9fa655,AVAX,13.9719,0.1981,SELL,2023-11-24 20:14:00,-0.0497,OPEN,0.0,5,Short
0xeea684c1f340e7d01d339e94e345a318e63f4345,MATIC,0.894,0.2141,SELL,2023-11-24 20:34:00,-0.1083,CLOSE,-32.1,10,Short
0xd45a1cd4a5790cb05bf8c66c9c2a4154c047bb63,BTC,28033.3956,0.1508,BUY,2023-11-24 22:43:00,0.0326,CLOSE,-0.19,1,Long
0x1df10b04fc8b7bb56232fbf467593f3d4db7f636,ARB,1.2864,0.2122,BUY,2023-11-24 22:49:00,0.0451,OPEN,0.0,2,Long
0x925c717311ca9170b4ac3e9b636d21179e3359dd,BTC,26153.1015,1.6715,SELL,2023-11-24 22:59:00,-1.2057,CLOSE,0.3,1,Short
0xaa624205b23ee2d620474b557ab013e55b55c926,AVAX,13.6732,0.9332,SELL,2023-11-25 00:34:00,-0.2922,OPEN,0.0,5,Short
0x6121a1650753afb98b8a066940907804424fc225,ETH,1655.0322,0.6533,BUY,2023-11-25 04:07:00,-0.1134,CLOSE,4.46,2,Long
0xeebc475a7fbdf24e9a015d16ca79c7f443e7ab81,SOL,21.6655,0.1064,SELL,2023-11-25 10:07:00,0.054,CLOSE,-1.08,5,Short
0x14fb2d0de7f331f4ab61b71a9d5c4c8e4ef8c0e5,OP,1.6541,0.2547,SELL,2023-11-25 11:12:00,0.0742,CLOSE,-2.1,3,Short
0xbb4e5487f3cf95039e0674754240ffcd91dcb7b6,MATIC,0.9722,0.0811,BUY,2023-11-25 13:27:00,-0.0116,OPEN,0.0,1,Long
0xe2f5ee794b96897c7d576413e0148b2e8f9fa655,LINK,6.3378,0.3362,BUY,2023-11-25 13:55:00,-0.2336,OPEN,0.0,2,Long
0x78af6c0c766c104d1e512e617f991e02976ce472,ARB,1.1089,0.0415,SELL,2023-11-25 16:17:00,-0.0485,CLOSE,4.79,5,Short
0xe2f5ee794b96897c7d576413e0148b2e8f9fa655,DOGE,0.066,0.4804,SELL,2023-11-25 16:28:00,0.1014,CLOSE,160.69,50,Short
0x4379bda828db78e0c9e1b8c145905c0b109af197,AVAX,14.0397,1.2838,BUY,2023-11-25 18:07:00,0.5203,OPEN,0.0,50,Long
0x5a1966353c437c4a9bafc506875acdf42fc8ff65,MATIC,0.8822,0.9357,BUY,2023-11-25 19:04:00,-0.3643,CLOSE,13.88,10,Long
0xe2c1562bb67f7a529b76e91f7196d63f54ccddaf,ETH,1435.936,0.4147,SELL,2023-11-25 22:48:00,-0.1415,OPEN,0.0,10,Short
0x9c453737aa43460414e9164eba11d3f5579cf2f1,BNB,207.2078,0.8467,SELL,2023-11-26 02:33:00,0.4974,OPEN,0.0,2,Short
0x0f2f77b9475059e62105e77b8d130a7cd6f85ea9,ETH,1659.2267,1.3182,BUY,2023-11-26 02:34:00,-0.8143,CLOSE,-114.21,50,Long
0xb973994ea6148c341bff47f5e9721ff9029420df,OP,1.5585,0.9327,BUY,2023-11-26 03:58:00,1.0816,CLOSE,8.87,10,Long
0xaa624205b23ee2d620474b557ab013e55b55c926,LINK,5.5569,0.5072,BUY,2023-11-26 04:37:00,-0.277,CLOSE,-1.22,3,Long
0x453dd2d9eed5ff86eb409796ee5f1e1d285c33d4,LINK,6.0524,0.5987,BUY,2023-11-26 05:32:00,-0.3643,OPEN,0.0,1,Long
0x14fb2d0de7f331f4ab61b71a9d5c4c8e4ef8c0e5,BTC,24923.6283,0.0832,SELL,2023-11-26 05:55:00,0.0029,OPEN,0.0,2,Short
0x0328d5d04ef6b199bde888fc75394a7e49cbb2e3,BTC,24931.1232,0.2352,BUY,2023-11-26 08:29:00,-0.0159,OPEN,0.0,3,Long
0xb429f0db71443a6dc3b6dd7fc8a7ccec4aa6dfca,BNB,226.4483,0.1874,BUY,2023-11-26 10:14:00,0.0367,OPEN,0.0,5,Long
0x893c0ce1b001bed43dbe9f36ff779cf9df99e513,OP,1.514,0.1332,BUY,2023-11-26 12:05:00,0.0863,OPEN,0.0,5,Long
0x26e94b906f96d22acf1132f3c95ef725e7f49365,AVAX,13.4742,0.6962,BUY,2023-11-26 12:25:00,-0.3935,OPEN,0.0,10,Long
0x7d320effc2b28f577dcd364c61661834374cb1ee,OP,1.6704,0.892,BUY,2023-11-26 12:53:00,-0.1804,CLOSE,-13.13,10,Long
0x9c453737aa43460414e9164eba11d3f5579cf2f1,BNB,211.3155,0.0278,BUY,2023-11-26 16:37:00,0.0106,OPEN,0.0,50,Long
0x525162b29a67219a10418bb3be42f9213b57465d,DOGE,0.0716,0.1373,SELL,2023-11-26 17:04:00,0.0862,OPEN,0.0,3,Short
0x5adebdbe4ffde843c5c0942476dafed98f4081ed,MATIC,0.9404,0.9057,BUY,2023-11-26 18:56:00,0.5094,CLOSE,4.05,3,Long
0xeebc475a7fbdf24e9a015d16ca79c7f443e7ab81,ETH,1530.3503,0.4795,SELL,2023-11-26 19:07:00,-0.0184,OPEN,0.0,2,Short
0xee391c2f221fd53d6a55604791a2377121504c19,ETH,1667.2285,0.6803,SELL,2023-11-27 06:27:00,0.6926,OPEN,0.0,2,Short
0x5a1966353c437c4a9bafc506875acdf42fc8ff65,OP,1.4594,0.2349,SELL,2023-11-27 07:08:00,-0.0084,OPEN,0.0,1,Short
0xaa624205b23ee2d620474b557ab013e55b55c926,DOGE,0.0627,0.6502,SELL,2023-11-27 10:31:00,0.073,CLOSE,39.3,20,Short
0x744c9dcc29d0c40a3d305d66bb7cf1e724333f73,MATIC,0.8859,0.575,BUY,2023-11-27 14:22:00,0.0503,OPEN,0.0,3,Long
0x7968a5f8676e6b77d71e6dadf79e40929b9c9eb0,BNB,206.6777,2.4553,SELL,2023-11-27 15:06:00,0.0896,OPEN,0.0,2,Short
0x43daceb7e014b2c8f1e1dea64bf293277027181b,ETH,1538.2697,0.5462,SELL,2023-11-27 21:03:00,0.081,CLOSE,-0.14,5,Short
0xea061b83a2dc03d04b9b22920149ea6f5465fa27,ETH,1552.8907,0.1334,SELL,2023-11-27 22:27:00,-0.0558,OPEN,0.0,5,Short
0xbb4e5487f3cf95039e0674754240ffcd91dcb7b6,OP,1.3504,0.2034,SELL,2023-11-28 08:41:00,-0.0609,OPEN,0.0,1,Short
0xdaae4227dfe85b6068adba35a50dd7a2e75f34fe,BNB,206.2712,1.0473,SELL,2023-11-28 10:02:00,0.2172,OPEN,0.0,20,Short
0xb973994ea6148c341bff47f5e9721ff9029420df,OP,1.533,0.0183,BUY,2023-11-28 14:40:00,0.0049,CLOSE,-40.93,20,Long
0x6772ce2c78ad77d185e724baf3c73fc855e0c397,BNB,211.4042,0.2707,SELL,2023-11-28 14:43:00,-0.2571,CLOSE,3.56,3,Short
0x8528643b6c996c090947e88b00fe1763200c3698,LINK,5.1512,0.7623,BUY,2023-11-28 14:54:00,-0.3844,CLOSE,-12.22,3,Long
0x4939835272851ed4624ebeef2cd55b020d083576,OP,1.4818,0.691,BUY,2023-11-28 17:33:00,0.3655,OPEN,0.0,10,Long
0x6772ce2c78ad77d185e724baf3c73fc855e0c397,BTC,24185.8039,0.8613,SELL,2023-11-28 17:45:00,0.0131,CLOSE,-5.77,2,Short
0x744cb7ef9bc0528b331a9c8cbdd555eeda37cf0e,AVAX,13.8235,1.2186,SELL,2023-11-28 20:14:00,0.0192,CLOSE,1.48,1,Short
0xb2ad781ab883a8f93650bcd708f6c9529a07f690,BTC,26826.282,0.0913,SELL,2023-11-28 20:26:00,0.0001,CLOSE,-122.74,50,Short
0x37d65217f9a89b91d3d82602fe21b9178f03dce8,BNB,233.1509,0.1249,BUY,2023-11-29 01:17:00,0.067,CLOSE,3.68,2,Long
0x37d65217f9a89b91d3d82602fe21b9178f03dce8,AVAX,14.5623,0.1147,SELL,2023-11-29 02:06:00,-0.0267,CLOSE,-22.23,20,Short
0x0e414a03aedcefa5c05276b7aa873350baf6378b,SOL,20.6249,0.8649,SELL,2023-11-29 03:21:00,-0.2431,OPEN,0.0,10,Short
0xb77e6e8c09d1faa2d9fa8746ce75c51abe7252be,OP,1.3821,3.3698,SELL,2023-11-29 05:09:00,0.1862,CLOSE,-11.53,10,Short
0xb2ad781ab883a8f93650bcd708f6c9529a07f690,ETH,1551.4508,0.344,SELL,2023-11-29 05:25:00,0.0787,CLOSE,19.89,5,Short
0x1d186cb24f764ddad17b04d51d4a66b0c92ad716,BNB,214.9516,0.1652,SELL,2023-11-29 12:53:00,0.0795,CLOSE,-1.08,2,Short
0x5f3203e5a82554fb4ff75ee00ec09483e2ae0341,MATIC,0.906,0.4865,SELL,2023-11-29 19:09:00,-0.2791,OPEN,0.0,50,Short
0x1d186cb24f764ddad17b04d51d4a66b0c92ad716,LINK,5.9928,0.1278,SELL,2023-11-29 23:34:00,-0.0073,OPEN,0.0,3,Short
0x78af6c0c766c104d1e512e617f991e02976ce472,LINK,5.7907,0.8377,BUY,2023-11-30 05:04:00,-0.0839,OPEN,0.0,10,Long
0x744c9dcc29d0c40a3d305d66bb7cf1e724333f73,MATIC,0.9032,0.4811,SELL,2023-11-30 12:35:00,-0.0513,CLOSE,41.12,20,Short
0x1d186cb24f764ddad17b04d51d4a66b0c92ad716,MATIC,0.8788,0.4701,BUY,2023-11-30 12:43:00,0.2635,OPEN,0.0,5,Long
0x2fb4e305fa7f9e99b4f649c36ab6f03349f63204,MATIC,0.8396,0.0247,SELL,2023-11-30 14:58:00,0.0004,CLOSE,18.81,50,Short
0xb5165416bd5e31205f5eebdb26cd1592ebddca2e,DOGE,0.0702,0.5067,SELL,2023-11-30 15:34:00,-0.043,CLOSE,2.08,50,Short
0x1df10b04fc8b7bb56232fbf467593f3d4db7f636,SOL,21.8057,0.2249,BUY,2023-11-30 20:29:00,0.0377,OPEN,0.0,5,Long
0x43daceb7e014b2c8f1e1dea64bf293277027181b,DOGE,0.0656,0.6047,BUY,2023-12-01 06:36:00,0.3129,CLOSE,120.6,50,Long
0x2e380d92bab460b09297a542e4b0198e2c87e43c,SOL,21.3773,0.3095,BUY,2023-12-01 07:32:00,0.0509,OPEN,0.0,2,Long
0x2e380d92bab460b09297a542e4b0198e2c87e43c,BTC,24492.4636,0.9544,SELL,2023-12-01 08:07:00,0.2563,OPEN,0.0,50,Short
0x525162b29a67219a10418bb3be42f9213b57465d,BTC,23211.5311,0.0432,BUY,2023-12-01 11:02:00,-0.0344,OPEN,0.0,1,Long
0x744c9dcc29d0c40a3d305d66bb7cf1e724333f73,SOL,19.8895,0.4314,SELL,2023-12-01 13:26:00,0.108,OPEN,0.0,10,Short
0x8528643b6c996c090947e88b00fe1763200c3698,DOGE,0.0719,0.1042,SELL,2023-12-01 15:44:00,0.0085,OPEN,0.0,5,Short
0x7d320effc2b28f577dcd364c61661834374cb1ee,DOGE,0.0684,0.1407,BUY,2023-12-01 16:14:00,-0.1673,OPEN,0.0,20,Long
0x453dd2d9eed5ff86eb409796ee5f1e1d285c33d4,LINK,6.2044,0.6795,BUY,2023-12-01 16:48:00,-0.2593,CLOSE,0.88,5,Long
0x2d1a95b8825f9bbc7b309def655febd63cc1029d,ARB,1.2351,0.8531,BUY,2023-12-01 18:50:00,0.372,OPEN,0.0,3,Long
0xea061b83a2dc03d04b9b22920149ea6f5465fa27,DOGE,0.0688,0.0759,SELL,2023-12-01 19:00:00,-0.0612,CLOSE,80.27,50,Short
0xbb4e5487f3cf95039e0674754240ffcd91dcb7b6,BNB,215.2892,0.6268,SELL,2023-12-01 20:00:00,0.1825,OPEN,0.0,2,Short
0x8528643b6c996c090947e88b00fe1763200c3698,ETH,1514.3318,0.4072,SELL,2023-12-01 20:25:00,0.3892,CLOSE,-2.98,3,Short
0xb77e6e8c09d1faa2d9fa8746ce75c51abe7252be,OP,1.5551,0.8333,BUY,2023-12-01 21:34:00,-0.2349,CLOSE,-227.54,50,Long
0x4aed548b0ad2ad42d36a65fc9fbb736529027373,ETH,1710.1509,0.9918,SELL,2023-12-01 21:44:00,0.3783,CLOSE,-2.04,1,Short
0xeea684c1f340e7d01d339e94e345a318e63f4345,BTC,25571.4694,0.3086,SELL,2023-12-02 00:06:00,0.0975,CLOSE,6.43,2,Short
0x4ccba13ed55148644802487bce53eb55921ba0fe,DOGE,0.0736,0.5607,SELL,2023-12-02 01:29:00,0.5243,OPEN,0.0,20,Short
0x453dd2d9eed5ff86eb409796ee5f1e1d285c33d4,OP,1.3781,2.4327,BUY,2023-12-02 04:22:00,-1.1864,CLOSE,5.41,2,Long
0xdaae4227dfe85b6068adba35a50dd7a2e75f34fe,OP,1.4014,0.6602,BUY,2023-12-02 06:00:00,-0.5851,CLOSE,23.72,10,Long
0x4aed548b0ad2ad42d36a65fc9fbb736529027373,MATIC,0.9016,0.0301,BUY,2023-12-02 06:44:00,0.0077,OPEN,0.0,5,Long
0x7968a5f8676e6b77d71e6dadf79e40929b9c9eb0,BNB,220.0747,0.3256,BUY,2023-12-02 06:44:00,-0.0594,OPEN,0.0,50,Long
0x0e414a03aedcefa5c05276b7aa873350baf6378b,LINK,5.9967,0.3018,BUY,2023-12-02 09:14:00,-0.0992,CLOSE,-5.93,3,Long
0x1d186cb24f764ddad17b04d51d4a66b0c92ad716,ETH,1617.3489,0.0928,BUY,2023-12-02 12:19:00,0.0205,CLOSE,3.86,1,Long
0xbb4e5487f3cf95039e0674754240ffcd91dcb7b6,DOGE,0.0694,0.3156,SELL,2023-12-02 13:57:00,-0.1533,OPEN,0.0,5,Short
0x2d1a95b8825f9bbc7b309def655febd63cc1029d,OP,1.3527,0.0281,BUY,2023-12-02 14:05:00,-0.0208,CLOSE,121.16,20,Long
0xe2f5ee794b96897c7d576413e0148b2e8f9fa655,BTC,25588.1037,0.9371,BUY,2023-12-02 20:36:00,0.9241,OPEN,0.0,10,Long
0x9f46469dacc43d56c35b79bae4905b54b673b96f,LINK,6.0655,0.0146,SELL,2023-12-02 22:37:00,-0.002,OPEN,0.0,10,Short
0x5a1966353c437c4a9bafc506875acdf42fc8ff65,AVAX,13.5077,0.779,SELL,2023-12-02 22:57:00,-0.8334,CLOSE,0.71,3,Short
0x7968a5f8676e6b77d71e6dadf79e40929b9c9eb0,ARB,1.2388,0.4014,BUY,2023-12-02 23:11:00,-0.2206,OPEN,0.0,10,Long
0x0af6790523dd0af40c1c3a03a4c1a0df6067eba2,ETH,1531.5574,0.8878,SELL,2023-12-02 23:38:00,0.5236,CLOSE,-28.54,20,Short
0xa2e1a7b77321268164f1cab8f52cd112cfe0f364,AVAX,14.331,0.0982,SELL,2023-12-03 03:42:00,-0.0105,OPEN,0.0,5,Short
0xb429f0db71443a6dc3b6dd7fc8a7ccec4aa6dfca,SOL,17.217,0.2073,SELL,2023-12-03 05:20:00,-0.009,OPEN,0.0,20,Short
0xc87fa1c370a4cdce8a3de02aecd8246696f21820,AVAX,13.7662,0.4757,BUY,2023-12-03 05:37:00,-0.1494,CLOSE,14.89,50,Long
0xe2f5ee794b96897c7d576413e0148b2e8f9fa655,BNB,221.4022,0.1042,BUY,2023-12-03 07:45:00,0.055,OPEN,0.0,10,Long
0x5f3203e5a82554fb4ff75ee00ec09483e2ae0341,DOGE,0.0717,0.0835,SELL,2023-12-03 08:11:00,0.0458,OPEN,0.0,10,Short
0xc599099a389d38c5d9c8b5481edbeba0598102b1,ETH,1576.0655,0.1685,SELL,2023-12-03 10:09:00,-0.0378,OPEN,0.0,5,Short
0x1d186cb24f764ddad17b04d51d4a66b0c92ad716,ETH,1710.182,0.376,BUY,2023-12-03 11:36:00,-0.0572,OPEN,0.0,2,Long
0x0f2f77b9475059e62105e77b8d130a7cd6f85ea9,OP,1.3467,0.3112,SELL,2023-12-03 12:49:00,0.0649,OPEN,0.0,10,Short
0x925c717311ca9170b4ac3e9b636d21179e3359dd,ARB,1.2331,0.1266,SELL,2023-12-03 13:21:00,0.0459,OPEN,0.0,1,Short
0xf547770f567ab48950b47158a6efc236cb73d8c1,BTC,25459.1091,0.0608,BUY,2023-12-03 13:36:00,0.0559,CLOSE,-18.35,5,Long
0xb2ad781ab883a8f93650bcd708f6c9529a07f690,SOL,21.2637,0.5474,BUY,2023-12-03 14:10:00,-0.2316,CLOSE,19.59,5,Long
0x47484e135be5cc29287e7165fb9c975996f6a214,ARB,1.1755,0.0101,SELL,2023-12-03 19:07:00,-0.0036,CLOSE,57.13,50,Short
0xebf28c699b1e7f2ad3e31316d86da0df789a475b,BTC,26082.3407,0.2532,SELL,2023-12-03 19:37:00,0.0006,OPEN,0.0,3,Short
0x5f3203e5a82554fb4ff75ee00ec09483e2ae0341,AVAX,13.7305,0.0255,SELL,2023-12-03 20:52:00,0.0049,OPEN,0.0,10,Short
0x0f2f77b9475059e62105e77b8d130a7cd6f85ea9,AVAX,13.7169,0.2728,SELL,2023-12-03 22:32:00,-0.1791,CLOSE,-16.15,10,Short
0xf547770f567ab48950b47158a6efc236cb73d8c1,BNB,204.2414,0.0688,SELL,2023-12-03 23:38:00,-0.0651,CLOSE,26.33,50,Short
0x5a1966353c437c4a9bafc506875acdf42fc8ff65,MATIC,0.953,0.5328,SELL,2023-12-04 01:07:00,-0.2335,CLOSE,73.03,50,Short
0xa2a2e9a7468bbcd27e0f039d47476b02aac10637,BTC,25467.5776,0.4872,SELL,2023-12-04 01:20:00,-0.0336,OPEN,0.0,5,Short
0xeea684c1f340e7d01d339e94e345a318e63f4345,BNB,209.7411,0.3177,SELL,2023-12-04 05:01:00,0.1454,CLOSE,-49.95,50,Short
0x43daceb7e014b2c8f1e1dea64bf293277027181b,LINK,6.7298,0.6092,BUY,2023-12-04 05:07:00,-0.418,OPEN,0.0,3,Long
0x30cf07144e7941c6c51824aa794607d5a2f34311,AVAX,16.1688,0.1022,SELL,2023-12-04 06:49:00,-0.0132,CLOSE,17.15,20,Short
0x0285eb8e3dcc5302124dd67b15b3a223cf2bd3b2,ETH,1561.0769,0.1326,SELL,2023-12-04 12:34:00,-0.0487,CLOSE,-17.06,10,Short
0xe2c1562bb67f7a529b76e91f7196d63f54ccddaf,MATIC,0.9161,0.1806,BUY,2023-12-04 12:44:00,0.0114,CLOSE,-112.76,50,Long
0xaa624205b23ee2d620474b557ab013e55b55c926,AVAX,14.9143,0.1407,SELL,2023-12-04 16:51:00,0.0841,OPEN,0.0,50,Short
0x4939835272851ed4624ebeef2cd55b020d083576,MATIC,0.8914,0.1894,BUY,2023-12-04 17:23:00,0.0202,OPEN,0.0,5,Long
0xcfd86a92699b4e78a9d76f77c3658a5933d981e1,ETH,1436.042,0.5129,BUY,2023-12-04 17:31:00,-0.3206,OPEN,0.0,20,Long
0x09fceb2336574e225ea891b132998c73f4696abe,AVAX,13.7818,0.03,SELL,2023-12-04 18:49:00,-0.0024,CLOSE,0.45,2,Short
0x9c453737aa43460414e9164eba11d3f5579cf2f1,BNB,207.0668,0.0289,SELL,2023-12-05 06:55:00,-0.0054,OPEN,0.0,10,Short
0x744cb7ef9bc0528b331a9c8cbdd555eeda37cf0e,LINK,6.3778,0.1749,SELL,2023-12-05 15:11:00,0.1579,OPEN,0.0,3,Short
0xb2ad781ab883a8f93650bcd708f6c9529a07f690,OP,1.4649,1.3299,BUY,2023-12-05 16:43:00,-0.7678,CLOSE,14.96,20,Long
0xa2a2e9a7468bbcd27e0f039d47476b02aac10637,SOL,21.135,0.6417,SELL,2023-12-05 18:21:00,-0.4449,CLOSE,-19.72,20,Short
0x2e380d92bab460b09297a542e4b0198e2c87e43c,OP,1.4815,0.3444,SELL,2023-12-05 23:29:00,-0.1452,OPEN,0.0,2,Short
0x5d4e187b0ea64e520ab88273cce8678ddb6803c8,SOL,20.4809,0.0458,SELL,2023-12-06 01:15:00,-0.0286,OPEN,0.0,50,Short
0x4f4a940690ae223310632fab09b9ce1d1115fe6b,ARB,1.196,0.5932,SELL,2023-12-06 02:52:00,0.149,CLOSE,-6.29,2,Short
0xeea684c1f340e7d01d339e94e345a318e63f4345,ETH,1492.1833,1.0584,SELL,2023-12-06 03:45:00,-0.0763,CLOSE,22.66,10,Short
0xb2ad781ab883a8f93650bcd708f6c9529a07f690,BTC,23608.4291,0.5899,SELL,2023-12-06 09:16:00,0.2065,OPEN,0.0,5,Short
0x43daceb7e014b2c8f1e1dea64bf293277027181b,OP,1.3221,0.0664,BUY,2023-12-06 10:50:00,0.0678,OPEN,0.0,2,Long
0x7d320effc2b28f577dcd364c61661834374cb1ee,DOGE,0.0696,0.1142,SELL,2023-12-06 11:48:00,0.1068,OPEN,0.0,1,Short
0xc61546b61eada8292e6df67fbf85809118265b37,LINK,6.3704,0.7348,SELL,2023-12-06 13:07:00,-0.3791,CLOSE,2.8,2,Short
0xe2c1562bb67f7a529b76e91f7196d63f54ccddaf,LINK,5.9275,0.413,SELL,2023-12-06 13:38:00,0.0718,CLOSE,-19.89,10,Short
0xc599099a389d38c5d9c8b5481edbeba0598102b1,BTC,22487.2292,0.4387,BUY,2023-12-06 15:28:00,-0.2904,OPEN,0.0,20,Long
0xaa624205b23ee2d620474b557ab013e55b55c926,MATIC,0.9818,1.4601,SELL,2023-12-06 19:58:00,0.2753,OPEN,0.0,20,Short
0x5adebdbe4ffde843c5c0942476dafed98f4081ed,OP,1.466,0.6688,BUY,2023-12-07 01:25:00,0.5773,OPEN,0.0,3,Long
0x987c1d0a09e6109925ce9325a327c9bc34db8d33,MATIC,0.9569,0.4069,SELL,2023-12-07 02:33:00,0.0135,CLOSE,5.01,3,Short
0xa2e1a7b77321268164f1cab8f52cd112cfe0f364,DOGE,0.0743,0.2606,BUY,2023-12-07 06:03:00,0.2477,CLOSE,-14.95,10,Long
0xb4d87bd4dc83166db001549b0f7dd10ed8172a97,ARB,1.2059,0.1083,BUY,2023-12-07 06:30:00,-0.0071,CLOSE,-23.44,10,Long
0x0285eb8e3dcc5302124dd67b15b3a223cf2bd3b2,BNB,207.1112,0.207,SELL,2023-12-07 10:33:00,-0.0115,CLOSE,-9.66,20,Short
0x5f3203e5a82554fb4ff75ee00ec09483e2ae0341,BTC,25031.5136,0.1611,SELL,2023-12-07 15:20:00,-0.1243,OPEN,0.0,5,Short
0x6262afa887ea89b1b66c12e70d25de9412bdf3dd,SOL,22.486,0.9372,SELL,2023-12-07 20:15:00,-0.1555,OPEN,0.0,3,Short
0x525162b29a67219a10418bb3be42f9213b57465d,LINK,5.896,0.1276,BUY,2023-12-07 21:15:00,-0.0374,CLOSE,93.09,50,Long
0x4f4a940690ae223310632fab09b9ce1d1115fe6b,SOL,20.8812,0.0942,BUY,2023-12-07 22:02:00,-0.0179,CLOSE,0.74,20,Long
0xdb5102ee19e81b7181b47ffb28758462bdc6a2f6,SOL,18.4706,0.2117,SELL,2023-12-07 22:34:00,0.0257,OPEN,0.0,5,Short
0x987c1d0a09e6109925ce9325a327c9bc34db8d33,SOL,20.0527,1.1038,SELL,2023-12-07 22:37:00,-0.8684,CLOSE,-81.44,50,Short
0x43daceb7e014b2c8f1e1dea64bf293277027181b,ARB,1.246,0.2112,BUY,2023-12-07 23:47:00,0.1067,OPEN,0.0,3,Long
0x4ccba13ed55148644802487bce53eb55921ba0fe,ETH,1535.7253,0.7295,SELL,2023-12-08 01:33:00,-0.3101,OPEN,0.0,2,Short
0x24a05b6a280881d9f48b32588c8c89018988a3b9,MATIC,0.9656,0.3946,BUY,2023-12-08 02:03:00,0.1369,CLOSE,4.87,2,Long
0x987c1d0a09e6109925ce9325a327c9bc34db8d33,LINK,6.0036,0.7949,SELL,2023-12-08 02:53:00,0.3313,CLOSE,2.19,5,Short
0x6772ce2c78ad77d185e724baf3c73fc855e0c397,LINK,5.5581,0.1048,BUY,2023-12-08 03:58:00,-0.0117,CLOSE,-32.64,10,Long
0x6262afa887ea89b1b66c12e70d25de9412bdf3dd,LINK,6.2241,0.482,SELL,2023-12-08 07:24:00,0.2272,CLOSE,-4.06,5,Short
0x0285eb8e3dcc5302124dd67b15b3a223cf2bd3b2,MATIC,0.827,0.249,BUY,2023-12-08 11:28:00,0.0455,OPEN,0.0,1,Long
0x47484e135be5cc29287e7165fb9c975996f6a214,DOGE,0.0672,0.1277,BUY,2023-12-08 15:27:00,-0.1081,CLOSE,0.17,1,Long
0xb77e6e8c09d1faa2d9fa8746ce75c51abe7252be,MATIC,0.9006,0.672,SELL,2023-12-08 22:04:00,0.1894,OPEN,0.0,2,Short
0xd070b332429151e576014d456b91028526f824b6,SOL,20.2305,2.3329,SELL,2023-12-09 01:20:00,-0.2226,CLOSE,-3.22,1,Short
0x7968a5f8676e6b77d71e6dadf79e40929b9c9eb0,AVAX,15.0337,0.2809,BUY,2023-12-09 06:33:00,0.1657,CLOSE,-0.84,1,Long
0xee391c2f221fd53d6a55604791a2377121504c19,ETH,1584.7729,0.1769,SELL,2023-12-09 12:25:00,0.1235,CLOSE,-7.56,3,Short
0x75e3bcbec520c0c454921cf1afac79214071ba6e,OP,1.4323,0.5196,BUY,2023-12-09 12:53:00,0.246,CLOSE,-8.51,5,Long
0x5a1966353c437c4a9bafc506875acdf42fc8ff65,BNB,203.8107,0.4729,SELL,2023-12-09 17:04:00,-0.1737,CLOSE,-3.21,1,Short
0xd45a1cd4a5790cb05bf8c66c9c2a4154c047bb63,OP,1.4891,0.4867,BUY,2023-12-09 19:17:00,-0.0056,CLOSE,13.29,5,Long
0xe2c1562bb67f7a529b76e91f7196d63f54ccddaf,LINK,6.0692,0.4729,BUY,2023-12-09 21:35:00,0.1206,CLOSE,-27.05,20,Long
0xc4dea9884019946f0c0617e568292cdd487b5de4,BTC,24799.4758,0.0304,SELL,2023-12-09 22:44:00,0.038,CLOSE,0.04,1,Short
0x37d65217f9a89b91d3d82602fe21b9178f03dce8,ARB,1.2954,0.243,BUY,2023-12-09 23:51:00,-0.1575,CLOSE,-1.28,5,Long
0x9f46469dacc43d56c35b79bae4905b54b673b96f,BTC,25686.9704,0.0546,BUY,2023-12-10 01:12:00,-0.0347,CLOSE,0.19,1,Long
0x6ae91f9044b365bc545fbaefecc120afb3f0e0b8,AVAX,15.3071,0.7704,SELL,2023-12-10 01:38:00,0.4789,OPEN,0.0,10,Short
0x0328d5d04ef6b199bde888fc75394a7e49cbb2e3,OP,1.6018,0.0633,BUY,2023-12-10 02:16:00,0.0078,CLOSE,-2.74,3,Long
0xbdd2a8dc587fa386779f90becc9694c9586d3ce5,MATIC,0.9598,0.1138,BUY,2023-12-10 06:12:00,0.0081,OPEN,0.0,1,Long
0x525162b29a67219a10418bb3be42f9213b57465d,ETH,1441.5005,0.3328,SELL,2023-12-10 06:38:00,-0.0738,OPEN,0.0,2,Short
0x4f4a940690ae223310632fab09b9ce1d1115fe6b,BTC,25322.615,0.1414,SELL,2023-12-10 07:26:00,-0.0816,CLOSE,-3.2,5,Short
0x8528643b6c996c090947e88b00fe1763200c3698,BTC,26372.0785,0.5496,SELL,2023-12-10 08:47:00,-0.4029,CLOSE,10.85,10,Short
0x79734a87ec5efa730c4a5d0ff563bac34e411e6b,AVAX,13.7656,0.1175,BUY,2023-12-10 09:27:00,-0.1054,OPEN,0.0,2,Long
0x4939835272851ed4624ebeef2cd55b020d083576,MATIC,0.9242,0.3592,BUY,2023-12-10 14:21:00,-0.0475,CLOSE,110.81,20,Long
0x2fb4e305fa7f9e99b4f649c36ab6f03349f63204,DOGE,0.0714,1.0413,BUY,2023-12-10 14:31:00,-0.5281,OPEN,0.0,1,Long
0xa2a2e9a7468bbcd27e0f039d47476b02aac10637,AVAX,14.528,0.5473,SELL,2023-12-10 14:39:00,0.1599,CLOSE,49.97,50,Short
0xb77e6e8c09d1faa2d9fa8746ce75c51abe7252be,BNB,185.2884,1.1936,BUY,2023-12-10 16:40:00,-0.0888,CLOSE,2.12,2,Long
0x47484e135be5cc29287e7165fb9c975996f6a214,SOL,20.4026,0.4005,SELL,2023-12-10 18:03:00,-0.1921,OPEN,0.0,1,Short
0x5adebdbe4ffde843c5c0942476dafed98f4081ed,AVAX,12.8898,0.3992,BUY,2023-12-10 23:29:00,-0.3752,OPEN,0.0,3,Long
0x7968a5f8676e6b77d71e6dadf79e40929b9c9eb0,LINK,6.3546,0.0224,BUY,2023-12-11 02:09:00,-0.0195,CLOSE,-3.49,2,Long
0x0285eb8e3dcc5302124dd67b15b3a223cf2bd3b2,ETH,1523.5828,0.011,SELL,2023-12-11 02:10:00,0.0017,CLOSE,1.44,5,Short
0x4ccba13ed55148644802487bce53eb55921ba0fe,OP,1.3353,0.749,SELL,2023-12-11 02:27:00,0.0055,CLOSE,-40.34,50,Short
0x5a1966353c437c4a9bafc506875acdf42fc8ff65,BTC,24259.5551,0.3133,SELL,2023-12-11 03:00:00,0.0194,OPEN,0.0,5,Short
0x37d65217f9a89b91d3d82602fe21b9178f03dce8,LINK,5.9347,0.7049,BUY,2023-12-11 03:34:00,0.3873,CLOSE,-3.58,5,Long
0x4aed548b0ad2ad42d36a65fc9fbb736529027373,MATIC,0.9319,0.2733,BUY,2023-12-11 05:26:00,0.0597,CLOSE,0.91,1,Long
0xb77e6e8c09d1faa2d9fa8746ce75c51abe7252be,ETH,1471.2077,0.7078,BUY,2023-12-11 07:11:00,0.4477,OPEN,0.0,5,Long
0x4379bda828db78e0c9e1b8c145905c0b109af197,MATIC,0.9542,0.1327,SELL,2023-12-11 10:57:00,0.0801,OPEN,0.0,50,Short
0x5f3203e5a82554fb4ff75ee00ec09483e2ae0341,MATIC,0.9022,0.0589,BUY,2023-12-11 15:21:00,-0.0398,OPEN,0.0,50,Long
0x79734a87ec5efa730c4a5d0ff563bac34e411e6b,MATIC,0.9307,0.6948,SELL,2023-12-11 16:55:00,0.22,CLOSE,-24.57,20,Short
0xee391c2f221fd53d6a55604791a2377121504c19,ARB,1.2426,0.0789,BUY,2023-12-11 17:54:00,0.0105,OPEN,0.0,1,Long
0xc599099a389d38c5d9c8b5481edbeba0598102b1,LINK,5.8863,0.0548,BUY,2023-12-11 18:49:00,-0.0056,CLOSE,-42.03,20,Long
0x1df10b04fc8b7bb56232fbf467593f3d4db7f636,BTC,25461.2705,0.0115,SELL,2023-12-11 21:56:00,0.0007,CLOSE,0.39,1,Short
0xebf28c699b1e7f2ad3e31316d86da0df789a475b,AVAX,13.8247,0.1516,SELL,2023-12-11 22:51:00,-0.0015,CLOSE,-15.9,50,Short
0x78af6c0c766c104d1e512e617f991e02976ce472,ARB,1.0355,0.1488,BUY,2023-12-11 23:52:00,0.0193,CLOSE,-8.54,5,Long
0x6ae91f9044b365bc545fbaefecc120afb3f0e0b8,ETH,1774.1642,0.0472,BUY,2023-12-12 02:20:00,-0.0265,CLOSE,6.11,20,Long
0xc61546b61eada8292e6df67fbf85809118265b37,DOGE,0.0736,0.7669,BUY,2023-12-12 03:52:00,-0.3534,OPEN,0.0,3,Long
0xf547770f567ab48950b47158a6efc236cb73d8c1,SOL,20.7065,0.5904,SELL,2023-12-12 05:05:00,-0.3244,OPEN,0.0,3,Short
0x75e3bcbec520c0c454921cf1afac79214071ba6e,SOL,18.2994,1.3088,BUY,2023-12-12 05:26:00,-0.4808,CLOSE,5.58,2,Long
0x4939835272851ed4624ebeef2cd55b020d083576,ARB,1.2294,0.1186,BUY,2023-12-12 06:00:00,0.028,CLOSE,16.13,10,Long
0x26e94b906f96d22acf1132f3c95ef725e7f49365,AVAX,13.5867,0.046,BUY,2023-12-12 06:27:00,0.0004,OPEN,0.0,2,Long
0xee391c2f221fd53d6a55604791a2377121504c19,OP,1.4815,0.1792,SELL,2023-12-12 06:27:00,0.0659,OPEN,0.0,5,Short
0xb2ad781ab883a8f93650bcd708f6c9529a07f690,SOL,21.1549,0.0523,BUY,2023-12-12 08:49:00,0.0034,OPEN,0.0,10,Long
0x37d65217f9a89b91d3d82602fe21b9178f03dce8,DOGE,0.0727,0.605,SELL,2023-12-13 00:03:00,-0.4314,CLOSE,20.79,10,Short
0xb973994ea6148c341bff47f5e9721ff9029420df,SOL,19.66,0.0587,SELL,2023-12-13 03:11:00,0.0573,CLOSE,0.46,2,Short
0x75e3bcbec520c0c454921cf1afac79214071ba6e,BNB,204.1163,1.1495,BUY,2023-12-13 06:06:00,-0.1008,CLOSE,1.01,1,Long
0xb2ad781ab883a8f93650bcd708f6c9529a07f690,ETH,1680.2853,0.3671,SELL,2023-12-13 07:41:00,0.1204,OPEN,0.0,5,Short
0x525162b29a67219a10418bb3be42f9213b57465d,LINK,5.6826,1.6396,SELL,2023-12-13 08:38:00,0.1798,OPEN,0.0,20,Short
0xb2ad781ab883a8f93650bcd708f6c9529a07f690,LINK,6.1134,2.7567,SELL,2023-12-13 09:00:00,-0.2719,CLOSE,-14.84,20,Short
0xc599099a389d38c5d9c8b5481edbeba0598102b1,DOGE,0.0776,0.5485,BUY,2023-12-13 10:14:00,-0.1661,CLOSE,13.06,20,Long
0xeea684c1f340e7d01d339e94e345a318e63f4345,BTC,26730.0196,0.5103,SELL,2023-12-13 10:27:00,0.1497,CLOSE,224.05,50,Short
0x7968a5f8676e6b77d71e6dadf79e40929b9c9eb0,ETH,1493.9304,0.9335,BUY,2023-12-13 15:03:00,-0.6267,OPEN,0.0,1,Long
0xc4dea9884019946f0c0617e568292cdd487b5de4,BTC,22186.081,0.067,BUY,2023-12-13 15:47:00,0.0394,OPEN,0.0,10,Long
0x2fb4e305fa7f9e99b4f649c36ab6f03349f63204,DOGE,0.0696,0.8113,BUY,2023-12-13 16:56:00,-0.5687,OPEN,0.0,3,Long
0x4ccba13ed55148644802487bce53eb55921ba0fe,LINK,6.1785,0.5096,BUY,2023-12-13 23:41:00,-0.4566,CLOSE,-2.38,3,Long
0x1df10b04fc8b7bb56232fbf467593f3d4db7f636,LINK,5.4334,0.5975,SELL,2023-12-14 00:55:00,0.0649,CLOSE,-62.15,20,Short
0xb2ad781ab883a8f93650bcd708f6c9529a07f690,OP,1.441,0.0754,SELL,2023-12-14 05:02:00,0.0245,CLOSE,-0.59,1,Short
0x6ae91f9044b365bc545fbaefecc120afb3f0e0b8,BTC,25334.689,0.2579,SELL,2023-12-14 10:33:00,-0.0114,CLOSE,26.3,5,Short
0x7968a5f8676e6b77d71e6dadf79e40929b9c9eb0,SOL,18.2572,0.9126,BUY,2023-12-14 12:01:00,-0.6587,OPEN,0.0,5,Long
0xa2e1a7b77321268164f1cab8f52cd112cfe0f364,AVAX,12.2554,0.0275,SELL,2023-12-14 12:19:00,-0.0092,CLOSE,2.73,5,Short
0x0f2f77b9475059e62105e77b8d130a7cd6f85ea9,OP,1.4738,1.7443,BUY,2023-12-14 12:40:00,-0.5621,OPEN,0.0,5,Long
0x646d2815b93dc22b981b7152e79d208287e60827,ARB,1.0703,0.2572,SELL,2023-12-14 13:05:00,0.1583,OPEN,0.0,5,Short
0xc87fa1c370a4cdce8a3de02aecd8246696f21820,DOGE,0.0676,0.098,BUY,2023-12-14 16:54:00,0.0505,CLOSE,-0.66,1,Long
0x6262afa887ea89b1b66c12e70d25de9412bdf3dd,SOL,20.085,0.4084,BUY,2023-12-14 18:03:00,-0.1756,OPEN,0.0,5,Long
0x9f46469dacc43d56c35b79bae4905b54b673b96f,LINK,6.7581,0.1523,BUY,2023-12-14 18:21:00,-0.0273,CLOSE,2.63,2,Long
0x4aed548b0ad2ad42d36a65fc9fbb736529027373,ETH,1493.7085,0.147,SELL,2023-12-14 19:06:00,-0.0418,OPEN,0.0,3,Short
0x1d186cb24f764ddad17b04d51d4a66b0c92ad716,ETH,1727.4497,0.4271,BUY,2023-12-14 19:54:00,-0.164,OPEN,0.0,50,Long
0xee391c2f221fd53d6a55604791a2377121504c19,MATIC,0.8534,0.3591,SELL,2023-12-14 20:06:00,-0.0336,CLOSE,-3.75,1,Short
0xea061b83a2dc03d04b9b22920149ea6f5465fa27,OP,1.5801,1.3597,SELL,2023-12-15 01:41:00,0.4107,CLOSE,-0.11,1,Short
0xe2c1562bb67f7a529b76e91f7196d63f54ccddaf,AVAX,14.5475,0.7236,BUY,2023-12-15 02:10:00,-0.2861,OPEN,0.0,3,Long
0x987c1d0a09e6109925ce9325a327c9bc34db8d33,ARB,1.1196,1.2184,SELL,2023-12-15 04:45:00,-0.1948,CLOSE,-19.97,20,Short
0x2d1a95b8825f9bbc7b309def655febd63cc1029d,ETH,1746.3464,0.1183,SELL,2023-12-15 08:54:00,0.0299,CLOSE,2.31,2,Short
0x2d1a95b8825f9bbc7b309def655febd63cc1029d,ARB,1.299,0.9975,BUY,2023-12-15 10:26:00,-0.3138,OPEN,0.0,10,Long
0x987c1d0a09e6109925ce9325a327c9bc34db8d33,MATIC,0.9537,0.6204,BUY,2023-12-15 13:02:00,0.4738,OPEN,0.0,20,Long
0xf547770f567ab48950b47158a6efc236cb73d8c1,OP,1.5199,0.1735,SELL,2023-12-15 16:56:00,0.0122,OPEN,0.0,1,Short
0x0af6790523dd0af40c1c3a03a4c1a0df6067eba2,DOGE,0.0776,2.4164,SELL,2023-12-15 18:28:00,-0.0165,OPEN,0.0,20,Short
0xdaae4227dfe85b6068adba35a50dd7a2e75f34fe,MATIC,0.8508,0.0181,SELL,2023-12-15 18:49:00,-0.0133,OPEN,0.0,20,Short
0x14fb2d0de7f331f4ab61b71a9d5c4c8e4ef8c0e5,ETH,1501.636,0.2614,BUY,2023-12-15 21:07:00,0.0649,CLOSE,0.12,3,Long
0xb973994ea6148c341bff47f5e9721ff9029420df,MATIC,0.9066,1.0891,BUY,2023-12-16 04:13:00,-0.0611,CLOSE,-78.7,50,Long
0xebf28c699b1e7f2ad3e31316d86da0df789a475b,ARB,1.2714,0.8783,BUY,2023-12-16 04:38:00,0.1091,CLOSE,12.81,50,Long
0x7d320effc2b28f577dcd364c61661834374cb1ee,SOL,19.9082,1.7197,SELL,2023-12-16 08:05:00,-0.7602,OPEN,0.0,50,Short
0x75e3bcbec520c0c454921cf1afac79214071ba6e,BTC,24646.7708,0.135,SELL,2023-12-16 11:04:00,-0.0285,CLOSE,7.2,20,Short
0x744cb7ef9bc0528b331a9c8cbdd555eeda37cf0e,BTC,27168.5399,0.0182,BUY,2023-12-16 14:05:00,-0.0082,CLOSE,4.89,2,Long
0x5f3203e5a82554fb4ff75ee00ec09483e2ae0341,MATIC,0.8965,0.8114,BUY,2023-12-16 14:31:00,0.3304,CLOSE,-87.75,50,Long
0xb429f0db71443a6dc3b6dd7fc8a7ccec4aa6dfca,SOL,19.1791,0.505,SELL,2023-12-16 15:18:00,-0.2793,CLOSE,5.85,50,Short
0x7968a5f8676e6b77d71e6dadf79e40929b9c9eb0,OP,1.5538,0.8952,BUY,2023-12-16 15:49:00,0.1146,CLOSE,20.65,10,Long
0x78af6c0c766c104d1e512e617f991e02976ce472,ARB,1.1627,0.1163,BUY,2023-12-16 17:01:00,0.0501,OPEN,0.0,20,Long
0xb5165416bd5e31205f5eebdb26cd1592ebddca2e,LINK,6.1806,0.0265,SELL,2023-12-16 22:08:00,0.0056,CLOSE,213.08,50,Short
0x5d4e187b0ea64e520ab88273cce8678ddb6803c8,MATIC,0.9051,0.2839,SELL,2023-12-17 01:46:00,0.0342,CLOSE,8.44,5,Short
0x987c1d0a09e6109925ce9325a327c9bc34db8d33,SOL,19.0684,0.58,SELL,2023-12-17 02:09:00,0.5854,CLOSE,4.51,3,Short
0xd070b332429151e576014d456b91028526f824b6,ARB,1.176,1.1373,BUY,2023-12-17 04:37:00,-0.4237,CLOSE,-0.22,1,Long
0xeebc475a7fbdf24e9a015d16ca79c7f443e7ab81,BNB,226.8232,0.5258,SELL,2023-12-17 06:44:00,-0.4131,CLOSE,-5.29,3,Short
0xedbe03d7cf3f6121ea929dfa1841270856f03d2b,DOGE,0.0685,0.8347,BUY,2023-12-17 07:00:00,0.1735,OPEN,0.0,1,Long
0x744c9dcc29d0c40a3d305d66bb7cf1e724333f73,OP,1.6278,1.8467,BUY,2023-12-17 07:37:00,0.6069,OPEN,0.0,3,Long
0xdb5102ee19e81b7181b47ffb28758462bdc6a2f6,DOGE,0.0695,0.9996,SELL,2023-12-17 07:44:00,-0.6978,CLOSE,205.19,50,Short
0xcfd86a92699b4e78a9d76f77c3658a5933d981e1,DOGE,0.0775,0.4152,BUY,2023-12-17 10:51:00,-0.1937,OPEN,0.0,10,Long
0x4aed548b0ad2ad42d36a65fc9fbb736529027373,ETH,1624.584,0.6741,BUY,2023-12-17 13:53:00,-0.2122,OPEN,0.0,50,Long
0x79734a87ec5efa730c4a5d0ff563bac34e411e6b,MATIC,0.9165,1.2544,SELL,2023-12-17 18:25:00,1.9422,OPEN,0.0,2,Short
0x6262afa887ea89b1b66c12e70d25de9412bdf3dd,ARB,1.1857,1.2264,SELL,2023-12-17 19:28:00,0.8543,CLOSE,3.56,2,Short
0xb429f0db71443a6dc3b6dd7fc8a7ccec4aa6dfca,ETH,1538.3826,0.135,SELL,2023-12-17 22:21:00,-0.0591,CLOSE,-1.64,3,Short
0x5adebdbe4ffde843c5c0942476dafed98f4081ed,MATIC,0.8636,2.3367,SELL,2023-12-17 22:29:00,-1.4619,OPEN,0.0,5,Short
0x744c9dcc29d0c40a3d305d66bb7cf1e724333f73,OP,1.4697,0.1557,BUY,2023-12-18 00:09:00,0.0001,CLOSE,-5.89,10,Long
0x9f46469dacc43d56c35b79bae4905b54b673b96f,ARB,1.2526,0.1077,BUY,2023-12-18 04:01:00,0.0402,CLOSE,26.41,20,Long
0x2d1a95b8825f9bbc7b309def655febd63cc1029d,BTC,26975.1676,0.932,SELL,2023-12-18 05:29:00,0.1573,CLOSE,-36.19,50,Short
0x5f3203e5a82554fb4ff75ee00ec09483e2ae0341,OP,1.5143,0.1005,BUY,2023-12-18 07:37:00,0.0054,OPEN,0.0,50,Long
0xc87fa1c370a4cdce8a3de02aecd8246696f21820,DOGE,0.0685,0.8601,SELL,2023-12-18 08:05:00,0.2407,OPEN,0.0,20,Short
0x6262afa887ea89b1b66c12e70d25de9412bdf3dd,ARB,1.1496,0.149,SELL,2023-12-18 10:17:00,0.0911,CLOSE,4.49,20,Short
0xdb5102ee19e81b7181b47ffb28758462bdc6a2f6,OP,1.4599,0.0518,BUY,2023-12-18 10:21:00,0.003,CLOSE,2.0,1,Long
0xc599099a389d38c5d9c8b5481edbeba0598102b1,SOL,20.0741,0.2625,BUY,2023-12-18 10:59:00,0.1288,CLOSE,15.23,20,Long
0x3be2f0013aec35a8fd588a7ee15b7c917e04dd75,SOL,20.6954,0.3124,BUY,2023-12-18 11:45:00,0.1839,CLOSE,7.47,20,Long
0x24a05b6a280881d9f48b32588c8c89018988a3b9,DOGE,0.077,1.3866,SELL,2023-12-18 12:48:00,-0.5315,OPEN,0.0,5,Short
0x26e94b906f96d22acf1132f3c95ef725e7f49365,SOL,19.1792,0.4572,SELL,2023-12-18 13:53:00,0.1008,CLOSE,7.48,10,Short
0x26e94b906f96d22acf1132f3c95ef725e7f49365,OP,1.4823,0.7057,BUY,2023-12-18 16:46:00,0.2626,CLOSE,-8.75,3,Long
0x3be2f0013aec35a8fd588a7ee15b7c917e04dd75,BTC,25575.0529,0.4908,BUY,2023-12-18 20:03:00,-0.0546,CLOSE,0.71,3,Long
0xeebc475a7fbdf24e9a015d16ca79c7f443e7ab81,SOL,20.6982,1.1459,BUY,2023-12-18 20:34:00,-0.3477,OPEN,0.0,50,Long
0x3be2f0013aec35a8fd588a7ee15b7c917e04dd75,DOGE,0.0698,0.0782,BUY,2023-12-18 20:54:00,0.0284,OPEN,0.0,1,Long
0x2e380d92bab460b09297a542e4b0198e2c87e43c,OP,1.546,0.4792,SELL,2023-12-18 21:31:00,0.2726,OPEN,0.0,3,Short
0x26e94b906f96d22acf1132f3c95ef725e7f49365,AVAX,14.0087,0.1636,SELL,2023-12-18 22:11:00,0.2217,CLOSE,1.14,1,Short
0xaa624205b23ee2d620474b557ab013e55b55c926,BTC,24902.6149,0.2589,BUY,2023-12-18 23:04:00,0.1222,OPEN,0.0,5,Long
0xaa624205b23ee2d620474b557ab013e55b55c926,ETH,1594.5489,0.3349,BUY,2023-12-18 23:06:00,0.0385,CLOSE,8.52,3,Long
0xd070b332429151e576014d456b91028526f824b6,DOGE,0.067,0.0468,SELL,2023-12-19 01:01:00,0.0172,OPEN,0.0,50,Short
0x525162b29a67219a10418bb3be42f9213b57465d,DOGE,0.0666,0.1746,SELL,2023-12-19 02:53:00,0.1508,CLOSE,-3.41,2,Short
0x2fb4e305fa7f9e99b4f649c36ab6f03349f63204,MATIC,0.926,0.2834,SELL,2023-12-19 03:46:00,0.173,OPEN,0.0,3,Short
0x5cc6e86a6eb53b1f13feb35d2a7d10c872850f05,AVAX,13.3322,0.1048,SELL,2023-12-19 04:23:00,0.0396,CLOSE,-17.19,50,Short
0x0e414a03aedcefa5c05276b7aa873350baf6378b,DOGE,0.0733,1.1078,BUY,2023-12-19 05:24:00,-1.0545,CLOSE,-2.6,3,Long
0xbb4e5487f3cf95039e0674754240ffcd91dcb7b6,MATIC,0.7964,0.1983,BUY,2023-12-19 08:34:00,-0.0365,OPEN,0.0,5,Long
0x3be2f0013aec35a8fd588a7ee15b7c917e04dd75,ARB,1.2787,1.0925,BUY,2023-12-19 08:39:00,-0.1225,OPEN,0.0,5,Long
0x453dd2d9eed5ff86eb409796ee5f1e1d285c33d4,BTC,25121.1223,1.7507,BUY,2023-12-19 09:39:00,-0.8739,CLOSE,52.12,20,Long
0x23be95267b9414f864c908abccf5f987e42ce22c,DOGE,0.0713,0.3253,BUY,2023-12-19 18:38:00,-0.2129,OPEN,0.0,3,Long
0xe921971dbc1ec5636c7872b4ccfded69e5a45abe,LINK,6.3081,1.0632,BUY,2023-12-19 19:32:00,-0.2521,OPEN,0.0,10,Long
0xb77e6e8c09d1faa2d9fa8746ce75c51abe7252be,MATIC,0.9019,0.0481,BUY,2023-12-19 19:53:00,-0.0232,OPEN,0.0,3,Long
0x9f46469dacc43d56c35b79bae4905b54b673b96f,MATIC,0.8081,0.056,SELL,2023-12-19 19:59:00,-0.0075,OPEN,0.0,20,Short
0x4ccba13ed55148644802487bce53eb55921ba0fe,MATIC,0.9307,0.1653,BUY,2023-12-19 22:57:00,0.1526,OPEN,0.0,3,Long
0x43daceb7e014b2c8f1e1dea64bf293277027181b,BTC,25219.4416,1.1421,BUY,2023-12-20 03:26:00,-0.4009,OPEN,0.0,1,Long
0x78af6c0c766c104d1e512e617f991e02976ce472,SOL,21.1068,0.2335,BUY,2023-12-20 04:09:00,0.0484,OPEN,0.0,2,Long
0xdb5102ee19e81b7181b47ffb28758462bdc6a2f6,MATIC,0.9386,1.1248,BUY,2023-12-20 04:45:00,0.2054,OPEN,0.0,10,Long
0xc87fa1c370a4cdce8a3de02aecd8246696f21820,MATIC,0.8813,0.4939,SELL,2023-12-20 05:03:00,0.2385,OPEN,0.0,1,Short
0x4aed548b0ad2ad42d36a65fc9fbb736529027373,LINK,5.5644,0.0747,BUY,2023-12-20 05:57:00,0.0256,CLOSE,0.37,1,Long
0xc61546b61eada8292e6df67fbf85809118265b37,ETH,1474.4422,0.0368,SELL,2023-12-20 10:08:00,0.0054,OPEN,0.0,2,Short
0x925c717311ca9170b4ac3e9b636d21179e3359dd,BTC,24190.9492,0.7815,SELL,2023-12-20 11:08:00,-0.023,CLOSE,-3.58,3,Short
0x2d1a95b8825f9bbc7b309def655febd63cc1029d,ARB,1.0864,0.2595,BUY,2023-12-20 11:26:00,0.0404,OPEN,0.0,1,Long
0xb77e6e8c09d1faa2d9fa8746ce75c51abe7252be,BTC,23269.4711,1.2034,BUY,2023-12-20 14:51:00,0.3968,CLOSE,7.27,2,Long
0x987c1d0a09e6109925ce9325a327c9bc34db8d33,OP,1.4951,0.2552,BUY,2023-12-20 16:38:00,0.2529,CLOSE,147.27,50,Long
0x6772ce2c78ad77d185e724baf3c73fc855e0c397,MATIC,0.9027,0.609,BUY,2023-12-20 19:03:00,-0.3585,CLOSE,51.85,50,Long
0xc4dea9884019946f0c0617e568292cdd487b5de4,OP,1.4847,0.6238,BUY,2023-12-20 20:25:00,-0.3087,OPEN,0.0,1,Long
0x9f46469dacc43d56c35b79bae4905b54b673b96f,ARB,1.1984,0.8214,SELL,2023-12-20 21:13:00,0.1635,OPEN,0.0,50,Short
0x0f2f77b9475059e62105e77b8d130a7cd6f85ea9,ETH,1730.8038,0.4345,SELL,2023-12-21 02:34:00,0.1356,OPEN,0.0,50,Short
0x646d2815b93dc22b981b7152e79d208287e60827,BTC,28051.5698,0.4281,BUY,2023-12-21 04:52:00,0.1305,OPEN,0.0,5,Long
0x4ccba13ed55148644802487bce53eb55921ba0fe,OP,1.5056,0.3228,BUY,2023-12-21 10:55:00,-0.0834,CLOSE,-14.65,50,Long
0xee391c2f221fd53d6a55604791a2377121504c19,MATIC,0.7725,0.1988,BUY,2023-12-21 12:05:00,0.1351,OPEN,0.0,50,Long
0xb429f0db71443a6dc3b6dd7fc8a7ccec4aa6dfca,ETH,1629.0479,0.2586,BUY,2023-12-21 12:59:00,-0.1037,OPEN,0.0,50,Long
0x7968a5f8676e6b77d71e6dadf79e40929b9c9eb0,DOGE,0.0739,0.1209,SELL,2023-12-21 14:38:00,0.0876,OPEN,0.0,20,Short
0x925c717311ca9170b4ac3e9b636d21179e3359dd,ARB,1.1914,0.8079,BUY,2023-12-21 15:26:00,0.0684,CLOSE,-3.85,1,Long
0xbb4e5487f3cf95039e0674754240ffcd91dcb7b6,ETH,1607.4417,0.6119,BUY,2023-12-21 15:54:00,0.2807,CLOSE,3.18,3,Long
0x7d320effc2b28f577dcd364c61661834374cb1ee,BNB,198.0428,1.0357,BUY,2023-12-21 17:30:00,-0.3386,CLOSE,-9.26,20,Long
0x0e414a03aedcefa5c05276b7aa873350baf6378b,BNB,222.6639,1.0001,BUY,2023-12-21 18:19:00,0.0062,OPEN,0.0,10,Long
0x3be2f0013aec35a8fd588a7ee15b7c917e04dd75,AVAX,13.9174,0.0534,BUY,2023-12-21 22:17:00,0.0058,OPEN,0.0,5,Long
0x75e3bcbec520c0c454921cf1afac79214071ba6e,MATIC,0.8689,0.716,SELL,2023-12-22 00:51:00,-0.0428,OPEN,0.0,20,Short
0x0328d5d04ef6b199bde888fc75394a7e49cbb2e3,MATIC,0.8439,0.092,SELL,2023-12-22 01:05:00,-0.0525,CLOSE,25.61,20,Short
0xb4d87bd4dc83166db001549b0f7dd10ed8172a97,LINK,5.7461,0.0725,BUY,2023-12-22 02:15:00,0.0336,OPEN,0.0,50,Long
0x893c0ce1b001bed43dbe9f36ff779cf9df99e513,LINK,5.3233,0.0441,SELL,2023-12-22 03:22:00,0.0095,OPEN,0.0,10,Short
0xebf28c699b1e7f2ad3e31316d86da0df789a475b,BNB,196.5139,1.5174,BUY,2023-12-22 04:57:00,1.1197,OPEN,0.0,50,Long
0x744cb7ef9bc0528b331a9c8cbdd555eeda37cf0e,LINK,6.0652,0.5998,SELL,2023-12-22 07:11:00,-0.0093,CLOSE,41.07,10,Short
0x30cf07144e7941c6c51824aa794607d5a2f34311,BTC,25022.8501,0.9557,BUY,2023-12-22 10:46:00,-0.6543,OPEN,0.0,50,Long
0x0285eb8e3dcc5302124dd67b15b3a223cf2bd3b2,OP,1.6599,0.3789,BUY,2023-12-22 13:57:00,0.1267,CLOSE,-7.68,3,Long
0x4aed548b0ad2ad42d36a65fc9fbb736529027373,ARB,1.2527,1.0361,BUY,2023-12-22 18:31:00,-1.0024,CLOSE,-9.94,50,Long
0x5f3203e5a82554fb4ff75ee00ec09483e2ae0341,ETH,1657.587,0.1141,SELL,2023-12-23 04:31:00,0.0825,OPEN,0.0,1,Short
0xc4dea9884019946f0c0617e568292cdd487b5de4,LINK,6.4923,0.5601,SELL,2023-12-23 06:44:00,0.135,OPEN,0.0,3,Short
0x78af6c0c766c104d1e512e617f991e02976ce472,DOGE,0.0765,0.578,BUY,2023-12-23 10:25:00,-0.0541,CLOSE,6.5,3,Long
0x2e380d92bab460b09297a542e4b0198e2c87e43c,SOL,19.7341,0.3087,SELL,2023-12-23 12:34:00,0.086,CLOSE,-5.27,3,Short
0xeea684c1f340e7d01d339e94e345a318e63f4345,BNB,218.5176,0.043,BUY,2023-12-23 12:45:00,-0.0323,CLOSE,-4.37,3,Long
0x0e414a03aedcefa5c05276b7aa873350baf6378b,ETH,1741.8153,1.6375,BUY,2023-12-23 17:03:00,1.0297,OPEN,0.0,10,Long
0x6ae91f9044b365bc545fbaefecc120afb3f0e0b8,OP,1.4907,0.5633,SELL,2023-12-24 01:58:00,-0.0595,OPEN,0.0,20,Short
0xcfd86a92699b4e78a9d76f77c3658a5933d981e1,ETH,1810.7378,0.721,BUY,2023-12-24 03:53:00,-0.324,CLOSE,-12.8,5,Long
0x3be2f0013aec35a8fd588a7ee15b7c917e04dd75,MATIC,0.8907,1.1193,BUY,2023-12-24 05:02:00,1.4161,OPEN,0.0,3,Long
0x9c453737aa43460414e9164eba11d3f5579cf2f1,OP,1.486,0.3977,SELL,2023-12-24 07:09:00,-0.0874,OPEN,0.0,10,Short
0x26e94b906f96d22acf1132f3c95ef725e7f49365,SOL,19.3602,0.2556,SELL,2023-12-24 07:44:00,-0.0204,CLOSE,-1.45,2,Short
0xb77e6e8c09d1faa2d9fa8746ce75c51abe7252be,MATIC,0.938,1.3716,SELL,2023-12-24 09:11:00,0.4258,CLOSE,2.52,1,Short
0xe921971dbc1ec5636c7872b4ccfded69e5a45abe,ARB,1.1231,1.2456,SELL,2023-12-24 10:31:00,-0.4664,CLOSE,0.6,1,Short
0x1df10b04fc8b7bb56232fbf467593f3d4db7f636,ARB,1.1499,0.3737,SELL,2023-12-24 11:55:00,-0.1558,CLOSE,-12.6,10,Short
0x75e3bcbec520c0c454921cf1afac79214071ba6e,ETH,1820.7728,0.0871,SELL,2023-12-24 13:01:00,-0.0322,CLOSE,9.4,5,Short
0x744c9dcc29d0c40a3d305d66bb7cf1e724333f73,ETH,1750.2946,0.6928,BUY,2023-12-24 16:05:00,-0.0014,OPEN,0.0,1,Long
0x6ae91f9044b365bc545fbaefecc120afb3f0e0b8,LINK,6.3738,0.2902,BUY,2023-12-24 16:51:00,-0.0356,OPEN,0.0,1,Long
0x5d4e187b0ea64e520ab88273cce8678ddb6803c8,SOL,18.7504,0.0477,SELL,2023-12-24 19:14:00,-0.0085,CLOSE,0.84,1,Short
0xcfd86a92699b4e78a9d76f77c3658a5933d981e1,OP,1.5448,0.2791,SELL,2023-12-25 00:35:00,-0.1586,OPEN,0.0,10,Short
0xe2c1562bb67f7a529b76e91f7196d63f54ccddaf,DOGE,0.0681,0.7543,BUY,2023-12-25 01:00:00,0.3841,CLOSE,-5.46,5,Long
0x5a1966353c437c4a9bafc506875acdf42fc8ff65,ARB,1.2593,1.4556,BUY,2023-12-25 02:11:00,0.3256,CLOSE,-1.45,1,Long
0xc599099a389d38c5d9c8b5481edbeba0598102b1,BNB,203.4119,0.0324,SELL,2023-12-25 03:06:00,0.0012,OPEN,0.0,50,Short
0x893c0ce1b001bed43dbe9f36ff779cf9df99e513,ARB,1.3089,1.1657,SELL,2023-12-25 03:35:00,0.4099,OPEN,0.0,5,Short
0x6ae91f9044b365bc545fbaefecc120afb3f0e0b8,BNB,210.2101,0.6132,SELL,2023-12-25 04:31:00,0.2311,CLOSE,-2.27,20,Short
0x646d2815b93dc22b981b7152e79d208287e60827,LINK,5.8903,0.7634,SELL,2023-12-25 05:17:00,0.1925,OPEN,0.0,2,Short
0x6ae91f9044b365bc545fbaefecc120afb3f0e0b8,DOGE,0.0707,0.4312,BUY,2023-12-25 16:35:00,0.0699,CLOSE,13.97,3,Long
0xaa624205b23ee2d620474b557ab013e55b55c926,AVAX,14.567,0.1996,SELL,2023-12-25 17:55:00,-0.1187,CLOSE,67.71,20,Short
0x3be2f0013aec35a8fd588a7ee15b7c917e04dd75,AVAX,13.9499,0.3888,SELL,2023-12-25 21:21:00,-0.0072,CLOSE,-0.32,2,Short
0x37d65217f9a89b91d3d82602fe21b9178f03dce8,AVAX,14.4095,0.7236,BUY,2023-12-26 00:56:00,0.2213,CLOSE,-2.31,2,Long
0x14fb2d0de7f331f4ab61b71a9d5c4c8e4ef8c0e5,ARB,1.2744,0.1689,BUY,2023-12-26 02:03:00,0.1153,OPEN,0.0,50,Long
0x0e414a03aedcefa5c05276b7aa873350baf6378b,MATIC,0.9429,0.4507,BUY,2023-12-26 02:37:00,-0.301,CLOSE,13.11,3,Long
0x23be95267b9414f864c908abccf5f987e42ce22c,ETH,1566.4452,0.2168,SELL,2023-12-26 02:41:00,-0.1506,CLOSE,1.4,2,Short
0x0285eb8e3dcc5302124dd67b15b3a223cf2bd3b2,MATIC,0.8505,1.3238,BUY,2023-12-26 03:40:00,-0.0715,CLOSE,2.73,3,Long
0x893c0ce1b001bed43dbe9f36ff779cf9df99e513,LINK,5.9017,0.1393,SELL,2023-12-26 04:13:00,0.0887,OPEN,0.0,5,Short
0x925c717311ca9170b4ac3e9b636d21179e3359dd,SOL,19.2018,0.288,SELL,2023-12-26 07:06:00,0.1467,CLOSE,0.06,1,Short
0x4939835272851ed4624ebeef2cd55b020d083576,SOL,21.1176,0.1563,BUY,2023-12-26 10:06:00,-0.0151,OPEN,0.0,10,Long
0x09fceb2336574e225ea891b132998c73f4696abe,BTC,26440.6713,0.2245,SELL,2023-12-26 11:28:00,-0.061,OPEN,0.0,10,Short
0x4f4a940690ae223310632fab09b9ce1d1115fe6b,MATIC,0.9101,0.078,SELL,2023-12-26 18:30:00,0.0196,CLOSE,2.35,1,Short
0x26e94b906f96d22acf1132f3c95ef725e7f49365,DOGE,0.0708,0.3267,BUY,2023-12-26 19:03:00,0.2601,OPEN,0.0,2,Long
0x9c453737aa43460414e9164eba11d3f5579cf2f1,AVAX,14.0404,0.1992,BUY,2023-12-26 22:55:00,0.059,OPEN,0.0,2,Long
0xdaae4227dfe85b6068adba35a50dd7a2e75f34fe,BNB,205.3044,0.4732,SELL,2023-12-27 02:38:00,-0.3499,OPEN,0.0,2,Short
0x6772ce2c78ad77d185e724baf3c73fc855e0c397,DOGE,0.0648,0.3175,SELL,2023-12-27 05:18:00,-0.1458,CLOSE,12.38,3,Short
0x2fb4e305fa7f9e99b4f649c36ab6f03349f63204,SOL,20.5709,0.5581,BUY,2023-12-27 22:30:00,-0.2524,CLOSE,5.9,3,Long
0xaa624205b23ee2d620474b557ab013e55b55c926,AVAX,12.8715,0.7988,SELL,2023-12-27 23:34:00,0.0088,OPEN,0.0,50,Short
0x744cb7ef9bc0528b331a9c8cbdd555eeda37cf0e,DOGE,0.0754,0.6723,SELL,2023-12-28 04:34:00,0.4605,CLOSE,3.93,5,Short
0x925c717311ca9170b4ac3e9b636d21179e3359dd,BNB,211.2059,0.3677,BUY,2023-12-28 05:11:00,-0.0854,OPEN,0.0,1,Long
0xb5165416bd5e31205f5eebdb26cd1592ebddca2e,DOGE,0.0672,1.616,SELL,2023-12-28 05:38:00,-0.0626,CLOSE,3.86,5,Short
0xb5165416bd5e31205f5eebdb26cd1592ebddca2e,LINK,5.9878,0.3812,BUY,2023-12-28 08:17:00,0.6437,OPEN,0.0,50,Long
0x4379bda828db78e0c9e1b8c145905c0b109af197,SOL,18.2788,0.6011,BUY,2023-12-28 09:11:00,-0.2753,CLOSE,-7.13,5,Long
0x9c453737aa43460414e9164eba11d3f5579cf2f1,SOL,19.8783,0.4659,SELL,2023-12-28 09:30:00,0.0442,OPEN,0.0,20,Short
0x26e94b906f96d22acf1132f3c95ef725e7f49365,BTC,25223.3939,0.6163,SELL,2023-12-28 10:27:00,-0.0536,OPEN,0.0,2,Short
0x2e380d92bab460b09297a542e4b0198e2c87e43c,LINK,6.5304,0.0189,SELL,2023-12-28 11:19:00,0.0091,CLOSE,-35.9,50,Short
0x47484e135be5cc29287e7165fb9c975996f6a214,BTC,23908.238,0.1182,SELL,2023-12-28 14:27:00,-0.0099,CLOSE,-1.69,2,Short
0x925c717311ca9170b4ac3e9b636d21179e3359dd,OP,1.4266,2.9124,SELL,2023-12-28 22:52:00,-0.4095,CLOSE,-1.25,3,Short
0xa2e1a7b77321268164f1cab8f52cd112cfe0f364,ETH,1487.1788,0.3483,SELL,2023-12-28 23:12:00,0.2627,CLOSE,-3.8,2,Short
0x5f3203e5a82554fb4ff75ee00ec09483e2ae0341,ETH,1625.562,1.0892,BUY,2023-12-28 23:52:00,0.9006,CLOSE,15.95,5,Long
0xc4dea9884019946f0c0617e568292cdd487b5de4,BNB,205.8913,0.9846,SELL,2023-12-29 01:34:00,-0.4759,CLOSE,-2.03,5,Short
0x5d4e187b0ea64e520ab88273cce8678ddb6803c8,DOGE,0.072,0.3332,SELL,2023-12-29 01:52:00,-0.2921,CLOSE,54.33,50,Short
0x925c717311ca9170b4ac3e9b636d21179e3359dd,DOGE,0.0713,0.9789,BUY,2023-12-29 02:23:00,0.7514,OPEN,0.0,5,Long
0xdaae4227dfe85b6068adba35a50dd7a2e75f34fe,ETH,1622.5281,0.2803,BUY,2023-12-29 09:32:00,0.0065,CLOSE,16.05,50,Long
0x5cc6e86a6eb53b1f13feb35d2a7d10c872850f05,BNB,220.2928,0.0295,BUY,2023-12-29 10:08:00,0.0378,OPEN,0.0,5,Long
0x43daceb7e014b2c8f1e1dea64bf293277027181b,SOL,19.7335,1.3687,SELL,2023-12-29 14:17:00,-0.2439,CLOSE,-7.58,10,Short
0xb973994ea6148c341bff47f5e9721ff9029420df,MATIC,0.9572,0.1454,SELL,2023-12-29 14:19:00,0.0274,CLOSE,3.94,3,Short
0x14fb2d0de7f331f4ab61b71a9d5c4c8e4ef8c0e5,DOGE,0.0745,0.3341,SELL,2023-12-29 15:32:00,-0.4053,OPEN,0.0,5,Short
0x987c1d0a09e6109925ce9325a327c9bc34db8d33,LINK,5.7178,0.4061,BUY,2023-12-29 16:01:00,0.2727,CLOSE,-3.61,10,Long
0x6ae91f9044b365bc545fbaefecc120afb3f0e0b8,BTC,23419.142,0.0381,BUY,2023-12-29 17:58:00,0.0291,OPEN,0.0,10,Long
0xb77e6e8c09d1faa2d9fa8746ce75c51abe7252be,AVAX,14.3335,0.4718,BUY,2023-12-29 22:31:00,-0.0362,OPEN,0.0,1,Long
0xbdd2a8dc587fa386779f90becc9694c9586d3ce5,ARB,1.1888,0.9396,SELL,2023-12-29 23:33:00,0.1456,OPEN,0.0,10,Short
0xea061b83a2dc03d04b9b22920149ea6f5465fa27,BNB,228.8125,0.4066,SELL,2023-12-30 03:45:00,-0.2685,OPEN,0.0,2,Short
0xb5165416bd5e31205f5eebdb26cd1592ebddca2e,ARB,1.2021,0.6234,SELL,2023-12-30 04:33:00,-0.113,CLOSE,-3.28,3,Short
0x47484e135be5cc29287e7165fb9c975996f6a214,SOL,20.352,0.1409,SELL,2023-12-30 06:11:00,-0.0454,CLOSE,-3.96,5,Short
0x47484e135be5cc29287e7165fb9c975996f6a214,BNB,214.7592,0.5926,SELL,2023-12-30 10:28:00,-0.0613,CLOSE,-98.1,50,Short
0x0f2f77b9475059e62105e77b8d130a7cd6f85ea9,BNB,189.2174,0.4443,SELL,2023-12-30 17:31:00,0.1661,OPEN,0.0,3,Short
0xdb5102ee19e81b7181b47ffb28758462bdc6a2f6,SOL,19.5991,0.1082,SELL,2023-12-30 17:54:00,0.0441,OPEN,0.0,5,Short
0xc87fa1c370a4cdce8a3de02aecd8246696f21820,DOGE,0.069,0.5927,SELL,2023-12-30 18:22:00,-0.108,CLOSE,83.0,20,Short
0x646d2815b93dc22b981b7152e79d208287e60827,SOL,21.8182,0.0546,BUY,2023-12-30 20:01:00,0.0186,OPEN,0.0,20,Long
0x37d65217f9a89b91d3d82602fe21b9178f03dce8,BTC,25850.359,0.3263,SELL,2023-12-30 20:17:00,-0.1889,CLOSE,-6.23,3,Short
0x0e414a03aedcefa5c05276b7aa873350baf6378b,DOGE,0.0705,0.0338,SELL,2023-12-30 22:10:00,0.0113,CLOSE,-7.42,10,Short
0x30cf07144e7941c6c51824aa794607d5a2f34311,ETH,1590.913,0.4816,SELL,2023-12-31 02:27:00,-0.0921,OPEN,0.0,3,Short
0x2e380d92bab460b09297a542e4b0198e2c87e43c,BTC,24429.3784,0.3488,SELL,2023-12-31 02:55:00,0.224,CLOSE,-0.69,2,Short
0x6ae91f9044b365bc545fbaefecc120afb3f0e0b8,BNB,213.0432,0.2933,BUY,2023-12-31 05:39:00,-0.0735,OPEN,0.0,2,Long
0x9c453737aa43460414e9164eba11d3f5579cf2f1,MATIC,0.9032,0.2495,BUY,2023-12-31 06:31:00,-0.0155,CLOSE,18.34,10,Long
0x4aed548b0ad2ad42d36a65fc9fbb736529027373,BNB,200.9887,0.7941,SELL,2023-12-31 08:18:00,-0.2169,CLOSE,-0.32,3,Short
0x75e3bcbec520c0c454921cf1afac79214071ba6e,ETH,1534.1253,0.3716,SELL,2023-12-31 09:14:00,0.1957,CLOSE,-44.45,50,Short
0x1df10b04fc8b7bb56232fbf467593f3d4db7f636,ETH,1591.8294,0.4769,BUY,2023-12-31 10:04:00,0.2361,CLOSE,2.27,2,Long
0x4379bda828db78e0c9e1b8c145905c0b109af197,DOGE,0.0649,0.0107,BUY,2023-12-31 13:53:00,0.0053,CLOSE,-5.21,2,Long
0x893c0ce1b001bed43dbe9f36ff779cf9df99e513,AVAX,14.2366,0.3569,SELL,2023-12-31 14:23:00,-0.1057,CLOSE,-0.59,5,Short
0x744c9dcc29d0c40a3d305d66bb7cf1e724333f73,OP,1.5844,0.0357,BUY,2023-12-31 19:18:00,-0.0035,OPEN,0.0,20,Long
0xf547770f567ab48950b47158a6efc236cb73d8c1,BTC,23436.9903,0.2041,BUY,2024-01-01 01:19:00,0.0617,CLOSE,1.04,1,Long
0x925c717311ca9170b4ac3e9b636d21179e3359dd,OP,1.3424,0.5596,SELL,2024-01-01 03:20:00,0.822,OPEN,0.0,50,Short
0xdaae4227dfe85b6068adba35a50dd7a2e75f34fe,BTC,24635.3828,0.5864,SELL,2024-01-01 07:43:00,-0.2995,OPEN,0.0,20,Short
0xd070b332429151e576014d456b91028526f824b6,ARB,1.2552,0.0776,SELL,2024-01-02 10:40:00,-0.0411,OPEN,0.0,50,Short
0xa2e1a7b77321268164f1cab8f52cd112cfe0f364,AVAX,13.6619,0.1589,SELL,2024-01-02 11:52:00,0.0117,OPEN,0.0,5,Short
0x09fceb2336574e225ea891b132998c73f4696abe,BTC,24815.4968,0.1601,SELL,2024-01-02 13:23:00,0.0827,CLOSE,-0.58,2,Short
0xebf28c699b1e7f2ad3e31316d86da0df789a475b,ARB,1.2536,1.0153,BUY,2024-01-02 13:33:00,0.9288,CLOSE,-4.61,10,Long
0xd45a1cd4a5790cb05bf8c66c9c2a4154c047bb63,ETH,1460.5335,0.4169,BUY,2024-01-02 15:02:00,0.2274,OPEN,0.0,3,Long
0x2fb4e305fa7f9e99b4f649c36ab6f03349f63204,LINK,5.6312,1.6927,SELL,2024-01-02 16:40:00,0.005,OPEN,0.0,5,Short
0x2e380d92bab460b09297a542e4b0198e2c87e43c,AVAX,13.0357,0.1206,BUY,2024-01-02 18:48:00,0.1025,OPEN,0.0,50,Long
0x1df10b04fc8b7bb56232fbf467593f3d4db7f636,DOGE,0.0723,0.1599,SELL,2024-01-02 21:25:00,-0.0125,OPEN,0.0,20,Short
0x37d65217f9a89b91d3d82602fe21b9178f03dce8,OP,1.5311,0.1911,BUY,2024-01-03 00:53:00,0.0216,OPEN,0.0,50,Long
0xc599099a389d38c5d9c8b5481edbeba0598102b1,ETH,1591.1693,0.0958,SELL,2024-01-03 01:18:00,0.0023,OPEN,0.0,50,Short
0x0f2f77b9475059e62105e77b8d130a7cd6f85ea9,AVAX,13.8622,0.0771,SELL,2024-01-03 01:28:00,-0.0699,CLOSE,-3.6,2,Short
0x78af6c0c766c104d1e512e617f991e02976ce472,AVAX,13.5935,0.0312,SELL,2024-01-03 01:38:00,-0.0095,OPEN,0.0,10,Short
0xc87fa1c370a4cdce8a3de02aecd8246696f21820,DOGE,0.0736,0.1416,SELL,2024-01-03 03:58:00,0.1242,CLOSE,2.74,20,Short
0x4939835272851ed4624ebeef2cd55b020d083576,ARB,1.2399,0.2198,BUY,2024-01-03 05:32:00,0.2133,OPEN,0.0,50,Long
0x24a05b6a280881d9f48b32588c8c89018988a3b9,SOL,21.2551,0.7225,BUY,2024-01-03 06:02:00,0.2481,OPEN,0.0,3,Long
0xd45a1cd4a5790cb05bf8c66c9c2a4154c047bb63,BNB,207.3584,0.6231,BUY,2024-01-03 07:03:00,0.6805,CLOSE,12.41,10,Long
0x525162b29a67219a10418bb3be42f9213b57465d,DOGE,0.0742,0.8347,SELL,2024-01-03 11:05:00,-0.5123,CLOSE,7.71,5,Short
0x5d4e187b0ea64e520ab88273cce8678ddb6803c8,MATIC,0.9349,0.85,SELL,2024-01-03 12:31:00,0.0002,CLOSE,-0.28,1,Short
0xbb4e5487f3cf95039e0674754240ffcd91dcb7b6,SOL,19.6929,0.1594,BUY,2024-01-03 14:11:00,0.0957,OPEN,0.0,20,Long
0xea061b83a2dc03d04b9b22920149ea6f5465fa27,SOL,20.3888,0.3337,BUY,2024-01-03 14:31:00,-0.1959,OPEN,0.0,2,Long
0x744cb7ef9bc0528b331a9c8cbdd555eeda37cf0e,AVAX,14.4287,0.2115,BUY,2024-01-03 22:37:00,-0.0596,OPEN,0.0,2,Long
0x0e414a03aedcefa5c05276b7aa873350baf6378b,DOGE,0.0703,0.4019,BUY,2024-01-04 03:32:00,-0.0338,OPEN,0.0,2,Long
0x0f2f77b9475059e62105e77b8d130a7cd6f85ea9,ETH,1626.7871,0.2707,BUY,2024-01-04 05:46:00,0.3973,CLOSE,-20.47,10,Long
0x30cf07144e7941c6c51824aa794607d5a2f34311,MATIC,0.9042,0.2017,BUY,2024-01-04 06:07:00,0.0671,CLOSE,3.64,20,Long
0x5d4e187b0ea64e520ab88273cce8678ddb6803c8,BTC,25447.9306,0.286,SELL,2024-01-04 08:18:00,-0.1711,OPEN,0.0,10,Short
0x5cc6e86a6eb53b1f13feb35d2a7d10c872850f05,BNB,200.409,0.1042,BUY,2024-01-04 08:23:00,-0.0009,CLOSE,1.73,3,Long
0xb2ad781ab883a8f93650bcd708f6c9529a07f690,LINK,6.2745,0.1,BUY,2024-01-04 08:35:00,-0.0851,CLOSE,-3.07,3,Long
0x4379bda828db78e0c9e1b8c145905c0b109af197,SOL,20.1705,0.8743,BUY,2024-01-04 18:15:00,-0.0109,OPEN,0.0,1,Long
0x8528643b6c996c090947e88b00fe1763200c3698,SOL,18.5846,0.0738,BUY,2024-01-04 19:07:00,-0.0155,CLOSE,10.06,10,Long
0x893c0ce1b001bed43dbe9f36ff779cf9df99e513,ETH,1749.5253,0.2905,SELL,2024-01-04 19:25:00,-0.1096,OPEN,0.0,10,Short
0xf547770f567ab48950b47158a6efc236cb73d8c1,DOGE,0.0696,1.4864,SELL,2024-01-04 22:52:00,-0.3539,CLOSE,8.03,2,Short
0xb4d87bd4dc83166db001549b0f7dd10ed8172a97,DOGE,0.0719,0.3591,SELL,2024-01-05 01:25:00,-0.1912,OPEN,0.0,50,Short
0xb4d87bd4dc83166db001549b0f7dd10ed8172a97,DOGE,0.0675,0.1585,BUY,2024-01-05 06:50:00,0.06,OPEN,0.0,2,Long
0xb429f0db71443a6dc3b6dd7fc8a7ccec4aa6dfca,BTC,26402.6986,1.2114,SELL,2024-01-05 07:51:00,0.7027,OPEN,0.0,20,Short
0x5d4e187b0ea64e520ab88273cce8678ddb6803c8,AVAX,13.2904,1.1227,SELL,2024-01-05 12:13:00,0.7825,OPEN,0.0,1,Short
0x09fceb2336574e225ea891b132998c73f4696abe,DOGE,0.0682,0.7287,BUY,2024-01-05 12:15:00,-0.7157,CLOSE,-7.74,20,Long
0x6262afa887ea89b1b66c12e70d25de9412bdf3dd,BNB,193.2091,0.929,BUY,2024-01-05 14:37:00,-0.1889,OPEN,0.0,2,Long
0x0285eb8e3dcc5302124dd67b15b3a223cf2bd3b2,ETH,1670.6885,0.4778,BUY,2024-01-05 14:47:00,-0.3264,CLOSE,-35.15,50,Long
0x4f4a940690ae223310632fab09b9ce1d1115fe6b,MATIC,0.9132,0.2096,BUY,2024-01-05 15:48:00,0.0872,CLOSE,-0.28,1,Long
0xaa624205b23ee2d620474b557ab013e55b55c926,SOL,20.6486,0.1347,SELL,2024-01-05 16:07:00,0.0665,CLOSE,0.59,1,Short
0xb973994ea6148c341bff47f5e9721ff9029420df,MATIC,0.959,1.0984,SELL,2024-01-05 16:47:00,0.9501,OPEN,0.0,3,Short
0x6772ce2c78ad77d185e724baf3c73fc855e0c397,MATIC,0.9124,0.4984,BUY,2024-01-06 00:32:00,0.2498,CLOSE,-3.64,5,Long
0x3be2f0013aec35a8fd588a7ee15b7c917e04dd75,ETH,1568.1954,0.4637,BUY,2024-01-06 01:06:00,-0.1027,CLOSE,7.39,3,Long
0xedbe03d7cf3f6121ea929dfa1841270856f03d2b,SOL,19.4272,0.4587,BUY,2024-01-06 01:29:00,0.3386,OPEN,0.0,2,Long
0x14fb2d0de7f331f4ab61b71a9d5c4c8e4ef8c0e5,SOL,20.3398,0.1486,BUY,2024-01-06 03:57:00,-0.0005,OPEN,0.0,20,Long
0xd45a1cd4a5790cb05bf8c66c9c2a4154c047bb63,LINK,6.1787,0.3081,SELL,2024-01-06 07:17:00,0.0643,OPEN,0.0,50,Short
0x6ae91f9044b365bc545fbaefecc120afb3f0e0b8,ARB,1.3115,0.098,BUY,2024-01-06 11:52:00,0.1259,OPEN,0.0,2,Long
0x43daceb7e014b2c8f1e1dea64bf293277027181b,BTC,25954.9317,0.2611,SELL,2024-01-06 12:33:00,-0.0059,CLOSE,37.72,10,Short
0x2e380d92bab460b09297a542e4b0198e2c87e43c,OP,1.5494,0.0824,BUY,2024-01-06 12:39:00,-0.103,CLOSE,-6.05,5,Long
0x2e380d92bab460b09297a542e4b0198e2c87e43c,SOL,21.3385,0.2001,BUY,2024-01-06 15:23:00,-0.0308,OPEN,0.0,1,Long
0x26e94b906f96d22acf1132f3c95ef725e7f49365,OP,1.5841,0.8298,BUY,2024-01-06 15:46:00,0.0951,CLOSE,9.08,10,Long
0x4aed548b0ad2ad42d36a65fc9fbb736529027373,BNB,202.8736,0.3109,SELL,2024-01-06 17:35:00,-0.0501,CLOSE,1.7,1,Short
0xeebc475a7fbdf24e9a015d16ca79c7f443e7ab81,BTC,25395.3422,1.1284,SELL,2024-01-06 18:29:00,0.7708,CLOSE,14.66,5,Short
0x6ae91f9044b365bc545fbaefecc120afb3f0e0b8,AVAX,13.395,0.8056,BUY,2024-01-06 19:14:00,0.4574,CLOSE,-5.88,2,Long
0x0285eb8e3dcc5302124dd67b15b3a223cf2bd3b2,OP,1.3861,1.5415,BUY,2024-01-06 22:34:00,-0.0565,OPEN,0.0,1,Long
0xc61546b61eada8292e6df67fbf85809118265b37,BTC,24264.5749,0.1302,BUY,2024-01-06 22:49:00,0.0591,CLOSE,51.17,20,Long
0xb973994ea6148c341bff47f5e9721ff9029420df,BNB,216.0434,0.0677,BUY,2024-01-06 23:58:00,0.015,OPEN,0.0,1,Long
0xedbe03d7cf3f6121ea929dfa1841270856f03d2b,ARB,1.1826,0.1843,SELL,2024-01-07 01:56:00,0.0652,CLOSE,3.23,5,Short
0xb973994ea6148c341bff47f5e9721ff9029420df,MATIC,0.9629,0.4447,SELL,2024-01-07 02:21:00,0.1875,OPEN,0.0,10,Short
0xc87fa1c370a4cdce8a3de02aecd8246696f21820,OP,1.5008,0.6008,SELL,2024-01-07 04:29:00,0.1739,OPEN,0.0,3,Short
0xc4dea9884019946f0c0617e568292cdd487b5de4,OP,1.435,0.9368,BUY,2024-01-07 06:40:00,-0.0139,OPEN,0.0,2,Long
0xedbe03d7cf3f6121ea929dfa1841270856f03d2b,LINK,5.7056,0.0444,BUY,2024-01-07 11:25:00,-0.0312,OPEN,0.0,20,Long
0xc4dea9884019946f0c0617e568292cdd487b5de4,SOL,21.4961,1.1512,BUY,2024-01-07 13:23:00,-0.274,CLOSE,-5.77,20,Long
0x79734a87ec5efa730c4a5d0ff563bac34e411e6b,AVAX,14.1718,0.5841,BUY,2024-01-07 14:27:00,-0.106,OPEN,0.0,2,Long
0x4aed548b0ad2ad42d36a65fc9fbb736529027373,ETH,1549.4871,0.1961,BUY,2024-01-07 20:05:00,0.0229,CLOSE,86.67,20,Long
0xc4dea9884019946f0c0617e568292cdd487b5de4,SOL,20.5665,0.1617,BUY,2024-01-07 20:54:00,-0.1675,OPEN,0.0,10,Long
0xc61546b61eada8292e6df67fbf85809118265b37,SOL,20.5623,0.4364,BUY,2024-01-07 22:45:00,0.1257,OPEN,0.0,2,Long
0x0af6790523dd0af40c1c3a03a4c1a0df6067eba2,AVAX,14.9988,0.078,SELL,2024-01-08 01:04:00,-0.0049,OPEN,0.0,1,Short
0x5f3203e5a82554fb4ff75ee00ec09483e2ae0341,BNB,216.2569,0.7358,SELL,2024-01-08 01:14:00,0.3469,OPEN,0.0,20,Short
0xd45a1cd4a5790cb05bf8c66c9c2a4154c047bb63,AVAX,14.3783,0.0118,SELL,2024-01-08 01:40:00,0.0114,OPEN,0.0,1,Short
0xdaae4227dfe85b6068adba35a50dd7a2e75f34fe,AVAX,14.4991,0.0624,BUY,2024-01-08 01:47:00,0.0254,CLOSE,-35.62,20,Long
0x0328d5d04ef6b199bde888fc75394a7e49cbb2e3,AVAX,13.3948,0.0178,SELL,2024-01-08 02:50:00,0.0151,OPEN,0.0,2,Short
0xaa624205b23ee2d620474b557ab013e55b55c926,MATIC,0.9132,0.0125,SELL,2024-01-08 07:30:00,-0.0045,OPEN,0.0,20,Short
0x5cc6e86a6eb53b1f13feb35d2a7d10c872850f05,AVAX,13.3343,0.0306,BUY,2024-01-08 07:51:00,0.0106,CLOSE,-4.79,5,Long
0x6ae91f9044b365bc545fbaefecc120afb3f0e0b8,OP,1.5023,0.1095,SELL,2024-01-08 09:43:00,-0.0423,CLOSE,14.07,10,Short
0xea061b83a2dc03d04b9b22920149ea6f5465fa27,ARB,1.3237,0.8457,BUY,2024-01-08 12:05:00,0.177,CLOSE,-4.47,5,Long
0xd45a1cd4a5790cb05bf8c66c9c2a4154c047bb63,ARB,1.1822,0.1868,BUY,2024-01-08 12:23:00,-0.023,CLOSE,-1.03,5,Long
0x2d1a95b8825f9bbc7b309def655febd63cc1029d,ETH,1648.9309,0.3645,BUY,2024-01-08 15:16:00,0.0121,OPEN,0.0,5,Long
0xe921971dbc1ec5636c7872b4ccfded69e5a45abe,MATIC,0.8676,0.1278,SELL,2024-01-08 16:06:00,-0.0719,OPEN,0.0,5,Short
0x525162b29a67219a10418bb3be42f9213b57465d,OP,1.5369,0.4779,SELL,2024-01-09 04:44:00,-0.3751,CLOSE,2.48,10,Short
0xea061b83a2dc03d04b9b22920149ea6f5465fa27,SOL,20.2271,0.4609,BUY,2024-01-09 05:36:00,-0.0178,OPEN,0.0,1,Long
0x30cf07144e7941c6c51824aa794607d5a2f34311,DOGE,0.0659,0.9523,BUY,2024-01-09 07:05:00,0.5461,OPEN,0.0,1,Long
0xcfd86a92699b4e78a9d76f77c3658a5933d981e1,DOGE,0.0666,0.9616,BUY,2024-01-09 12:31:00,-0.2041,OPEN,0.0,20,Long
0x37d65217f9a89b91d3d82602fe21b9178f03dce8,MATIC,0.9285,0.579,BUY,2024-01-09 15:42:00,-0.1476,CLOSE,-3.43,3,Long
0xb2ad781ab883a8f93650bcd708f6c9529a07f690,ARB,1.165,0.1273,BUY,2024-01-09 16:39:00,0.0661,CLOSE,-0.73,20,Long
0xf547770f567ab48950b47158a6efc236cb73d8c1,SOL,19.5851,0.5026,BUY,2024-01-09 17:28:00,0.3774,OPEN,0.0,3,Long
0x5adebdbe4ffde843c5c0942476dafed98f4081ed,ETH,1663.2607,0.378,BUY,2024-01-09 21:05:00,-0.0042,CLOSE,10.92,2,Long
0xcfd86a92699b4e78a9d76f77c3658a5933d981e1,ETH,1519.7249,0.5003,SELL,2024-01-09 22:08:00,-0.0829,OPEN,0.0,2,Short
0x4aed548b0ad2ad42d36a65fc9fbb736529027373,SOL,19.6267,0.155,SELL,2024-01-09 23:13:00,-0.1451,CLOSE,2.52,1,Short
0x6262afa887ea89b1b66c12e70d25de9412bdf3dd,DOGE,0.0681,0.7011,SELL,2024-01-09 23:48:00,0.6801,CLOSE,137.54,50,Short
0x43daceb7e014b2c8f1e1dea64bf293277027181b,ETH,1717.3906,0.4314,SELL,2024-01-10 00:53:00,0.6389,OPEN,0.0,20,Short
0x47484e135be5cc29287e7165fb9c975996f6a214,ARB,1.3035,0.0391,SELL,2024-01-10 02:34:00,-0.0104,CLOSE,-76.93,50,Short
0xb973994ea6148c341bff47f5e9721ff9029420df,ARB,1.2293,0.1507,SELL,2024-01-10 04:44:00,0.0534,OPEN,0.0,20,Short
0xe2c1562bb67f7a529b76e91f7196d63f54ccddaf,BNB,205.8195,0.2816,SELL,2024-01-10 15:14:00,-0.0862,CLOSE,39.67,50,Short
0x6ae91f9044b365bc545fbaefecc120afb3f0e0b8,BTC,25207.6758,0.0881,BUY,2024-01-10 16:56:00,-0.0506,CLOSE,2.79,2,Long
0xe2f5ee794b96897c7d576413e0148b2e8f9fa655,MATIC,0.8964,0.9407,SELL,2024-01-10 18:24:00,0.4413,OPEN,0.0,1,Short
0x7968a5f8676e6b77d71e6dadf79e40929b9c9eb0,AVAX,14.9646,0.9908,SELL,2024-01-10 23:44:00,1.0645,CLOSE,-2.35,5,Short
0xebf28c699b1e7f2ad3e31316d86da0df789a475b,AVAX,14.1869,0.0557,SELL,2024-01-11 00:03:00,0.0467,CLOSE,-0.13,2,Short
0x1d186cb24f764ddad17b04d51d4a66b0c92ad716,MATIC,0.9378,0.2516,BUY,2024-01-11 04:29:00,0.0261,CLOSE,-9.74,20,Long
0x5cc6e86a6eb53b1f13feb35d2a7d10c872850f05,ARB,1.2923,0.7469,BUY,2024-01-11 07:14:00,1.2594,OPEN,0.0,20,Long
0xea061b83a2dc03d04b9b22920149ea6f5465fa27,DOGE,0.07,0.4533,SELL,2024-01-11 08:36:00,-0.1594,OPEN,0.0,3,Short
0x6ae91f9044b365bc545fbaefecc120afb3f0e0b8,AVAX,13.4209,0.6953,BUY,2024-01-11 10:56:00,0.1713,CLOSE,5.55,20,Long
0x646d2815b93dc22b981b7152e79d208287e60827,DOGE,0.0669,0.4926,BUY,2024-01-11 11:25:00,-0.0393,OPEN,0.0,2,Long
0x987c1d0a09e6109925ce9325a327c9bc34db8d33,MATIC,0.9101,0.5653,BUY,2024-01-11 12:01:00,0.1722,CLOSE,-1.13,2,Long
0xd45a1cd4a5790cb05bf8c66c9c2a4154c047bb63,SOL,19.9615,1.1648,SELL,2024-01-11 16:19:00,-0.951,OPEN,0.0,5,Short
0x4f4a940690ae223310632fab09b9ce1d1115fe6b,OP,1.6848,0.1707,BUY,2024-01-11 18:34:00,-0.0093,CLOSE,7.44,5,Long
0xbb4e5487f3cf95039e0674754240ffcd91dcb7b6,LINK,5.9956,0.4135,SELL,2024-01-11 22:07:00,0.0538,CLOSE,-3.88,1,Short
0x37d65217f9a89b91d3d82602fe21b9178f03dce8,LINK,5.8908,0.0352,BUY,2024-01-11 22:17:00,0.0059,CLOSE,-0.71,2,Long
0x26e94b906f96d22acf1132f3c95ef725e7f49365,SOL,18.9959,0.1699,BUY,2024-01-12 01:59:00,-0.0719,OPEN,0.0,20,Long
0x4aed548b0ad2ad42d36a65fc9fbb736529027373,BTC,24873.503,0.3926,SELL,2024-01-12 10:35:00,0.1247,CLOSE,36.03,50,Short
0x0e414a03aedcefa5c05276b7aa873350baf6378b,BNB,225.8928,0.6196,BUY,2024-01-12 10:51:00,-0.19,OPEN,0.0,5,Long
0x43daceb7e014b2c8f1e1dea64bf293277027181b,BTC,26189.4372,0.1684,BUY,2024-01-12 10:54:00,-0.086,OPEN,0.0,10,Long
0x6262afa887ea89b1b66c12e70d25de9412bdf3dd,AVAX,14.8338,0.2774,BUY,2024-01-12 13:27:00,-0.0421,CLOSE,20.44,5,Long
0xd45a1cd4a5790cb05bf8c66c9c2a4154c047bb63,DOGE,0.0707,0.5741,SELL,2024-01-12 16:43:00,0.0853,CLOSE,-34.57,20,Short
0xe2f5ee794b96897c7d576413e0148b2e8f9fa655,BTC,25559.6203,0.1165,BUY,2024-01-12 23:18:00,-0.0265,OPEN,0.0,1,Long
0xb4d87bd4dc83166db001549b0f7dd10ed8172a97,OP,1.5508,0.231,SELL,2024-01-13 05:43:00,0.1902,OPEN,0.0,10,Short
0xbdd2a8dc587fa386779f90becc9694c9586d3ce5,AVAX,15.9486,0.0366,BUY,2024-01-13 06:15:00,-0.0295,OPEN,0.0,5,Long
0xbb4e5487f3cf95039e0674754240ffcd91dcb7b6,DOGE,0.0665,0.5896,BUY,2024-01-13 06:58:00,-0.2931,CLOSE,73.85,20,Long
0x646d2815b93dc22b981b7152e79d208287e60827,AVAX,14.2273,0.4244,SELL,2024-01-13 11:49:00,0.1018,CLOSE,13.73,50,Short
0x0e414a03aedcefa5c05276b7aa873350baf6378b,BTC,26611.7461,0.0142,SELL,2024-01-13 13:48:00,0.0069,OPEN,0.0,2,Short
0x0f2f77b9475059e62105e77b8d130a7cd6f85ea9,DOGE,0.0728,0.4859,BUY,2024-01-13 13:55:00,0.0078,OPEN,0.0,2,Long
0x4379bda828db78e0c9e1b8c145905c0b109af197,DOGE,0.0658,0.7956,SELL,2024-01-13 15:32:00,-0.1697,CLOSE,-1.59,1,Short
0x30cf07144e7941c6c51824aa794607d5a2f34311,MATIC,0.9079,0.2162,SELL,2024-01-13 17:40:00,-0.0835,CLOSE,-7.47,20,Short
0xf547770f567ab48950b47158a6efc236cb73d8c1,MATIC,0.9629,0.4095,SELL,2024-01-13 19:01:00,-0.0154,OPEN,0.0,50,Short
0x09fceb2336574e225ea891b132998c73f4696abe,ARB,1.2651,1.1095,BUY,2024-01-13 19:46:00,-1.3061,CLOSE,0.68,5,Long
0x925c717311ca9170b4ac3e9b636d21179e3359dd,BNB,194.7765,0.0906,SELL,2024-01-13 20:01:00,-0.0501,CLOSE,7.72,5,Short
0xeea684c1f340e7d01d339e94e345a318e63f4345,LINK,5.5324,1.1543,BUY,2024-01-14 00:27:00,0.1788,CLOSE,4.27,3,Long
0xa2a2e9a7468bbcd27e0f039d47476b02aac10637,SOL,21.5735,0.405,SELL,2024-01-14 00:49:00,-0.0609,CLOSE,11.54,20,Short
0xe2f5ee794b96897c7d576413e0148b2e8f9fa655,ARB,1.2054,0.1724,BUY,2024-01-14 02:01:00,0.0849,OPEN,0.0,2,Long
0xc61546b61eada8292e6df67fbf85809118265b37,ARB,1.2113,0.5494,BUY,2024-01-14 03:39:00,-0.2023,CLOSE,-38.26,50,Long
0xd070b332429151e576014d456b91028526f824b6,BTC,24138.3387,0.2302,SELL,2024-01-14 03:49:00,-0.1623,CLOSE,-5.7,2,Short
0x5a1966353c437c4a9bafc506875acdf42fc8ff65,BNB,175.8715,0.2346,BUY,2024-01-14 07:02:00,0.2477,CLOSE,70.06,20,Long
0x5cc6e86a6eb53b1f13feb35d2a7d10c872850f05,DOGE,0.0729,0.0326,SELL,2024-01-14 09:26:00,-0.0103,OPEN,0.0,3,Short
0x8528643b6c996c090947e88b00fe1763200c3698,MATIC,0.8904,0.1622,BUY,2024-01-14 11:28:00,-0.042,OPEN,0.0,1,Long
0x1d186cb24f764ddad17b04d51d4a66b0c92ad716,LINK,5.884,0.5198,SELL,2024-01-14 12:54:00,-0.3535,CLOSE,5.11,2,Short
0xa2a2e9a7468bbcd27e0f039d47476b02aac10637,BNB,196.693,1.3496,BUY,2024-01-14 14:40:00,-0.4517,OPEN,0.0,1,Long
0xaa624205b23ee2d620474b557ab013e55b55c926,DOGE,0.0709,0.2207,BUY,2024-01-14 17:10:00,0.1111,CLOSE,36.81,50,Long
0xd070b332429151e576014d456b91028526f824b6,BNB,203.0291,0.1014,SELL,2024-01-14 17:13:00,0.0084,OPEN,0.0,2,Short
0xea061b83a2dc03d04b9b22920149ea6f5465fa27,SOL,20.5874,0.1012,BUY,2024-01-14 18:43:00,0.0716,CLOSE,28.11,20,Long
0x2d1a95b8825f9bbc7b309def655febd63cc1029d,MATIC,0.8203,0.1861,SELL,2024-01-14 20:05:00,-0.1144,CLOSE,-29.53,20,Short
0x75e3bcbec520c0c454921cf1afac79214071ba6e,BTC,24963.9966,0.0527,BUY,2024-01-14 21:18:00,-0.035,OPEN,0.0,50,Long
0xb2ad781ab883a8f93650bcd708f6c9529a07f690,BTC,24669.3564,0.1381,BUY,2024-01-14 22:28:00,-0.1384,OPEN,0.0,2,Long
0x79734a87ec5efa730c4a5d0ff563bac34e411e6b,AVAX,13.6589,1.1411,SELL,2024-01-14 22:34:00,0.6834,CLOSE,2.41,3,Short
0xedbe03d7cf3f6121ea929dfa1841270856f03d2b,AVAX,13.5953,1.2078,BUY,2024-01-14 23:00:00,0.1782,CLOSE,-2.36,2,Long
0xb77e6e8c09d1faa2d9fa8746ce75c51abe7252be,OP,1.453,0.3841,SELL,2024-01-15 07:42:00,-0.4568,OPEN,0.0,10,Short
0x5a1966353c437c4a9bafc506875acdf42fc8ff65,ARB,1.2155,0.1222,SELL,2024-01-15 08:11:00,-0.0651,CLOSE,6.89,5,Short
0x43daceb7e014b2c8f1e1dea64bf293277027181b,OP,1.4088,0.112,BUY,2024-01-15 08:59:00,-0.0118,OPEN,0.0,10,Long
0x0af6790523dd0af40c1c3a03a4c1a0df6067eba2,BTC,26429.7959,0.9068,SELL,2024-01-15 11:47:00,0.1929,OPEN,0.0,3,Short
0x1d186cb24f764ddad17b04d51d4a66b0c92ad716,SOL,19.0549,0.2795,SELL,2024-01-15 14:51:00,-0.0352,OPEN,0.0,3,Short
0x744cb7ef9bc0528b331a9c8cbdd555eeda37cf0e,ETH,1462.8286,0.9344,SELL,2024-01-15 16:21:00,0.291,CLOSE,34.93,20,Short
0xbdd2a8dc587fa386779f90becc9694c9586d3ce5,LINK,6.1721,1.7801,SELL,2024-01-15 16:29:00,0.3176,CLOSE,0.93,3,Short
0x3be2f0013aec35a8fd588a7ee15b7c917e04dd75,ETH,1550.6043,0.3974,SELL,2024-01-15 21:42:00,0.1825,OPEN,0.0,20,Short
0xee391c2f221fd53d6a55604791a2377121504c19,AVAX,14.5455,0.2117,SELL,2024-01-16 06:25:00,-0.0041,OPEN,0.0,2,Short
0x987c1d0a09e6109925ce9325a327c9bc34db8d33,MATIC,0.9174,0.3072,SELL,2024-01-16 06:46:00,0.1287,CLOSE,-2.79,1,Short
0xc87fa1c370a4cdce8a3de02aecd8246696f21820,MATIC,0.9415,0.5755,SELL,2024-01-16 09:26:00,-0.0373,CLOSE,154.84,50,Short
0x5a1966353c437c4a9bafc506875acdf42fc8ff65,SOL,18.5723,1.2935,BUY,2024-01-16 11:10:00,0.0045,CLOSE,-1.75,1,Long
0xb973994ea6148c341bff47f5e9721ff9029420df,ARB,1.24,0.3566,BUY,2024-01-16 14:00:00,0.0323,CLOSE,-0.26,2,Long
0x79734a87ec5efa730c4a5d0ff563bac34e411e6b,AVAX,14.1429,0.6911,SELL,2024-01-16 14:28:00,-0.6438,OPEN,0.0,5,Short
0xa2a2e9a7468bbcd27e0f039d47476b02aac10637,ETH,1657.1797,0.7683,SELL,2024-01-16 15:14:00,-0.0898,CLOSE,25.71,20,Short
0xdaae4227dfe85b6068adba35a50dd7a2e75f34fe,ETH,1514.4571,0.5732,BUY,2024-01-16 19:07:00,-0.5121,OPEN,0.0,20,Long
0x0e414a03aedcefa5c05276b7aa873350baf6378b,BNB,214.9492,0.1313,BUY,2024-01-16 19:29:00,0.0002,CLOSE,25.6,10,Long
0xcfd86a92699b4e78a9d76f77c3658a5933d981e1,BNB,207.7019,0.508,SELL,2024-01-16 19:56:00,0.1946,OPEN,0.0,1,Short
0x5adebdbe4ffde843c5c0942476dafed98f4081ed,SOL,19.4226,0.1109,BUY,2024-01-16 23:31:00,0.0827,OPEN,0.0,2,Long
0xa2e1a7b77321268164f1cab8f52cd112cfe0f364,SOL,20.9007,0.6275,BUY,2024-01-17 01:46:00,-0.1864,OPEN,0.0,2,Long
0x6262afa887ea89b1b66c12e70d25de9412bdf3dd,ARB,1.1513,0.8373,SELL,2024-01-17 02:12:00,-0.4664,CLOSE,-1.31,2,Short
0xd070b332429151e576014d456b91028526f824b6,MATIC,0.8766,0.4492,BUY,2024-01-17 06:26:00,-0.0766,OPEN,0.0,2,Long
0x1df10b04fc8b7bb56232fbf467593f3d4db7f636,AVAX,14.0574,0.787,BUY,2024-01-17 10:16:00,-0.1808,CLOSE,-8.0,5,Long
0xb973994ea6148c341bff47f5e9721ff9029420df,AVAX,14.3688,0.0893,SELL,2024-01-17 10:28:00,0.0194,CLOSE,-45.86,50,Short
0xc87fa1c370a4cdce8a3de02aecd8246696f21820,SOL,19.5394,0.6416,BUY,2024-01-17 11:07:00,-0.3982,CLOSE,-3.13,3,Long
0x2e380d92bab460b09297a542e4b0198e2c87e43c,ARB,1.2319,0.4428,BUY,2024-01-17 15:03:00,-0.5409,CLOSE,-9.67,5,Long
0x14fb2d0de7f331f4ab61b71a9d5c4c8e4ef8c0e5,BNB,211.5315,0.2392,BUY,2024-01-17 20:01:00,-0.1064,CLOSE,-7.66,5,Long
0xd45a1cd4a5790cb05bf8c66c9c2a4154c047bb63,SOL,18.9636,0.5722,BUY,2024-01-17 22:35:00,0.455,OPEN,0.0,2,Long
0xa2a2e9a7468bbcd27e0f039d47476b02aac10637,ARB,1.1594,0.7349,BUY,2024-01-18 04:07:00,0.2154,OPEN,0.0,1,Long
0xb5165416bd5e31205f5eebdb26cd1592ebddca2e,SOL,20.4434,0.4552,BUY,2024-01-18 10:54:00,0.0231,CLOSE,257.99,50,Long
0x453dd2d9eed5ff86eb409796ee5f1e1d285c33d4,BNB,224.1664,0.9967,SELL,2024-01-18 11:35:00,0.0122,CLOSE,-4.01,3,Short
0x6121a1650753afb98b8a066940907804424fc225,BNB,212.873,0.2902,BUY,2024-01-18 12:26:00,-0.0871,CLOSE,9.21,10,Long
0xedbe03d7cf3f6121ea929dfa1841270856f03d2b,LINK,6.1525,0.6512,BUY,2024-01-18 13:13:00,-0.4185,OPEN,0.0,2,Long
0xe2f5ee794b96897c7d576413e0148b2e8f9fa655,OP,1.4966,0.1828,BUY,2024-01-18 16:23:00,-0.0876,CLOSE,-5.21,2,Long
0x0e414a03aedcefa5c05276b7aa873350baf6378b,ETH,1488.3369,0.2545,BUY,2024-01-18 17:36:00,0.0752,OPEN,0.0,5,Long
0x5cc6e86a6eb53b1f13feb35d2a7d10c872850f05,BNB,208.357,0.8618,BUY,2024-01-18 23:13:00,-0.6514,OPEN,0.0,10,Long
0x4aed548b0ad2ad42d36a65fc9fbb736529027373,ETH,1671.1233,0.8516,SELL,2024-01-19 00:49:00,0.4492,OPEN,0.0,3,Short
0xc599099a389d38c5d9c8b5481edbeba0598102b1,AVAX,14.0326,0.2554,BUY,2024-01-19 01:16:00,-0.0665,CLOSE,0.86,2,Long
0xee391c2f221fd53d6a55604791a2377121504c19,ARB,1.1144,0.089,BUY,2024-01-19 01:43:00,-0.0239,CLOSE,1.41,1,Long
0x6262afa887ea89b1b66c12e70d25de9412bdf3dd,ARB,1.229,0.4462,BUY,2024-01-19 03:52:00,0.0851,OPEN,0.0,3,Long
0x646d2815b93dc22b981b7152e79d208287e60827,LINK,6.205,0.4491,BUY,2024-01-19 06:30:00,-0.047,OPEN,0.0,20,Long
0x4939835272851ed4624ebeef2cd55b020d083576,ETH,1503.8957,0.0172,BUY,2024-01-19 06:59:00,0.006,CLOSE,4.03,3,Long
0x37d65217f9a89b91d3d82602fe21b9178f03dce8,AVAX,12.9684,1.7407,BUY,2024-01-19 13:53:00,0.2741,CLOSE,10.6,20,Long
0x30cf07144e7941c6c51824aa794607d5a2f34311,ARB,1.2002,0.3342,BUY,2024-01-19 13:55:00,0.0858,CLOSE,197.22,50,Long
0xeebc475a7fbdf24e9a015d16ca79c7f443e7ab81,OP,1.3916,0.4328,SELL,2024-01-19 14:44:00,0.62,OPEN,0.0,10,Short
0x2d1a95b8825f9bbc7b309def655febd63cc1029d,LINK,6.5161,0.0602,BUY,2024-01-19 15:23:00,-0.0107,CLOSE,2.59,5,Long
0xb2ad781ab883a8f93650bcd708f6c9529a07f690,BNB,210.1142,0.3115,SELL,2024-01-19 17:26:00,0.0874,OPEN,0.0,2,Short
0xb77e6e8c09d1faa2d9fa8746ce75c51abe7252be,BNB,209.1271,0.7123,BUY,2024-01-19 17:26:00,-0.2496,CLOSE,4.83,5,Long
0xeea684c1f340e7d01d339e94e345a318e63f4345,SOL,19.5477,0.4682,BUY,2024-01-19 18:23:00,-0.5674,CLOSE,10.74,5,Long
0x2e380d92bab460b09297a542e4b0198e2c87e43c,AVAX,14.8995,0.285,SELL,2024-01-19 18:30:00,-0.0222,OPEN,0.0,50,Short
0x4379bda828db78e0c9e1b8c145905c0b109af197,MATIC,0.9662,0.0553,SELL,2024-01-19 18:55:00,0.0403,OPEN,0.0,2,Short
0x2e380d92bab460b09297a542e4b0198e2c87e43c,MATIC,0.8191,0.2163,BUY,2024-01-19 19:59:00,0.1612,CLOSE,-2.3,5,Long
0xc4dea9884019946f0c0617e568292cdd487b5de4,OP,1.5468,0.0578,SELL,2024-01-19 23:57:00,0.0182,OPEN,0.0,2,Short
0x4ccba13ed55148644802487bce53eb55921ba0fe,SOL,20.0327,0.4758,SELL,2024-01-20 02:33:00,-0.3682,OPEN,0.0,2,Short
0x0328d5d04ef6b199bde888fc75394a7e49cbb2e3,ETH,1794.3148,1.3245,BUY,2024-01-20 04:24:00,-0.578,CLOSE,-8.7,5,Long
0xc599099a389d38c5d9c8b5481edbeba0598102b1,SOL,19.3148,1.9121,SELL,2024-01-20 12:13:00,-0.027,CLOSE,-0.0,3,Short
0x5cc6e86a6eb53b1f13feb35d2a7d10c872850f05,BNB,222.549,0.0555,BUY,2024-01-21 06:42:00,0.0327,OPEN,0.0,50,Long
0x26e94b906f96d22acf1132f3c95ef725e7f49365,OP,1.591,0.6619,SELL,2024-01-21 08:44:00,-0.0463,OPEN,0.0,5,Short
0x0af6790523dd0af40c1c3a03a4c1a0df6067eba2,LINK,5.335,0.2677,SELL,2024-01-21 11:25:00,0.021,CLOSE,0.34,3,Short
0xb2ad781ab883a8f93650bcd708f6c9529a07f690,OP,1.536,1.3212,SELL,2024-01-21 12:37:00,-0.1856,OPEN,0.0,20,Short
0xf547770f567ab48950b47158a6efc236cb73d8c1,LINK,5.897,0.2786,BUY,2024-01-21 13:01:00,0.1997,CLOSE,-2.58,2,Long
0xe921971dbc1ec5636c7872b4ccfded69e5a45abe,ARB,1.1594,0.0259,SELL,2024-01-21 13:02:00,0.0004,CLOSE,1.13,1,Short
0x2fb4e305fa7f9e99b4f649c36ab6f03349f63204,LINK,6.1476,0.4123,BUY,2024-01-21 13:14:00,-0.1084,CLOSE,-18.93,10,Long
0x09fceb2336574e225ea891b132998c73f4696abe,ETH,1573.4855,0.0307,BUY,2024-01-21 13:53:00,0.0148,OPEN,0.0,20,Long
0xa2a2e9a7468bbcd27e0f039d47476b02aac10637,DOGE,0.0682,0.7396,BUY,2024-01-21 16:26:00,-0.0546,OPEN,0.0,50,Long
0xa2e1a7b77321268164f1cab8f52cd112cfe0f364,BNB,229.4969,0.0415,BUY,2024-01-21 17:36:00,0.0283,CLOSE,0.07,10,Long
0x4ccba13ed55148644802487bce53eb55921ba0fe,DOGE,0.0673,0.3026,SELL,2024-01-21 17:55:00,0.107,CLOSE,13.83,5,Short
0x453dd2d9eed5ff86eb409796ee5f1e1d285c33d4,BTC,25474.5496,0.2613,SELL,2024-01-21 18:13:00,-0.0163,CLOSE,-51.9,50,Short
0xeebc475a7fbdf24e9a015d16ca79c7f443e7ab81,LINK,6.1106,0.1983,BUY,2024-01-21 18:55:00,0.1213,OPEN,0.0,3,Long
0x6121a1650753afb98b8a066940907804424fc225,ETH,1767.9777,0.0731,BUY,2024-01-21 19:37:00,-0.009,OPEN,0.0,2,Long
0x43daceb7e014b2c8f1e1dea64bf293277027181b,OP,1.4331,0.2967,SELL,2024-01-21 21:20:00,0.0083,CLOSE,1.49,1,Short
0x4aed548b0ad2ad42d36a65fc9fbb736529027373,BTC,25377.9036,0.2787,SELL,2024-01-21 23:40:00,0.0325,OPEN,0.0,10,Short
0xb4d87bd4dc83166db001549b0f7dd10ed8172a97,BNB,206.9813,0.4363,BUY,2024-01-22 00:25:00,0.0027,CLOSE,18.35,10,Long
0xa2e1a7b77321268164f1cab8f52cd112cfe0f364,ETH,1620.606,0.2782,SELL,2024-01-22 01:08:00,-0.0179,OPEN,0.0,1,Short
0x9f46469dacc43d56c35b79bae4905b54b673b96f,BTC,26157.7693,0.0122,SELL,2024-01-22 03:06:00,0.0032,CLOSE,-76.64,50,Short
0x453dd2d9eed5ff86eb409796ee5f1e1d285c33d4,ARB,1.1469,1.2637,SELL,2024-01-22 05:04:00,0.8536,OPEN,0.0,3,Short
0xebf28c699b1e7f2ad3e31316d86da0df789a475b,ARB,1.1858,0.5774,SELL,2024-01-22 07:14:00,0.0949,OPEN,0.0,5,Short
0x525162b29a67219a10418bb3be42f9213b57465d,SOL,18.204,0.0887,BUY,2024-01-22 12:27:00,-0.0208,CLOSE,10.75,5,Long
0x0af6790523dd0af40c1c3a03a4c1a0df6067eba2,OP,1.5356,0.2284,BUY,2024-01-22 15:10:00,-0.1841,OPEN,0.0,20,Long
0x4aed548b0ad2ad42d36a65fc9fbb736529027373,AVAX,15.5355,1.4041,SELL,2024-01-22 18:35:00,-0.1937,CLOSE,-1.87,3,Short
0xbdd2a8dc587fa386779f90becc9694c9586d3ce5,SOL,21.3992,0.4764,SELL,2024-01-22 19:02:00,0.2783,CLOSE,4.22,5,Short
0xb973994ea6148c341bff47f5e9721ff9029420df,SOL,19.7191,0.3886,SELL,2024-01-22 22:29:00,0.2912,OPEN,0.0,5,Short
0x744c9dcc29d0c40a3d305d66bb7cf1e724333f73,BNB,219.0547,0.0322,SELL,2024-01-23 04:06:00,-0.0062,OPEN,0.0,1,Short
0x6772ce2c78ad77d185e724baf3c73fc855e0c397,ETH,1400.5224,2.1572,BUY,2024-01-23 05:59:00,2.0452,CLOSE,-52.43,20,Long
0x4aed548b0ad2ad42d36a65fc9fbb736529027373,LINK,6.5888,0.6072,SELL,2024-01-23 10:38:00,0.0011,CLOSE,-12.62,5,Short
0x5a1966353c437c4a9bafc506875acdf42fc8ff65,OP,1.5949,0.0325,BUY,2024-01-23 12:08:00,-0.0081,CLOSE,7.19,5,Long
0x37d65217f9a89b91d3d82602fe21b9178f03dce8,OP,1.5688,0.8107,SELL,2024-01-23 15:03:00,-0.2642,CLOSE,1.88,5,Short
0xdb5102ee19e81b7181b47ffb28758462bdc6a2f6,OP,1.4402,0.1131,BUY,2024-01-23 15:52:00,0.0761,OPEN,0.0,20,Long
0x0285eb8e3dcc5302124dd67b15b3a223cf2bd3b2,AVAX,14.383,0.5759,BUY,2024-01-23 20:07:00,0.3034,CLOSE,-1.35,1,Long
0x4ccba13ed55148644802487bce53eb55921ba0fe,OP,1.4516,0.6985,SELL,2024-01-23 20:42:00,0.4594,CLOSE,2.6,5,Short
0x5cc6e86a6eb53b1f13feb35d2a7d10c872850f05,LINK,5.8628,0.7203,SELL,2024-01-23 20:58:00,-0.2444,CLOSE,-1.02,2,Short
0x5adebdbe4ffde843c5c0942476dafed98f4081ed,ARB,1.2526,0.1846,BUY,2024-01-23 23:37:00,0.0914,CLOSE,216.27,50,Long
0x6262afa887ea89b1b66c12e70d25de9412bdf3dd,BTC,23782.1368,0.6656,SELL,2024-01-23 23:51:00,-0.2602,OPEN,0.0,2,Short
0x5adebdbe4ffde843c5c0942476dafed98f4081ed,BNB,218.9033,0.8393,SELL,2024-01-24 01:57:00,-0.0206,OPEN,0.0,10,Short
0x37d65217f9a89b91d3d82602fe21b9178f03dce8,AVAX,14.1713,1.6184,BUY,2024-01-24 03:28:00,-0.3373,CLOSE,3.08,2,Long
0x30cf07144e7941c6c51824aa794607d5a2f34311,LINK,6.048,0.306,SELL,2024-01-24 03:31:00,-0.091,OPEN,0.0,50,Short
0x9c453737aa43460414e9164eba11d3f5579cf2f1,DOGE,0.0736,0.2531,SELL,2024-01-24 08:14:00,-0.2277,OPEN,0.0,10,Short
0xcfd86a92699b4e78a9d76f77c3658a5933d981e1,SOL,19.6312,0.2064,SELL,2024-01-24 10:28:00,0.0976,CLOSE,-5.67,5,Short
0xaa624205b23ee2d620474b557ab013e55b55c926,LINK,5.6964,2.6645,SELL,2024-01-24 11:56:00,-1.0315,CLOSE,-17.37,50,Short
0x9c453737aa43460414e9164eba11d3f5579cf2f1,AVAX,13.7263,1.3935,BUY,2024-01-24 16:45:00,0.3607,CLOSE,-6.23,5,Long
0x453dd2d9eed5ff86eb409796ee5f1e1d285c33d4,BTC,23647.9361,1.1468,SELL,2024-01-24 17:34:00,-0.8614,CLOSE,0.8,5,Short
0x75e3bcbec520c0c454921cf1afac79214071ba6e,DOGE,0.0701,0.1075,BUY,2024-01-24 21:14:00,-0.0074,CLOSE,-0.35,1,Long
0xe921971dbc1ec5636c7872b4ccfded69e5a45abe,MATIC,0.8627,0.6503,BUY,2024-01-25 01:57:00,0.3867,CLOSE,14.29,20,Long
0x5f3203e5a82554fb4ff75ee00ec09483e2ae0341,SOL,20.3392,0.2913,BUY,2024-01-25 02:30:00,0.0831,OPEN,0.0,50,Long
0x30cf07144e7941c6c51824aa794607d5a2f34311,MATIC,0.8592,0.4526,BUY,2024-01-25 02:45:00,0.2957,OPEN,0.0,10,Long
0xdaae4227dfe85b6068adba35a50dd7a2e75f34fe,SOL,21.1215,0.1487,SELL,2024-01-25 07:52:00,0.0368,OPEN,0.0,10,Short
0xc599099a389d38c5d9c8b5481edbeba0598102b1,OP,1.494,0.5035,BUY,2024-01-25 08:08:00,-0.2656,OPEN,0.0,2,Long
0xd45a1cd4a5790cb05bf8c66c9c2a4154c047bb63,LINK,6.4762,1.6012,BUY,2024-01-25 10:43:00,0.6925,CLOSE,-21.64,10,Long
0xeea684c1f340e7d01d339e94e345a318e63f4345,OP,1.4327,0.869,SELL,2024-01-25 11:46:00,-0.42,OPEN,0.0,10,Short
0x453dd2d9eed5ff86eb409796ee5f1e1d285c33d4,SOL,19.8344,0.6948,BUY,2024-01-25 14:01:00,0.1308,CLOSE,-4.46,2,Long
0x23be95267b9414f864c908abccf5f987e42ce22c,AVAX,14.9473,1.6689,BUY,2024-01-25 17:55:00,-0.0818,CLOSE,5.16,3,Long
0x6ae91f9044b365bc545fbaefecc120afb3f0e0b8,SOL,17.5846,0.3976,BUY,2024-01-25 20:34:00,0.0029,CLOSE,-58.71,20,Long
0x525162b29a67219a10418bb3be42f9213b57465d,SOL,19.7082,2.1095,SELL,2024-01-26 03:04:00,-1.6488,OPEN,0.0,20,Short
0x30cf07144e7941c6c51824aa794607d5a2f34311,DOGE,0.066,0.3269,BUY,2024-01-26 04:16:00,-0.0428,CLOSE,10.37,5,Long
0x744cb7ef9bc0528b331a9c8cbdd555eeda37cf0e,ARB,1.1137,0.8219,BUY,2024-01-26 06:17:00,-0.519,OPEN,0.0,1,Long
0x1d186cb24f764ddad17b04d51d4a66b0c92ad716,MATIC,0.9136,0.209,BUY,2024-01-26 06:34:00,-0.0071,OPEN,0.0,3,Long
0x5adebdbe4ffde843c5c0942476dafed98f4081ed,ETH,1633.6429,0.0686,BUY,2024-01-26 07:17:00,0.0068,CLOSE,7.57,3,Long
0x744cb7ef9bc0528b331a9c8cbdd555eeda37cf0e,ETH,1550.0928,0.6247,BUY,2024-01-26 07:42:00,-0.0865,CLOSE,-17.22,10,Long
0x79734a87ec5efa730c4a5d0ff563bac34e411e6b,LINK,6.1688,0.5351,SELL,2024-01-26 11:25:00,0.0983,CLOSE,-127.49,50,Short
0x23be95267b9414f864c908abccf5f987e42ce22c,LINK,5.8548,0.4972,SELL,2024-01-26 12:03:00,0.0307,CLOSE,-1.89,1,Short
0x14fb2d0de7f331f4ab61b71a9d5c4c8e4ef8c0e5,MATIC,0.8655,0.3642,BUY,2024-01-26 13:12:00,0.1495,OPEN,0.0,2,Long
0x24a05b6a280881d9f48b32588c8c89018988a3b9,BNB,194.4971,0.1709,SELL,2024-01-26 15:20:00,0.0205,CLOSE,4.7,3,Short
0x744cb7ef9bc0528b331a9c8cbdd555eeda37cf0e,BNB,205.8438,0.3386,BUY,2024-01-26 15:48:00,0.1098,OPEN,0.0,20,Long
0xa2a2e9a7468bbcd27e0f039d47476b02aac10637,LINK,6.5249,0.6164,SELL,2024-01-26 17:11:00,0.0232,CLOSE,-62.08,20,Short
0xb5165416bd5e31205f5eebdb26cd1592ebddca2e,OP,1.4834,1.1506,BUY,2024-01-26 18:51:00,-0.948,OPEN,0.0,1,Long
0xa2a2e9a7468bbcd27e0f039d47476b02aac10637,MATIC,0.8938,0.245,BUY,2024-01-26 20:37:00,0.0004,OPEN,0.0,2,Long
0x925c717311ca9170b4ac3e9b636d21179e3359dd,OP,1.6034,1.5132,SELL,2024-01-26 20:58:00,-0.0631,OPEN,0.0,50,Short
0x2e380d92bab460b09297a542e4b0198e2c87e43c,AVAX,15.2343,0.3517,SELL,2024-01-26 23:09:00,-0.0452,OPEN,0.0,1,Short
0x43daceb7e014b2c8f1e1dea64bf293277027181b,DOGE,0.074,1.1409,SELL,2024-01-26 23:50:00,-0.037,OPEN,0.0,1,Short
0x2e380d92bab460b09297a542e4b0198e2c87e43c,ETH,1557.0272,0.5188,BUY,2024-01-27 04:28:00,0.0677,OPEN,0.0,50,Long
0x4aed548b0ad2ad42d36a65fc9fbb736529027373,BTC,25008.2975,1.479,SELL,2024-01-27 04:48:00,0.7519,OPEN,0.0,3,Short
0x646d2815b93dc22b981b7152e79d208287e60827,LINK,5.5808,0.9665,SELL,2024-01-27 05:02:00,0.6662,OPEN,0.0,20,Short
0xd070b332429151e576014d456b91028526f824b6,AVAX,13.8756,0.2067,BUY,2024-01-27 05:31:00,-0.0424,OPEN,0.0,10,Long
0xa2e1a7b77321268164f1cab8f52cd112cfe0f364,OP,1.5917,0.0928,SELL,2024-01-27 06:33:00,0.0463,OPEN,0.0,20,Short
0x4379bda828db78e0c9e1b8c145905c0b109af197,SOL,20.6909,0.2227,SELL,2024-01-27 13:16:00,-0.0495,OPEN,0.0,20,Short
0x75e3bcbec520c0c454921cf1afac79214071ba6e,SOL,20.5529,0.4263,BUY,2024-01-27 13:57:00,-0.1996,CLOSE,7.09,5,Long
0x9c453737aa43460414e9164eba11d3f5579cf2f1,BNB,191.4124,1.3363,SELL,2024-01-27 16:17:00,-0.69,CLOSE,1.68,2,Short
0x24a05b6a280881d9f48b32588c8c89018988a3b9,DOGE,0.0719,0.6032,SELL,2024-01-27 20:27:00,0.1875,CLOSE,-15.2,5,Short
0xb5165416bd5e31205f5eebdb26cd1592ebddca2e,ETH,1655.5998,0.6659,SELL,2024-01-27 20:36:00,0.6481,OPEN,0.0,20,Short
0x0328d5d04ef6b199bde888fc75394a7e49cbb2e3,DOGE,0.0718,0.0681,SELL,2024-01-27 22:38:00,-0.0198,OPEN,0.0,10,Short
0x6121a1650753afb98b8a066940907804424fc225,BNB,201.0575,0.1412,SELL,2024-01-28 00:37:00,0.0688,CLOSE,-2.79,2,Short
0x6772ce2c78ad77d185e724baf3c73fc855e0c397,LINK,5.384,0.4619,SELL,2024-01-28 07:01:00,-0.0424,OPEN,0.0,50,Short
0xbdd2a8dc587fa386779f90becc9694c9586d3ce5,LINK,5.7463,0.0598,BUY,2024-01-28 07:10:00,-0.0088,OPEN,0.0,20,Long
0xb2ad781ab883a8f93650bcd708f6c9529a07f690,MATIC,0.953,0.4722,SELL,2024-01-28 12:59:00,0.0577,CLOSE,-29.42,10,Short
0x43daceb7e014b2c8f1e1dea64bf293277027181b,BTC,27251.7876,0.2543,BUY,2024-01-28 14:08:00,0.1976,CLOSE,-77.8,20,Long
0x0e414a03aedcefa5c05276b7aa873350baf6378b,ARB,1.2663,0.4866,SELL,2024-01-28 16:30:00,-0.2857,CLOSE,-4.43,3,Short
0x2e380d92bab460b09297a542e4b0198e2c87e43c,LINK,5.8177,0.4477,SELL,2024-01-28 17:04:00,-0.0307,OPEN,0.0,3,Short
0xedbe03d7cf3f6121ea929dfa1841270856f03d2b,MATIC,0.8673,1.2563,BUY,2024-01-28 17:59:00,-0.1555,OPEN,0.0,5,Long
0x4f4a940690ae223310632fab09b9ce1d1115fe6b,DOGE,0.068,1.8705,BUY,2024-01-28 18:09:00,-0.8234,OPEN,0.0,5,Long
0x646d2815b93dc22b981b7152e79d208287e60827,LINK,5.7085,0.8459,SELL,2024-01-28 18:24:00,-0.444,OPEN,0.0,3,Short
0x4ccba13ed55148644802487bce53eb55921ba0fe,ETH,1563.9849,1.581,SELL,2024-01-29 00:15:00,-2.2391,OPEN,0.0,5,Short
0x453dd2d9eed5ff86eb409796ee5f1e1d285c33d4,BNB,214.0651,0.8992,SELL,2024-01-29 00:34:00,0.0003,CLOSE,-6.4,20,Short
0x6121a1650753afb98b8a066940907804424fc225,OP,1.5083,0.3472,SELL,2024-01-29 02:15:00,-0.1006,CLOSE,1.22,2,Short
0xdb5102ee19e81b7181b47ffb28758462bdc6a2f6,ETH,1529.1166,0.2946,SELL,2024-01-29 04:29:00,-0.0122,OPEN,0.0,5,Short
0x4ccba13ed55148644802487bce53eb55921ba0fe,OP,1.6396,0.0773,SELL,2024-01-29 06:19:00,-0.0232,CLOSE,-1.67,1,Short
0xb5165416bd5e31205f5eebdb26cd1592ebddca2e,AVAX,13.5824,0.4375,BUY,2024-01-29 09:50:00,0.2176,CLOSE,-9.68,10,Long
0x0328d5d04ef6b199bde888fc75394a7e49cbb2e3,LINK,6.0809,0.7594,SELL,2024-01-29 14:18:00,-0.0874,CLOSE,24.79,20,Short
0x453dd2d9eed5ff86eb409796ee5f1e1d285c33d4,DOGE,0.0693,0.3147,SELL,2024-01-29 17:12:00,-0.0544,OPEN,0.0,10,Short
0xaa624205b23ee2d620474b557ab013e55b55c926,DOGE,0.066,0.3296,SELL,2024-01-30 00:45:00,-0.045,OPEN,0.0,2,Short
0x4f4a940690ae223310632fab09b9ce1d1115fe6b,BTC,26150.7478,0.1997,SELL,2024-01-30 01:19:00,0.035,CLOSE,-7.94,5,Short
0x987c1d0a09e6109925ce9325a327c9bc34db8d33,MATIC,0.9472,0.1602,BUY,2024-01-30 02:15:00,0.1054,CLOSE,-10.22,3,Long
0x8528643b6c996c090947e88b00fe1763200c3698,MATIC,0.9276,0.986,BUY,2024-01-30 02:41:00,-0.048,OPEN,0.0,1,Long
0x5a1966353c437c4a9bafc506875acdf42fc8ff65,DOGE,0.0749,0.7485,BUY,2024-01-30 02:57:00,-0.0794,OPEN,0.0,10,Long
0xbdd2a8dc587fa386779f90becc9694c9586d3ce5,OP,1.4979,0.5924,BUY,2024-01-30 08:14:00,-0.387,CLOSE,11.62,5,Long
0x7968a5f8676e6b77d71e6dadf79e40929b9c9eb0,BNB,213.0821,0.5689,BUY,2024-01-30 08:45:00,0.0709,CLOSE,13.6,50,Long
0x6ae91f9044b365bc545fbaefecc120afb3f0e0b8,LINK,6.4587,0.6352,BUY,2024-01-30 08:53:00,0.116,OPEN,0.0,50,Long
0xea061b83a2dc03d04b9b22920149ea6f5465fa27,ARB,1.2446,0.1217,SELL,2024-01-30 09:18:00,0.0862,OPEN,0.0,1,Short
0xbb4e5487f3cf95039e0674754240ffcd91dcb7b6,AVAX,12.7685,0.0114,SELL,2024-01-30 09:19:00,-0.0055,OPEN,0.0,2,Short
0xee391c2f221fd53d6a55604791a2377121504c19,MATIC,0.8745,0.0101,SELL,2024-01-30 12:43:00,-0.0025,OPEN,0.0,3,Short
0x987c1d0a09e6109925ce9325a327c9bc34db8d33,BNB,205.4669,1.3152,SELL,2024-01-30 12:48:00,-0.3018,OPEN,0.0,50,Short
0x7968a5f8676e6b77d71e6dadf79e40929b9c9eb0,ARB,1.3018,0.9585,BUY,2024-01-30 13:40:00,0.9537,CLOSE,1.06,10,Long
0x6121a1650753afb98b8a066940907804424fc225,BTC,25902.0901,0.02,BUY,2024-01-30 14:15:00,-0.0113,OPEN,0.0,5,Long
0x4ccba13ed55148644802487bce53eb55921ba0fe,ARB,1.2709,0.2019,SELL,2024-01-30 17:39:00,0.2131,OPEN,0.0,3,Short
0x4f4a940690ae223310632fab09b9ce1d1115fe6b,AVAX,13.8453,0.4913,BUY,2024-01-30 17:41:00,0.017,OPEN,0.0,10,Long
0xf547770f567ab48950b47158a6efc236cb73d8c1,DOGE,0.07,0.4235,BUY,2024-01-30 17:47:00,-0.1513,OPEN,0.0,1,Long
0x5cc6e86a6eb53b1f13feb35d2a7d10c872850f05,ETH,1587.3176,0.0616,BUY,2024-01-30 20:42:00,-0.0367,CLOSE,0.1,5,Long
0xd45a1cd4a5790cb05bf8c66c9c2a4154c047bb63,ETH,1646.6724,0.3618,BUY,2024-01-30 22:48:00,0.1223,OPEN,0.0,3,Long
0x0af6790523dd0af40c1c3a03a4c1a0df6067eba2,BTC,25453.7554,0.088,BUY,2024-01-31 00:29:00,-0.0757,OPEN,0.0,20,Long
0x30cf07144e7941c6c51824aa794607d5a2f34311,SOL,20.2051,0.3392,SELL,2024-01-31 02:27:00,-0.2753,OPEN,0.0,5,Short
0x78af6c0c766c104d1e512e617f991e02976ce472,OP,1.4279,0.1046,BUY,2024-01-31 02:55:00,0.0152,CLOSE,4.03,2,Long
0xb429f0db71443a6dc3b6dd7fc8a7ccec4aa6dfca,MATIC,0.9012,1.3857,BUY,2024-01-31 04:13:00,0.4473,CLOSE,0.28,2,Long
0xd070b332429151e576014d456b91028526f824b6,BNB,190.4335,0.7451,BUY,2024-01-31 04:39:00,-0.0107,CLOSE,2.5,3,Long
0x893c0ce1b001bed43dbe9f36ff779cf9df99e513,BTC,25542.1655,0.7639,SELL,2024-01-31 06:03:00,0.2338,OPEN,0.0,50,Short
0xc87fa1c370a4cdce8a3de02aecd8246696f21820,MATIC,0.8421,0.0936,BUY,2024-01-31 08:49:00,0.0053,CLOSE,1.93,10,Long
0x1df10b04fc8b7bb56232fbf467593f3d4db7f636,AVAX,14.0524,0.2343,SELL,2024-01-31 09:39:00,-0.1493,OPEN,0.0,3,Short
0xa2a2e9a7468bbcd27e0f039d47476b02aac10637,ETH,1605.5203,0.1974,BUY,2024-01-31 16:35:00,-0.0807,OPEN,0.0,1,Long
0xaa624205b23ee2d620474b557ab013e55b55c926,MATIC,0.8822,0.2231,SELL,2024-01-31 18:38:00,-0.1262,CLOSE,29.7,10,Short
0x4ccba13ed55148644802487bce53eb55921ba0fe,MATIC,0.9025,0.8757,BUY,2024-01-31 20:40:00,0.6003,OPEN,0.0,20,Long
0x5adebdbe4ffde843c5c0942476dafed98f4081ed,LINK,6.2674,0.0987,BUY,2024-01-31 23:00:00,-0.0101,CLOSE,5.23,3,Long
0x2e380d92bab460b09297a542e4b0198e2c87e43c,LINK,5.7896,0.4897,SELL,2024-02-01 00:22:00,-0.2527,CLOSE,-144.43,50,Short
0x24a05b6a280881d9f48b32588c8c89018988a3b9,LINK,5.7979,0.0699,SELL,2024-02-01 02:02:00,-0.0321,OPEN,0.0,10,Short
0x987c1d0a09e6109925ce9325a327c9bc34db8d33,ARB,1.0955,0.4042,SELL,2024-02-01 08:36:00,-0.1104,OPEN,0.0,5,Short
0x8528643b6c996c090947e88b00fe1763200c3698,ARB,1.2574,0.1958,SELL,2024-02-01 11:46:00,-0.1199,OPEN,0.0,5,Short
0xb973994ea6148c341bff47f5e9721ff9029420df,ARB,1.2673,0.055,BUY,2024-02-01 12:03:00,0.0638,CLOSE,24.61,10,Long
0x09fceb2336574e225ea891b132998c73f4696abe,LINK,6.7718,0.2109,SELL,2024-02-01 12:12:00,0.06,CLOSE,2.05,10,Short
0xe921971dbc1ec5636c7872b4ccfded69e5a45abe,SOL,19.4118,0.2395,SELL,2024-02-01 16:41:00,0.115,OPEN,0.0,20,Short
0xe2f5ee794b96897c7d576413e0148b2e8f9fa655,AVAX,13.6869,0.0141,SELL,2024-02-01 17:01:00,-0.0145,OPEN,0.0,2,Short
0x43daceb7e014b2c8f1e1dea64bf293277027181b,BTC,25261.4623,0.142,SELL,2024-02-01 18:39:00,0.0081,OPEN,0.0,3,Short
0xb973994ea6148c341bff47f5e9721ff9029420df,BTC,25258.132,1.6593,BUY,2024-02-01 20:57:00,0.074,CLOSE,216.56,50,Long
0xe921971dbc1ec5636c7872b4ccfded69e5a45abe,MATIC,0.9325,0.0729,BUY,2024-02-01 21:24:00,-0.0473,CLOSE,-28.31,20,Long
0xe921971dbc1ec5636c7872b4ccfded69e5a45abe,DOGE,0.0756,1.0689,BUY,2024-02-01 21:47:00,-0.0028,CLOSE,45.57,50,Long
0x1d186cb24f764ddad17b04d51d4a66b0c92ad716,DOGE,0.0686,0.1464,SELL,2024-02-02 00:20:00,0.0456,CLOSE,11.13,3,Short
0xedbe03d7cf3f6121ea929dfa1841270856f03d2b,AVAX,13.3673,0.7156,BUY,2024-02-02 01:24:00,0.4702,OPEN,0.0,3,Long
0xedbe03d7cf3f6121ea929dfa1841270856f03d2b,BNB,212.0379,0.189,SELL,2024-02-02 01:38:00,-0.0343,OPEN,0.0,5,Short
0x5cc6e86a6eb53b1f13feb35d2a7d10c872850f05,LINK,5.2527,0.255,BUY,2024-02-02 07:53:00,0.1551,CLOSE,-7.9,10,Long
0x0328d5d04ef6b199bde888fc75394a7e49cbb2e3,OP,1.4684,0.0477,BUY,2024-02-02 08:47:00,0.0249,OPEN,0.0,10,Long
0xc87fa1c370a4cdce8a3de02aecd8246696f21820,LINK,6.0665,0.3968,BUY,2024-02-02 09:05:00,-0.6139,OPEN,0.0,50,Long
0x1df10b04fc8b7bb56232fbf467593f3d4db7f636,MATIC,0.8804,0.7311,BUY,2024-02-02 10:06:00,0.0283,OPEN,0.0,3,Long
0x646d2815b93dc22b981b7152e79d208287e60827,ETH,1604.4002,0.0998,BUY,2024-02-02 11:11:00,0.0285,CLOSE,1.29,1,Long
0x26e94b906f96d22acf1132f3c95ef725e7f49365,DOGE,0.0704,0.5948,SELL,2024-02-02 14:42:00,0.0639,CLOSE,-12.92,20,Short
0x78af6c0c766c104d1e512e617f991e02976ce472,OP,1.4034,0.1689,SELL,2024-02-02 20:32:00,0.0085,CLOSE,0.49,1,Short
0x4f4a940690ae223310632fab09b9ce1d1115fe6b,AVAX,14.3017,0.1744,BUY,2024-02-02 22:37:00,-0.1257,OPEN,0.0,3,Long
0x75e3bcbec520c0c454921cf1afac79214071ba6e,BTC,25038.1706,0.4829,SELL,2024-02-02 22:54:00,0.4131,CLOSE,11.48,10,Short
0xe2c1562bb67f7a529b76e91f7196d63f54ccddaf,BNB,208.5981,0.8468,BUY,2024-02-02 23:51:00,0.0608,OPEN,0.0,5,Long
0x0af6790523dd0af40c1c3a03a4c1a0df6067eba2,BNB,196.7907,0.6421,BUY,2024-02-03 03:48:00,0.2349,CLOSE,2.97,2,Long
0x14fb2d0de7f331f4ab61b71a9d5c4c8e4ef8c0e5,BNB,202.6957,1.8611,SELL,2024-02-03 08:36:00,-0.8756,CLOSE,2.44,3,Short
0x5cc6e86a6eb53b1f13feb35d2a7d10c872850f05,SOL,19.0769,0.0519,BUY,2024-02-03 08:42:00,-0.007,OPEN,0.0,1,Long
0x9f46469dacc43d56c35b79bae4905b54b673b96f,ETH,1675.0332,0.425,SELL,2024-02-03 10:01:00,-0.1643,OPEN,0.0,10,Short
0xedbe03d7cf3f6121ea929dfa1841270856f03d2b,BNB,219.8651,0.6388,SELL,2024-02-03 15:07:00,-0.5505,OPEN,0.0,5,Short
0x30cf07144e7941c6c51824aa794607d5a2f34311,LINK,5.6553,0.2302,BUY,2024-02-03 15:16:00,0.0295,CLOSE,59.97,50,Long
0x1df10b04fc8b7bb56232fbf467593f3d4db7f636,BTC,26197.4086,0.5332,SELL,2024-02-03 15:18:00,0.011,CLOSE,12.1,10,Short
0xb973994ea6148c341bff47f5e9721ff9029420df,BTC,25545.6998,0.3202,SELL,2024-02-03 15:26:00,0.1447,OPEN,0.0,3,Short
0xc61546b61eada8292e6df67fbf85809118265b37,SOL,19.8861,0.1314,SELL,2024-02-03 22:53:00,0.001,CLOSE,-47.51,20,Short
0xbdd2a8dc587fa386779f90becc9694c9586d3ce5,AVAX,13.5876,0.0588,BUY,2024-02-03 23:25:00,-0.0275,OPEN,0.0,50,Long
0xaa624205b23ee2d620474b557ab013e55b55c926,ETH,1559.6562,0.4384,BUY,2024-02-04 00:02:00,-0.1332,OPEN,0.0,5,Long
0x925c717311ca9170b4ac3e9b636d21179e3359dd,ETH,1609.4574,0.1575,SELL,2024-02-04 02:45:00,0.0722,CLOSE,74.81,50,Short
0xea061b83a2dc03d04b9b22920149ea6f5465fa27,AVAX,13.8217,0.3619,SELL,2024-02-04 05:21:00,0.1874,OPEN,0.0,10,Short
0xb77e6e8c09d1faa2d9fa8746ce75c51abe7252be,ETH,1694.3225,0.4084,BUY,2024-02-04 10:48:00,-0.1883,OPEN,0.0,5,Long
0xee391c2f221fd53d6a55604791a2377121504c19,OP,1.5296,0.8591,SELL,2024-02-04 11:00:00,-0.5271,OPEN,0.0,10,Short
0xb973994ea6148c341bff47f5e9721ff9029420df,ARB,1.1314,0.0412,SELL,2024-02-04 11:46:00,0.0135,OPEN,0.0,50,Short
0x2fb4e305fa7f9e99b4f649c36ab6f03349f63204,AVAX,12.8574,0.2221,SELL,2024-02-04 11:47:00,0.0312,CLOSE,-17.29,5,Short
0x893c0ce1b001bed43dbe9f36ff779cf9df99e513,OP,1.4577,0.0648,SELL,2024-02-04 14:38:00,0.012,OPEN,0.0,2,Short
0x24a05b6a280881d9f48b32588c8c89018988a3b9,ARB,1.3449,0.1187,SELL,2024-02-04 17:18:00,-0.0651,CLOSE,-8.56,3,Short
0x4939835272851ed4624ebeef2cd55b020d083576,LINK,6.196,0.0697,BUY,2024-02-04 18:38:00,0.0036,CLOSE,0.44,3,Long
0xe2c1562bb67f7a529b76e91f7196d63f54ccddaf,OP,1.4832,2.5174,BUY,2024-02-04 19:03:00,0.661,CLOSE,-4.68,1,Long
0xb429f0db71443a6dc3b6dd7fc8a7ccec4aa6dfca,ETH,1533.7266,0.4267,BUY,2024-02-04 20:26:00,-0.3081,CLOSE,2.77,20,Long
0xf547770f567ab48950b47158a6efc236cb73d8c1,DOGE,0.0688,0.0659,BUY,2024-02-04 20:55:00,0.0811,CLOSE,61.98,50,Long
0xf547770f567ab48950b47158a6efc236cb73d8c1,LINK,6.4366,0.725,SELL,2024-02-04 21:18:00,0.0844,CLOSE,-108.51,50,Short
0xbb4e5487f3cf95039e0674754240ffcd91dcb7b6,DOGE,0.0709,0.9464,SELL,2024-02-04 22:01:00,0.3323,OPEN,0.0,3,Short
0x14fb2d0de7f331f4ab61b71a9d5c4c8e4ef8c0e5,ETH,1465.9536,0.9799,SELL,2024-02-04 23:06:00,0.1729,CLOSE,-1.32,1,Short
0x6121a1650753afb98b8a066940907804424fc225,BNB,211.781,0.1214,BUY,2024-02-05 05:53:00,-0.0009,CLOSE,-10.63,10,Long
0x0e414a03aedcefa5c05276b7aa873350baf6378b,BTC,26223.6119,0.4693,BUY,2024-02-05 06:34:00,-0.3219,OPEN,0.0,50,Long
0xdb5102ee19e81b7181b47ffb28758462bdc6a2f6,MATIC,0.9442,0.3722,SELL,2024-02-05 11:29:00,-0.0636,CLOSE,4.71,2,Short
0xe2c1562bb67f7a529b76e91f7196d63f54ccddaf,MATIC,0.893,1.5943,SELL,2024-02-05 12:30:00,-1.2815,CLOSE,1.41,3,Short
0x30cf07144e7941c6c51824aa794607d5a2f34311,OP,1.4197,0.4632,SELL,2024-02-05 13:16:00,0.3981,CLOSE,-0.39,1,Short
0x5f3203e5a82554fb4ff75ee00ec09483e2ae0341,MATIC,0.8449,0.4083,BUY,2024-02-05 16:16:00,-0.1823,OPEN,0.0,50,Long
0xd070b332429151e576014d456b91028526f824b6,AVAX,16.2935,0.8289,BUY,2024-02-05 16:51:00,0.2238,CLOSE,1.73,2,Long
0x7d320effc2b28f577dcd364c61661834374cb1ee,AVAX,14.5299,1.29,SELL,2024-02-05 17:47:00,0.445,CLOSE,0.34,1,Short
0x24a05b6a280881d9f48b32588c8c89018988a3b9,ETH,1566.2814,0.1147,SELL,2024-02-05 18:29:00,0.073,OPEN,0.0,20,Short
0x24a05b6a280881d9f48b32588c8c89018988a3b9,BTC,25782.4151,0.7832,SELL,2024-02-05 20:10:00,0.5364,OPEN,0.0,50,Short
0x4939835272851ed4624ebeef2cd55b020d083576,BNB,203.7416,0.3688,BUY,2024-02-05 22:06:00,0.0702,OPEN,0.0,2,Long
0x453dd2d9eed5ff86eb409796ee5f1e1d285c33d4,DOGE,0.0705,0.4404,SELL,2024-02-06 01:20:00,0.0619,OPEN,0.0,5,Short
0x9f46469dacc43d56c35b79bae4905b54b673b96f,ARB,1.215,0.1499,BUY,2024-02-06 01:23:00,0.0015,CLOSE,-2.96,1,Long
0xb4d87bd4dc83166db001549b0f7dd10ed8172a97,ARB,1.1839,1.5929,SELL,2024-02-06 06:39:00,0.7799,CLOSE,-7.99,20,Short
0x5adebdbe4ffde843c5c0942476dafed98f4081ed,OP,1.4958,1.5565,BUY,2024-02-06 12:15:00,-1.7476,OPEN,0.0,10,Long
0xeebc475a7fbdf24e9a015d16ca79c7f443e7ab81,BTC,23990.4368,0.2461,BUY,2024-02-06 14:23:00,-0.0482,CLOSE,2.29,1,Long
0x987c1d0a09e6109925ce9325a327c9bc34db8d33,OP,1.3981,0.1827,SELL,2024-02-06 15:49:00,-0.0084,CLOSE,2.16,3,Short
0x75e3bcbec520c0c454921cf1afac79214071ba6e,LINK,6.0909,0.0178,BUY,2024-02-06 18:10:00,-0.0032,OPEN,0.0,1,Long
0xb429f0db71443a6dc3b6dd7fc8a7ccec4aa6dfca,OP,1.4994,0.0555,BUY,2024-02-06 19:32:00,0.0411,CLOSE,4.85,1,Long
0xcfd86a92699b4e78a9d76f77c3658a5933d981e1,DOGE,0.0723,0.2157,BUY,2024-02-06 21:19:00,-0.0596,CLOSE,-6.08,3,Long
0xc87fa1c370a4cdce8a3de02aecd8246696f21820,ARB,1.1603,0.299,BUY,2024-02-06 22:18:00,0.1274,CLOSE,-14.44,10,Long
0xebf28c699b1e7f2ad3e31316d86da0df789a475b,AVAX,13.6647,0.0211,BUY,2024-02-07 01:59:00,-0.0187,CLOSE,1.51,10,Long
0xaa624205b23ee2d620474b557ab013e55b55c926,SOL,20.3325,0.616,SELL,2024-02-07 05:01:00,0.2676,OPEN,0.0,1,Short
0x75e3bcbec520c0c454921cf1afac79214071ba6e,LINK,6.0355,0.4965,SELL,2024-02-07 05:57:00,-0.1722,OPEN,0.0,2,Short
0x2e380d92bab460b09297a542e4b0198e2c87e43c,ETH,1542.6688,0.4969,BUY,2024-02-07 06:15:00,0.039,OPEN,0.0,3,Long
0xd070b332429151e576014d456b91028526f824b6,BNB,227.5492,1.3039,BUY,2024-02-07 14:00:00,-0.0236,OPEN,0.0,1,Long
0xeebc475a7fbdf24e9a015d16ca79c7f443e7ab81,OP,1.4332,0.564,BUY,2024-02-07 15:54:00,-0.1752,CLOSE,-18.66,5,Long
0xedbe03d7cf3f6121ea929dfa1841270856f03d2b,LINK,5.8375,0.2688,BUY,2024-02-07 21:44:00,0.1495,CLOSE,32.06,20,Long
0xc599099a389d38c5d9c8b5481edbeba0598102b1,AVAX,14.1753,0.2256,BUY,2024-02-07 22:04:00,0.076,CLOSE,-2.94,1,Long
0xc4dea9884019946f0c0617e568292cdd487b5de4,BTC,28862.362,0.1767,BUY,2024-02-08 00:07:00,0.0248,CLOSE,-6.68,10,Long
0x0285eb8e3dcc5302124dd67b15b3a223cf2bd3b2,ARB,1.2203,0.1413,BUY,2024-02-08 00:43:00,0.0253,CLOSE,4.59,3,Long
0x26e94b906f96d22acf1132f3c95ef725e7f49365,ETH,1674.47,0.0628,BUY,2024-02-08 01:36:00,0.0302,OPEN,0.0,20,Long
0x09fceb2336574e225ea891b132998c73f4696abe,BNB,227.8482,0.0837,BUY,2024-02-08 04:14:00,0.146,OPEN,0.0,5,Long
0xedbe03d7cf3f6121ea929dfa1841270856f03d2b,LINK,6.1005,0.2349,BUY,2024-02-08 05:01:00,0.1865,CLOSE,9.27,5,Long
0x0f2f77b9475059e62105e77b8d130a7cd6f85ea9,AVAX,15.4303,0.1742,SELL,2024-02-08 07:43:00,0.1411,OPEN,0.0,20,Short
0x0285eb8e3dcc5302124dd67b15b3a223cf2bd3b2,AVAX,14.413,0.6878,BUY,2024-02-08 07:46:00,0.8736,OPEN,0.0,5,Long
0xb973994ea6148c341bff47f5e9721ff9029420df,LINK,6.4273,0.0585,SELL,2024-02-08 08:43:00,-0.0661,CLOSE,-34.09,20,Short
0x0e414a03aedcefa5c05276b7aa873350baf6378b,AVAX,13.3851,0.1371,SELL,2024-02-08 12:52:00,-0.0022,CLOSE,-1.43,1,Short
0x453dd2d9eed5ff86eb409796ee5f1e1d285c33d4,AVAX,14.9321,0.3114,BUY,2024-02-08 13:34:00,-0.1,OPEN,0.0,2,Long
0x6ae91f9044b365bc545fbaefecc120afb3f0e0b8,LINK,6.178,0.8827,SELL,2024-02-08 14:59:00,0.1156,CLOSE,-8.48,2,Short
0x525162b29a67219a10418bb3be42f9213b57465d,BTC,24081.8327,0.218,BUY,2024-02-08 16:21:00,-0.0834,OPEN,0.0,2,Long
0xbdd2a8dc587fa386779f90becc9694c9586d3ce5,ARB,1.1836,0.9802,SELL,2024-02-08 17:09:00,-1.338,OPEN,0.0,2,Short
0x9f46469dacc43d56c35b79bae4905b54b673b96f,LINK,5.9111,0.195,BUY,2024-02-08 18:26:00,0.0722,CLOSE,-5.31,3,Long
0x2fb4e305fa7f9e99b4f649c36ab6f03349f63204,BNB,206.1077,0.2193,SELL,2024-02-08 21:22:00,0.0672,OPEN,0.0,20,Short
0x1df10b04fc8b7bb56232fbf467593f3d4db7f636,BTC,25851.8064,0.8191,SELL,2024-02-09 02:19:00,0.4298,OPEN,0.0,3,Short
0xb2ad781ab883a8f93650bcd708f6c9529a07f690,SOL,18.0127,0.4276,SELL,2024-02-09 02:40:00,-0.1863,CLOSE,-27.04,10,Short
0xc599099a389d38c5d9c8b5481edbeba0598102b1,BNB,192.6,0.8048,SELL,2024-02-09 03:06:00,-0.3565,OPEN,0.0,3,Short
0x5adebdbe4ffde843c5c0942476dafed98f4081ed,SOL,18.3302,1.1259,BUY,2024-02-09 07:00:00,0.9934,CLOSE,-4.73,5,Long
0xc599099a389d38c5d9c8b5481edbeba0598102b1,BTC,25292.8241,0.8453,BUY,2024-02-09 07:19:00,0.4127,OPEN,0.0,2,Long
0xb4d87bd4dc83166db001549b0f7dd10ed8172a97,BNB,193.364,1.6933,BUY,2024-02-09 08:14:00,-1.48,CLOSE,10.41,3,Long
0x893c0ce1b001bed43dbe9f36ff779cf9df99e513,LINK,5.9445,0.1556,SELL,2024-02-09 13:31:00,0.0151,OPEN,0.0,2,Short
0x75e3bcbec520c0c454921cf1afac79214071ba6e,BNB,208.2545,0.3402,SELL,2024-02-09 14:30:00,-0.0518,OPEN,0.0,20,Short
0x6262afa887ea89b1b66c12e70d25de9412bdf3dd,SOL,19.6658,0.5162,SELL,2024-02-09 16:00:00,0.0996,CLOSE,-3.5,2,Short
0x5d4e187b0ea64e520ab88273cce8678ddb6803c8,MATIC,0.9113,1.1101,SELL,2024-02-09 18:12:00,1.2171,CLOSE,-1.98,1,Short
0x0af6790523dd0af40c1c3a03a4c1a0df6067eba2,SOL,21.6216,0.0997,SELL,2024-02-09 23:55:00,0.0815,CLOSE,-52.56,20,Short
0x0e414a03aedcefa5c05276b7aa873350baf6378b,OP,1.3712,0.2398,SELL,2024-02-10 02:20:00,0.0342,CLOSE,2.12,3,Short
0x24a05b6a280881d9f48b32588c8c89018988a3b9,BNB,212.5465,0.0491,BUY,2024-02-10 05:35:00,-0.0009,CLOSE,7.28,2,Long
0x1d186cb24f764ddad17b04d51d4a66b0c92ad716,BNB,219.403,0.9496,SELL,2024-02-10 08:55:00,-0.8263,CLOSE,-2.89,5,Short
0xd45a1cd4a5790cb05bf8c66c9c2a4154c047bb63,ETH,1690.3066,1.1332,SELL,2024-02-10 21:10:00,-0.6676,OPEN,0.0,50,Short
0x0328d5d04ef6b199bde888fc75394a7e49cbb2e3,ARB,1.2927,0.2813,BUY,2024-02-11 01:05:00,-0.0891,CLOSE,-0.28,3,Long
0x7d320effc2b28f577dcd364c61661834374cb1ee,AVAX,14.1584,0.7692,BUY,2024-02-11 04:08:00,0.006,OPEN,0.0,2,Long
0xeebc475a7fbdf24e9a015d16ca79c7f443e7ab81,LINK,6.029,0.4316,SELL,2024-02-11 07:14:00,-0.3485,CLOSE,30.59,20,Short
0x893c0ce1b001bed43dbe9f36ff779cf9df99e513,BNB,201.0448,1.4993,SELL,2024-02-11 07:36:00,-0.7159,CLOSE,1.51,1,Short
0x4379bda828db78e0c9e1b8c145905c0b109af197,MATIC,0.9566,0.0268,BUY,2024-02-11 09:08:00,0.0013,OPEN,0.0,50,Long
0x9c453737aa43460414e9164eba11d3f5579cf2f1,BTC,24695.7371,0.0338,BUY,2024-02-11 11:03:00,0.0133,OPEN,0.0,10,Long
0xebf28c699b1e7f2ad3e31316d86da0df789a475b,BTC,24835.3023,0.9442,SELL,2024-02-11 15:17:00,0.415,CLOSE,-35.86,20,Short
0xeebc475a7fbdf24e9a015d16ca79c7f443e7ab81,MATIC,0.8785,0.5996,BUY,2024-02-11 15:18:00,-0.1848,OPEN,0.0,10,Long
0xe921971dbc1ec5636c7872b4ccfded69e5a45abe,ARB,1.2346,0.4745,BUY,2024-02-12 00:26:00,0.1361,CLOSE,-12.26,5,Long
0xb973994ea6148c341bff47f5e9721ff9029420df,OP,1.4945,0.0542,BUY,2024-02-12 02:19:00,-0.0122,OPEN,0.0,5,Long
0x5cc6e86a6eb53b1f13feb35d2a7d10c872850f05,BNB,202.7767,0.2951,BUY,2024-02-12 02:41:00,0.0754,CLOSE,8.54,3,Long
0x525162b29a67219a10418bb3be42f9213b57465d,AVAX,14.8178,0.3331,BUY,2024-02-12 04:43:00,-0.1437,OPEN,0.0,1,Long
0xea061b83a2dc03d04b9b22920149ea6f5465fa27,OP,1.4628,0.2684,SELL,2024-02-12 10:50:00,0.23,CLOSE,0.43,3,Short
0x5adebdbe4ffde843c5c0942476dafed98f4081ed,DOGE,0.0668,0.1452,SELL,2024-02-12 10:57:00,-0.116,OPEN,0.0,10,Short
0x0af6790523dd0af40c1c3a03a4c1a0df6067eba2,OP,1.4466,0.5521,BUY,2024-02-12 12:30:00,0.3347,OPEN,0.0,10,Long
0xc87fa1c370a4cdce8a3de02aecd8246696f21820,BTC,22532.4851,0.3252,SELL,2024-02-12 13:53:00,-0.1088,CLOSE,78.49,20,Short
0x744c9dcc29d0c40a3d305d66bb7cf1e724333f73,LINK,5.7478,0.0595,SELL,2024-02-12 14:25:00,0.0137,CLOSE,-1.47,3,Short
0xc599099a389d38c5d9c8b5481edbeba0598102b1,OP,1.5922,0.3572,BUY,2024-02-12 14:36:00,0.0287,CLOSE,22.63,5,Long
0x5a1966353c437c4a9bafc506875acdf42fc8ff65,MATIC,0.9059,0.0256,BUY,2024-02-12 19:42:00,0.0062,OPEN,0.0,20,Long
0xb77e6e8c09d1faa2d9fa8746ce75c51abe7252be,ARB,1.2296,1.5221,BUY,2024-02-12 19:54:00,0.3446,OPEN,0.0,10,Long
0xdb5102ee19e81b7181b47ffb28758462bdc6a2f6,ARB,1.2684,0.0818,SELL,2024-02-12 20:25:00,-0.0158,CLOSE,2.17,5,Short
0x6772ce2c78ad77d185e724baf3c73fc855e0c397,ARB,1.1758,0.3216,SELL,2024-02-12 22:43:00,0.1333,CLOSE,-6.36,3,Short
0x6121a1650753afb98b8a066940907804424fc225,ETH,1822.884,0.4412,BUY,2024-02-12 23:00:00,0.0109,OPEN,0.0,1,Long
0x5adebdbe4ffde843c5c0942476dafed98f4081ed,SOL,20.1977,0.8409,SELL,2024-02-13 04:13:00,-1.0602,CLOSE,7.96,2,Short
0x0e414a03aedcefa5c05276b7aa873350baf6378b,OP,1.5766,0.1865,SELL,2024-02-13 08:03:00,0.0977,CLOSE,-5.37,3,Short
0x43daceb7e014b2c8f1e1dea64bf293277027181b,OP,1.5383,0.5361,SELL,2024-02-13 11:49:00,0.0862,CLOSE,0.12,3,Short
0xb429f0db71443a6dc3b6dd7fc8a7ccec4aa6dfca,BNB,199.1573,0.0331,BUY,2024-02-13 11:53:00,-0.026,OPEN,0.0,20,Long
0x9c453737aa43460414e9164eba11d3f5579cf2f1,MATIC,0.941,1.3982,SELL,2024-02-13 18:43:00,-0.4675,CLOSE,22.33,20,Short
0xcfd86a92699b4e78a9d76f77c3658a5933d981e1,ARB,1.1569,0.2666,SELL,2024-02-13 19:03:00,-0.013,OPEN,0.0,2,Short
0x2e380d92bab460b09297a542e4b0198e2c87e43c,MATIC,0.9061,0.0739,BUY,2024-02-13 22:05:00,-0.0333,CLOSE,-2.01,2,Long
0xcfd86a92699b4e78a9d76f77c3658a5933d981e1,ARB,1.1088,0.9158,SELL,2024-02-14 00:24:00,0.5451,OPEN,0.0,20,Short
0xbb4e5487f3cf95039e0674754240ffcd91dcb7b6,SOL,18.5427,0.1974,SELL,2024-02-14 01:52:00,0.1704,OPEN,0.0,5,Short
0x4939835272851ed4624ebeef2cd55b020d083576,OP,1.5887,0.4412,SELL,2024-02-14 09:47:00,0.3008,OPEN,0.0,10,Short
0x5adebdbe4ffde843c5c0942476dafed98f4081ed,ETH,1715.7458,0.547,BUY,2024-02-14 09:47:00,0.0667,OPEN,0.0,2,Long
0xc4dea9884019946f0c0617e568292cdd487b5de4,ARB,1.1638,1.4031,BUY,2024-02-14 13:30:00,0.3424,OPEN,0.0,10,Long
0xedbe03d7cf3f6121ea929dfa1841270856f03d2b,AVAX,14.1563,1.4492,SELL,2024-02-14 15:01:00,-0.8684,OPEN,0.0,10,Short
0x744cb7ef9bc0528b331a9c8cbdd555eeda37cf0e,ETH,1567.7202,2.2913,BUY,2024-02-14 15:25:00,0.9418,CLOSE,0.43,2,Long
0x0af6790523dd0af40c1c3a03a4c1a0df6067eba2,BTC,23388.1041,1.1592,BUY,2024-02-14 16:39:00,-0.8327,CLOSE,24.04,20,Long
0xeea684c1f340e7d01d339e94e345a318e63f4345,AVAX,13.7894,1.1614,SELL,2024-02-14 16:55:00,-0.7223,OPEN,0.0,2,Short
0xbb4e5487f3cf95039e0674754240ffcd91dcb7b6,ARB,1.1912,0.2261,BUY,2024-02-14 18:54:00,0.0694,OPEN,0.0,20,Long
0xb4d87bd4dc83166db001549b0f7dd10ed8172a97,LINK,6.3899,0.0587,SELL,2024-02-14 22:34:00,-0.0437,CLOSE,13.72,50,Short
0x5cc6e86a6eb53b1f13feb35d2a7d10c872850f05,SOL,19.9492,0.8839,SELL,2024-02-14 23:07:00,-0.2402,OPEN,0.0,2,Short
0xaa624205b23ee2d620474b557ab013e55b55c926,BNB,231.4654,0.3471,BUY,2024-02-15 05:51:00,-0.1691,OPEN,0.0,3,Long
0x2fb4e305fa7f9e99b4f649c36ab6f03349f63204,ARB,1.1776,2.8144,BUY,2024-02-15 07:53:00,-1.1499,OPEN,0.0,50,Long
0xc4dea9884019946f0c0617e568292cdd487b5de4,BTC,25560.6068,0.1585,BUY,2024-02-15 08:34:00,-0.1175,CLOSE,-0.65,1,Long
0x5adebdbe4ffde843c5c0942476dafed98f4081ed,BNB,207.2068,0.27,BUY,2024-02-15 12:54:00,-0.0995,OPEN,0.0,20,Long
0xd45a1cd4a5790cb05bf8c66c9c2a4154c047bb63,SOL,19.0998,0.1426,SELL,2024-02-15 13:34:00,-0.0295,OPEN,0.0,10,Short
0x0328d5d04ef6b199bde888fc75394a7e49cbb2e3,MATIC,0.8295,1.5563,BUY,2024-02-15 15:38:00,2.0121,OPEN,0.0,50,Long
0x7d320effc2b28f577dcd364c61661834374cb1ee,BTC,26899.2432,0.1537,SELL,2024-02-15 19:40:00,0.1872,CLOSE,-12.85,5,Short
0xf547770f567ab48950b47158a6efc236cb73d8c1,OP,1.6079,1.8805,SELL,2024-02-15 21:42:00,-0.2875,OPEN,0.0,50,Short
0x14fb2d0de7f331f4ab61b71a9d5c4c8e4ef8c0e5,DOGE,0.0686,0.0776,BUY,2024-02-16 00:51:00,-0.043,OPEN,0.0,5,Long
0xb973994ea6148c341bff47f5e9721ff9029420df,AVAX,13.8502,1.4578,SELL,2024-02-16 03:19:00,1.6836,OPEN,0.0,20,Short
0x3be2f0013aec35a8fd588a7ee15b7c917e04dd75,LINK,5.8782,0.3772,BUY,2024-02-16 04:25:00,-0.2996,CLOSE,-13.4,10,Long
0x2fb4e305fa7f9e99b4f649c36ab6f03349f63204,AVAX,14.4711,0.1395,BUY,2024-02-16 06:02:00,0.0261,CLOSE,-2.46,1,Long
0x9f46469dacc43d56c35b79bae4905b54b673b96f,ETH,1719.2581,0.04,BUY,2024-02-16 06:27:00,-0.0113,CLOSE,-0.72,1,Long
0xd070b332429151e576014d456b91028526f824b6,BNB,215.9634,0.0169,SELL,2024-02-16 15:20:00,-0.0066,CLOSE,-3.84,3,Short
0x525162b29a67219a10418bb3be42f9213b57465d,AVAX,14.3166,0.7014,BUY,2024-02-16 18:02:00,-0.6254,OPEN,0.0,20,Long
0x2d1a95b8825f9bbc7b309def655febd63cc1029d,ETH,1498.0033,0.7445,BUY,2024-02-16 22:50:00,0.6808,OPEN,0.0,5,Long
0xe2c1562bb67f7a529b76e91f7196d63f54ccddaf,AVAX,13.9658,0.6867,BUY,2024-02-16 23:12:00,-0.4825,OPEN,0.0,2,Long
0x6121a1650753afb98b8a066940907804424fc225,ARB,1.2463,0.0722,BUY,2024-02-17 00:11:00,0.006,OPEN,0.0,5,Long
0xb973994ea6148c341bff47f5e9721ff9029420df,BNB,183.6427,1.4037,SELL,2024-02-17 02:18:00,-0.0271,CLOSE,-12.28,2,Short
0x5f3203e5a82554fb4ff75ee00ec09483e2ae0341,BNB,201.5977,0.7552,BUY,2024-02-17 02:25:00,-0.2087,CLOSE,1.72,2,Long
0xaa624205b23ee2d620474b557ab013e55b55c926,BTC,23335.3156,0.9432,BUY,2024-02-17 07:17:00,0.4438,OPEN,0.0,50,Long
0x30cf07144e7941c6c51824aa794607d5a2f34311,OP,1.4653,0.0425,SELL,2024-02-17 16:34:00,-0.0366,CLOSE,0.48,1,Short
0xdaae4227dfe85b6068adba35a50dd7a2e75f34fe,LINK,6.3432,0.0603,SELL,2024-02-17 18:28:00,-0.0476,OPEN,0.0,20,Short
0xdb5102ee19e81b7181b47ffb28758462bdc6a2f6,ARB,1.1145,0.4588,BUY,2024-02-17 19:25:00,0.028,OPEN,0.0,1,Long
0x6ae91f9044b365bc545fbaefecc120afb3f0e0b8,ETH,1629.3677,0.3908,BUY,2024-02-17 20:39:00,-0.0261,CLOSE,15.07,10,Long
0x4f4a940690ae223310632fab09b9ce1d1115fe6b,MATIC,0.8338,0.3832,SELL,2024-02-17 20:47:00,-0.2632,OPEN,0.0,50,Short
0x78af6c0c766c104d1e512e617f991e02976ce472,SOL,18.4456,0.724,SELL,2024-02-17 21:22:00,-0.1821,CLOSE,-3.85,2,Short
0x925c717311ca9170b4ac3e9b636d21179e3359dd,MATIC,0.9809,0.8162,SELL,2024-02-18 05:56:00,0.2615,CLOSE,-4.43,5,Short
0x09fceb2336574e225ea891b132998c73f4696abe,AVAX,13.9718,0.4138,SELL,2024-02-18 07:50:00,0.0824,CLOSE,2.95,5,Short
0xa2e1a7b77321268164f1cab8f52cd112cfe0f364,AVAX,13.8069,0.1136,BUY,2024-02-18 08:16:00,-0.0695,OPEN,0.0,5,Long
0x4939835272851ed4624ebeef2cd55b020d083576,ETH,1701.9982,0.1908,BUY,2024-02-18 10:55:00,0.0189,OPEN,0.0,20,Long
0x23be95267b9414f864c908abccf5f987e42ce22c,DOGE,0.066,0.3552,BUY,2024-02-18 13:14:00,-0.4565,OPEN,0.0,50,Long
0x4939835272851ed4624ebeef2cd55b020d083576,MATIC,0.8189,0.8888,SELL,2024-02-18 15:44:00,0.3905,CLOSE,32.49,20,Short
0x5f3203e5a82554fb4ff75ee00ec09483e2ae0341,SOL,20.0925,0.0385,SELL,2024-02-18 16:53:00,-0.007,CLOSE,9.54,3,Short
0xe2c1562bb67f7a529b76e91f7196d63f54ccddaf,MATIC,0.9018,0.0761,BUY,2024-02-18 19:29:00,-0.0118,OPEN,0.0,3,Long
0x4ccba13ed55148644802487bce53eb55921ba0fe,DOGE,0.0699,0.3239,SELL,2024-02-19 02:59:00,0.1037,CLOSE,-27.92,20,Short
0x0af6790523dd0af40c1c3a03a4c1a0df6067eba2,BTC,26582.9128,0.0728,BUY,2024-02-19 05:17:00,0.0258,CLOSE,3.42,3,Long
0xcfd86a92699b4e78a9d76f77c3658a5933d981e1,MATIC,0.8893,1.5096,BUY,2024-02-19 10:21:00,0.6851,CLOSE,-1.55,1,Long
0x6262afa887ea89b1b66c12e70d25de9412bdf3dd,LINK,6.0558,0.2234,SELL,2024-02-19 12:00:00,0.1364,OPEN,0.0,10,Short
0xe921971dbc1ec5636c7872b4ccfded69e5a45abe,LINK,6.2849,0.3516,BUY,2024-02-19 12:52:00,-0.3015,CLOSE,-156.42,50,Long
0xb429f0db71443a6dc3b6dd7fc8a7ccec4aa6dfca,BTC,26173.0193,0.3203,SELL,2024-02-19 13:37:00,0.1216,OPEN,0.0,1,Short
0xd45a1cd4a5790cb05bf8c66c9c2a4154c047bb63,BTC,27249.0895,0.6993,SELL,2024-02-19 22:52:00,0.1882,CLOSE,11.23,5,Short
0xc599099a389d38c5d9c8b5481edbeba0598102b1,OP,1.5942,0.1553,SELL,2024-02-20 03:50:00,0.0922,CLOSE,5.93,3,Short
0x78af6c0c766c104d1e512e617f991e02976ce472,DOGE,0.0705,0.0273,BUY,2024-02-20 09:05:00,-0.0148,OPEN,0.0,3,Long
0x925c717311ca9170b4ac3e9b636d21179e3359dd,ARB,1.2906,0.303,BUY,2024-02-20 15:54:00,-0.0373,OPEN,0.0,20,Long
0xee391c2f221fd53d6a55604791a2377121504c19,MATIC,0.9203,0.5012,BUY,2024-02-20 17:01:00,0.369,CLOSE,-0.3,1,Long
0x09fceb2336574e225ea891b132998c73f4696abe,ARB,1.2519,0.5229,BUY,2024-02-20 19:45:00,0.2234,CLOSE,-6.13,5,Long
0xb2ad781ab883a8f93650bcd708f6c9529a07f690,OP,1.4456,0.4489,SELL,2024-02-20 21:03:00,-0.1268,CLOSE,13.58,10,Short
0x37d65217f9a89b91d3d82602fe21b9178f03dce8,BTC,24145.4571,0.1223,BUY,2024-02-20 21:45:00,-0.0031,CLOSE,-7.8,5,Long
0x9f46469dacc43d56c35b79bae4905b54b673b96f,AVAX,13.7088,0.6073,SELL,2024-02-20 22:51:00,0.1595,CLOSE,-6.53,3,Short
0xe2c1562bb67f7a529b76e91f7196d63f54ccddaf,DOGE,0.0725,0.7731,SELL,2024-02-20 22:56:00,-0.3746,OPEN,0.0,1,Short
0x0f2f77b9475059e62105e77b8d130a7cd6f85ea9,AVAX,12.7716,0.055,BUY,2024-02-21 10:11:00,0.0038,OPEN,0.0,20,Long
0xc61546b61eada8292e6df67fbf85809118265b37,ARB,1.1616,0.1805,BUY,2024-02-21 16:51:00,-0.0804,OPEN,0.0,5,Long
0xebf28c699b1e7f2ad3e31316d86da0df789a475b,ETH,1574.2692,0.9395,BUY,2024-02-21 22:29:00,0.9756,CLOSE,0.83,1,Long
0x646d2815b93dc22b981b7152e79d208287e60827,MATIC,0.8751,0.0221,BUY,2024-02-22 00:27:00,0.0017,CLOSE,-7.66,2,Long
0x37d65217f9a89b91d3d82602fe21b9178f03dce8,SOL,19.4871,0.2709,SELL,2024-02-22 08:21:00,0.0662,OPEN,0.0,50,Short
0x7968a5f8676e6b77d71e6dadf79e40929b9c9eb0,DOGE,0.0745,0.3569,SELL,2024-02-22 13:09:00,0.1011,OPEN,0.0,5,Short
0xc87fa1c370a4cdce8a3de02aecd8246696f21820,ARB,1.2049,0.14,BUY,2024-02-22 15:26:00,0.0825,CLOSE,-1.07,2,Long
0x23be95267b9414f864c908abccf5f987e42ce22c,BNB,215.8247,0.1373,SELL,2024-02-22 15:54:00,-0.0786,OPEN,0.0,1,Short
0xc4dea9884019946f0c0617e568292cdd487b5de4,ARB,1.1527,0.361,SELL,2024-02-22 19:18:00,-0.1574,OPEN,0.0,50,Short
0x2e380d92bab460b09297a542e4b0198e2c87e43c,AVAX,13.1958,0.6872,BUY,2024-02-22 19:40:00,-0.0865,CLOSE,2.37,1,Long
0x4939835272851ed4624ebeef2cd55b020d083576,BNB,223.8088,0.0572,BUY,2024-02-22 19:42:00,-0.029,CLOSE,-45.16,50,Long
0x43daceb7e014b2c8f1e1dea64bf293277027181b,BNB,178.5661,0.1873,SELL,2024-02-23 05:47:00,0.0331,CLOSE,-12.63,5,Short
0xb2ad781ab883a8f93650bcd708f6c9529a07f690,DOGE,0.073,0.0949,SELL,2024-02-23 07:23:00,0.0584,CLOSE,10.41,3,Short
0x47484e135be5cc29287e7165fb9c975996f6a214,LINK,5.7405,0.0392,SELL,2024-02-23 09:22:00,-0.0019,OPEN,0.0,10,Short
0xd45a1cd4a5790cb05bf8c66c9c2a4154c047bb63,LINK,5.901,0.3436,BUY,2024-02-23 13:46:00,0.0488,OPEN,0.0,1,Long
0xd070b332429151e576014d456b91028526f824b6,LINK,5.8402,0.3408,BUY,2024-02-23 18:33:00,-0.1705,OPEN,0.0,2,Long
0xeea684c1f340e7d01d339e94e345a318e63f4345,LINK,5.6235,0.4429,SELL,2024-02-23 20:24:00,0.4913,OPEN,0.0,50,Short
0x0328d5d04ef6b199bde888fc75394a7e49cbb2e3,AVAX,14.6447,0.5322,BUY,2024-02-23 21:43:00,-0.0454,OPEN,0.0,20,Long
0xaa624205b23ee2d620474b557ab013e55b55c926,DOGE,0.0729,0.0304,BUY,2024-02-24 01:15:00,-0.0004,OPEN,0.0,20,Long
0xedbe03d7cf3f6121ea929dfa1841270856f03d2b,LINK,6.0641,0.5904,BUY,2024-02-24 09:20:00,-0.06,CLOSE,2.67,1,Long
0xe921971dbc1ec5636c7872b4ccfded69e5a45abe,ARB,1.1432,0.2506,BUY,2024-02-24 09:52:00,-0.0139,OPEN,0.0,50,Long
0x6772ce2c78ad77d185e724baf3c73fc855e0c397,SOL,18.7126,0.1605,BUY,2024-02-24 18:47:00,-0.0145,OPEN,0.0,20,Long
0x3be2f0013aec35a8fd588a7ee15b7c917e04dd75,ETH,1461.3144,0.1888,SELL,2024-02-24 19:09:00,-0.2011,OPEN,0.0,2,Short
0xbb4e5487f3cf95039e0674754240ffcd91dcb7b6,BNB,202.6829,0.3976,BUY,2024-02-24 22:11:00,-0.1039,CLOSE,-2.8,1,Long
0x6ae91f9044b365bc545fbaefecc120afb3f0e0b8,SOL,20.3217,0.2915,BUY,2024-02-24 23:42:00,0.0245,OPEN,0.0,2,Long
0x893c0ce1b001bed43dbe9f36ff779cf9df99e513,BTC,26208.5089,0.6618,BUY,2024-02-25 02:34:00,0.1445,CLOSE,45.12,50,Long
0x0e414a03aedcefa5c05276b7aa873350baf6378b,ETH,1649.2764,0.48,BUY,2024-02-25 02:46:00,0.0321,CLOSE,1.44,1,Long
0x6262afa887ea89b1b66c12e70d25de9412bdf3dd,OP,1.3919,0.0194,SELL,2024-02-25 04:14:00,0.0092,CLOSE,-8.42,20,Short
0xe2c1562bb67f7a529b76e91f7196d63f54ccddaf,MATIC,0.8965,0.1519,SELL,2024-02-25 08:16:00,0.0029,OPEN,0.0,20,Short
0x2e380d92bab460b09297a542e4b0198e2c87e43c,BTC,25052.1887,0.1488,SELL,2024-02-25 11:58:00,-0.0851,OPEN,0.0,10,Short
0xc87fa1c370a4cdce8a3de02aecd8246696f21820,ARB,1.158,0.9341,SELL,2024-02-25 13:26:00,-0.1082,OPEN,0.0,10,Short
0xd070b332429151e576014d456b91028526f824b6,MATIC,0.9389,1.1889,SELL,2024-02-25 17:53:00,0.4572,CLOSE,60.12,50,Short
0x987c1d0a09e6109925ce9325a327c9bc34db8d33,DOGE,0.0675,0.103,SELL,2024-02-25 18:08:00,-0.0451,OPEN,0.0,1,Short
0x744cb7ef9bc0528b331a9c8cbdd555eeda37cf0e,AVAX,14.3644,0.1158,BUY,2024-02-25 18:16:00,0.0752,OPEN,0.0,5,Long
0xa2e1a7b77321268164f1cab8f52cd112cfe0f364,ARB,1.3089,0.7053,SELL,2024-02-25 18:39:00,-0.3066,OPEN,0.0,2,Short
0x9f46469dacc43d56c35b79bae4905b54b673b96f,BTC,24434.4222,0.2531,SELL,2024-02-25 22:47:00,0.0983,OPEN,0.0,2,Short
0x0328d5d04ef6b199bde888fc75394a7e49cbb2e3,MATIC,0.9068,0.1217,SELL,2024-02-26 04:35:00,0.1195,CLOSE,1.83,1,Short
0xea061b83a2dc03d04b9b22920149ea6f5465fa27,OP,1.5824,0.0159,BUY,2024-02-26 06:58:00,0.0155,OPEN,0.0,10,Long
0x37d65217f9a89b91d3d82602fe21b9178f03dce8,BTC,25816.8487,0.0403,SELL,2024-02-26 07:31:00,-0.018,CLOSE,2.49,1,Short
0x6ae91f9044b365bc545fbaefecc120afb3f0e0b8,DOGE,0.0705,0.0315,BUY,2024-02-26 07:34:00,-0.0005,OPEN,0.0,50,Long
0x79734a87ec5efa730c4a5d0ff563bac34e411e6b,BTC,23679.9615,0.558,BUY,2024-02-26 15:59:00,-0.0717,OPEN,0.0,20,Long
0x78af6c0c766c104d1e512e617f991e02976ce472,DOGE,0.0765,0.2555,BUY,2024-02-26 17:22:00,-0.0534,CLOSE,-0.57,1,Long
0xcfd86a92699b4e78a9d76f77c3658a5933d981e1,AVAX,14.0919,0.6106,BUY,2024-02-26 17:50:00,0.2031,OPEN,0.0,20,Long
0x47484e135be5cc29287e7165fb9c975996f6a214,OP,1.5649,0.0567,SELL,2024-02-26 22:03:00,-0.0039,CLOSE,-7.28,5,Short
0xeebc475a7fbdf24e9a015d16ca79c7f443e7ab81,SOL,21.0665,0.101,BUY,2024-02-26 23:23:00,-0.0224,CLOSE,-3.18,2,Long
0x6772ce2c78ad77d185e724baf3c73fc855e0c397,BTC,24604.0436,0.0526,SELL,2024-02-26 23:35:00,-0.0006,OPEN,0.0,2,Short
0xe921971dbc1ec5636c7872b4ccfded69e5a45abe,LINK,6.4085,0.4198,BUY,2024-02-27 00:32:00,0.3814,CLOSE,3.73,5,Long
0xbb4e5487f3cf95039e0674754240ffcd91dcb7b6,LINK,6.012,0.0171,BUY,2024-02-27 01:22:00,-0.0179,OPEN,0.0,20,Long
0x23be95267b9414f864c908abccf5f987e42ce22c,ARB,1.0835,0.0897,BUY,2024-02-27 07:48:00,0.0457,CLOSE,-0.31,2,Long
0x24a05b6a280881d9f48b32588c8c89018988a3b9,BNB,208.8408,0.7407,BUY,2024-02-27 12:48:00,-0.1863,OPEN,0.0,1,Long
0x79734a87ec5efa730c4a5d0ff563bac34e411e6b,LINK,5.6216,0.3953,SELL,2024-02-27 14:10:00,0.2333,CLOSE,7.17,3,Short
0xd070b332429151e576014d456b91028526f824b6,ARB,1.1136,0.1728,SELL,2024-02-27 15:38:00,-0.2468,CLOSE,-23.95,50,Short
0x6121a1650753afb98b8a066940907804424fc225,ETH,1615.5944,0.4603,SELL,2024-02-27 16:42:00,0.1415,OPEN,0.0,2,Short
0xe921971dbc1ec5636c7872b4ccfded69e5a45abe,AVAX,11.7488,0.289,SELL,2024-02-27 17:13:00,0.2494,CLOSE,0.34,1,Short
0x4939835272851ed4624ebeef2cd55b020d083576,MATIC,0.8492,0.1131,SELL,2024-02-27 20:56:00,-0.0515,OPEN,0.0,1,Short
0x9f46469dacc43d56c35b79bae4905b54b673b96f,SOL,20.0126,0.0483,SELL,2024-02-28 04:57:00,0.0114,OPEN,0.0,50,Short
0x8528643b6c996c090947e88b00fe1763200c3698,BNB,213.0477,0.5427,SELL,2024-02-28 07:55:00,-0.5843,OPEN,0.0,50,Short
0xdaae4227dfe85b6068adba35a50dd7a2e75f34fe,ETH,1565.2164,0.2594,BUY,2024-02-28 15:00:00,0.1058,OPEN,0.0,20,Long
0x5cc6e86a6eb53b1f13feb35d2a7d10c872850f05,BNB,189.3307,0.8059,BUY,2024-02-28 15:32:00,0.3185,OPEN,0.0,10,Long
0x79734a87ec5efa730c4a5d0ff563bac34e411e6b,DOGE,0.0647,0.9341,BUY,2024-02-28 16:06:00,0.0884,CLOSE,-0.8,2,Long
0x744cb7ef9bc0528b331a9c8cbdd555eeda37cf0e,LINK,5.6911,1.5252,BUY,2024-02-28 22:31:00,0.6107,CLOSE,-34.22,50,Long
0xebf28c699b1e7f2ad3e31316d86da0df789a475b,ETH,1634.7437,0.8665,SELL,2024-02-28 23:03:00,0.3693,OPEN,0.0,5,Short
0x1d186cb24f764ddad17b04d51d4a66b0c92ad716,DOGE,0.0674,0.3964,SELL,2024-02-29 06:09:00,-0.1106,CLOSE,13.26,10,Short
0xedbe03d7cf3f6121ea929dfa1841270856f03d2b,ARB,1.2589,0.4135,SELL,2024-02-29 08:02:00,-0.08,CLOSE,6.02,5,Short
0xeea684c1f340e7d01d339e94e345a318e63f4345,LINK,5.5836,0.0299,BUY,2024-02-29 10:48:00,0.0114,CLOSE,20.45,10,Long
0xd070b332429151e576014d456b91028526f824b6,ETH,1688.1392,0.7091,SELL,2024-02-29 11:26:00,-0.3919,CLOSE,-2.61,5,Short
0xaa624205b23ee2d620474b557ab013e55b55c926,LINK,6.0892,0.3871,SELL,2024-02-29 15:50:00,0.3227,OPEN,0.0,20,Short
0x4ccba13ed55148644802487bce53eb55921ba0fe,ARB,1.1061,0.2937,SELL,2024-02-29 17:49:00,0.1124,OPEN,0.0,5,Short
0xaa624205b23ee2d620474b557ab013e55b55c926,OP,1.527,0.2439,SELL,2024-02-29 19:34:00,0.0101,CLOSE,-1.55,2,Short
0xbdd2a8dc587fa386779f90becc9694c9586d3ce5,AVAX,14.6671,0.2334,SELL,2024-02-29 20:48:00,0.0541,OPEN,0.0,10,Short
0x23be95267b9414f864c908abccf5f987e42ce22c,BNB,205.331,0.129,BUY,2024-03-01 01:12:00,-0.036,CLOSE,-10.48,10,Long
0xc599099a389d38c5d9c8b5481edbeba0598102b1,DOGE,0.072,0.8042,SELL,2024-03-01 03:06:00,-0.5946,CLOSE,-21.8,5,Short
0x646d2815b93dc22b981b7152e79d208287e60827,BTC,25657.4216,0.2609,BUY,2024-03-01 07:01:00,0.0318,OPEN,0.0,3,Long
0xd45a1cd4a5790cb05bf8c66c9c2a4154c047bb63,LINK,6.1141,0.1777,SELL,2024-03-01 07:51:00,-0.1611,CLOSE,-39.3,20,Short
0xe2f5ee794b96897c7d576413e0148b2e8f9fa655,LINK,6.2754,0.6189,BUY,2024-03-01 08:18:00,0.2126,OPEN,0.0,10,Long
0x453dd2d9eed5ff86eb409796ee5f1e1d285c33d4,MATIC,0.8818,0.5037,BUY,2024-03-01 08:48:00,0.5032,OPEN,0.0,2,Long
0x1d186cb24f764ddad17b04d51d4a66b0c92ad716,ARB,1.2974,0.4383,BUY,2024-03-01 13:09:00,0.201,OPEN,0.0,10,Long
0x0328d5d04ef6b199bde888fc75394a7e49cbb2e3,AVAX,12.8302,0.195,BUY,2024-03-01 13:45:00,0.2038,CLOSE,-8.31,2,Long
0xd45a1cd4a5790cb05bf8c66c9c2a4154c047bb63,LINK,5.8455,1.7112,BUY,2024-03-01 17:38:00,-0.4404,OPEN,0.0,20,Long
0xd45a1cd4a5790cb05bf8c66c9c2a4154c047bb63,ETH,1651.6478,0.5609,BUY,2024-03-01 17:42:00,0.1974,OPEN,0.0,2,Long
0x09fceb2336574e225ea891b132998c73f4696abe,MATIC,0.9056,0.4579,BUY,2024-03-01 18:02:00,0.1301,CLOSE,-10.0,5,Long
0xd070b332429151e576014d456b91028526f824b6,AVAX,13.9922,0.2668,SELL,2024-03-02 00:36:00,0.0619,OPEN,0.0,50,Short
0xbdd2a8dc587fa386779f90becc9694c9586d3ce5,ETH,1539.5197,0.1954,BUY,2024-03-02 02:05:00,0.2038,CLOSE,6.58,10,Long
0xb4d87bd4dc83166db001549b0f7dd10ed8172a97,ARB,1.1438,0.146,SELL,2024-03-02 06:08:00,-0.0487,OPEN,0.0,50,Short
0x1d186cb24f764ddad17b04d51d4a66b0c92ad716,MATIC,0.9089,0.4475,BUY,2024-03-02 08:45:00,-0.1871,OPEN,0.0,20,Long
0x7968a5f8676e6b77d71e6dadf79e40929b9c9eb0,MATIC,0.8416,0.672,BUY,2024-03-02 11:31:00,0.2349,OPEN,0.0,3,Long
0xe2c1562bb67f7a529b76e91f7196d63f54ccddaf,BNB,222.1091,0.4216,BUY,2024-03-02 13:01:00,-0.0525,OPEN,0.0,20,Long
0x4ccba13ed55148644802487bce53eb55921ba0fe,DOGE,0.0722,0.2942,BUY,2024-03-02 13:06:00,0.1713,CLOSE,0.77,1,Long
0x8528643b6c996c090947e88b00fe1763200c3698,SOL,20.6952,0.1334,BUY,2024-03-02 13:43:00,0.0716,OPEN,0.0,5,Long
0x2d1a95b8825f9bbc7b309def655febd63cc1029d,BTC,24420.065,0.3517,SELL,2024-03-02 17:09:00,0.0032,OPEN,0.0,5,Short
0x2d1a95b8825f9bbc7b309def655febd63cc1029d,OP,1.4788,0.616,SELL,2024-03-02 23:06:00,0.3243,OPEN,0.0,3,Short
0xdaae4227dfe85b6068adba35a50dd7a2e75f34fe,LINK,6.1789,0.198,SELL,2024-03-03 02:47:00,-0.0051,CLOSE,-0.57,2,Short
0xea061b83a2dc03d04b9b22920149ea6f5465fa27,SOL,21.0363,0.8447,SELL,2024-03-03 06:17:00,-0.1967,CLOSE,-6.95,2,Short
0x7d320effc2b28f577dcd364c61661834374cb1ee,AVAX,13.3977,0.0427,BUY,2024-03-03 07:53:00,-0.0082,OPEN,0.0,2,Long
0xdb5102ee19e81b7181b47ffb28758462bdc6a2f6,MATIC,0.8603,1.139,BUY,2024-03-03 09:14:00,-0.1408,CLOSE,56.38,20,Long
0xa2e1a7b77321268164f1cab8f52cd112cfe0f364,AVAX,14.555,0.2255,SELL,2024-03-03 09:16:00,0.0092,CLOSE,1.87,10,Short
0xb4d87bd4dc83166db001549b0f7dd10ed8172a97,ARB,1.1443,0.1625,BUY,2024-03-03 11:54:00,-0.041,OPEN,0.0,20,Long
0xc599099a389d38c5d9c8b5481edbeba0598102b1,ARB,1.2138,0.1488,BUY,2024-03-03 14:11:00,0.012,OPEN,0.0,5,Long
0x09fceb2336574e225ea891b132998c73f4696abe,OP,1.3588,2.2379,BUY,2024-03-03 15:39:00,-1.7048,CLOSE,-3.25,1,Long
0x3be2f0013aec35a8fd588a7ee15b7c917e04dd75,SOL,19.7757,0.0176,BUY,2024-03-03 17:58:00,-0.0072,OPEN,0.0,50,Long
0x7d320effc2b28f577dcd364c61661834374cb1ee,BTC,24759.5488,0.0883,BUY,2024-03-03 18:42:00,0.0133,OPEN,0.0,1,Long
0x4379bda828db78e0c9e1b8c145905c0b109af197,ETH,1667.059,0.015,BUY,2024-03-03 21:10:00,0.0021,OPEN,0.0,50,Long
0x30cf07144e7941c6c51824aa794607d5a2f34311,ETH,1596.4511,0.2477,SELL,2024-03-03 22:57:00,-0.0484,OPEN,0.0,2,Short
0xeebc475a7fbdf24e9a015d16ca79c7f443e7ab81,ARB,1.1898,0.7035,SELL,2024-03-04 01:29:00,-0.2859,CLOSE,0.71,10,Short
0xeea684c1f340e7d01d339e94e345a318e63f4345,OP,1.4678,1.0549,BUY,2024-03-04 02:08:00,0.3106,OPEN,0.0,2,Long
0xb973994ea6148c341bff47f5e9721ff9029420df,ARB,1.1958,0.0725,BUY,2024-03-04 02:48:00,-0.0185,CLOSE,12.15,5,Long
0x6ae91f9044b365bc545fbaefecc120afb3f0e0b8,AVAX,13.9458,0.4704,BUY,2024-03-04 03:05:00,-0.2811,OPEN,0.0,50,Long
0xea061b83a2dc03d04b9b22920149ea6f5465fa27,AVAX,14.2288,1.0214,SELL,2024-03-04 08:22:00,-0.7095,CLOSE,21.18,20,Short
0x744c9dcc29d0c40a3d305d66bb7cf1e724333f73,BNB,220.1459,0.2683,BUY,2024-03-04 13:00:00,0.0575,OPEN,0.0,20,Long
0x6772ce2c78ad77d185e724baf3c73fc855e0c397,SOL,18.5933,0.778,BUY,2024-03-04 14:05:00,-0.8157,OPEN,0.0,3,Long
0x5adebdbe4ffde843c5c0942476dafed98f4081ed,BNB,197.9533,0.3236,BUY,2024-03-04 16:53:00,-0.0348,OPEN,0.0,50,Long
0xee391c2f221fd53d6a55604791a2377121504c19,SOL,19.4592,0.4913,SELL,2024-03-04 17:12:00,-0.015,OPEN,0.0,10,Short
0xebf28c699b1e7f2ad3e31316d86da0df789a475b,OP,1.292,0.4741,SELL,2024-03-04 17:27:00,0.4908,OPEN,0.0,1,Short
0xaa624205b23ee2d620474b557ab013e55b55c926,BNB,215.8081,0.1128,SELL,2024-03-04 18:18:00,-0.0309,CLOSE,-0.31,2,Short
0xdaae4227dfe85b6068adba35a50dd7a2e75f34fe,ETH,1598.6351,0.6358,BUY,2024-03-04 18:38:00,0.0604,OPEN,0.0,20,Long
0x0285eb8e3dcc5302124dd67b15b3a223cf2bd3b2,BNB,198.1613,0.0414,BUY,2024-03-04 21:41:00,0.0233,OPEN,0.0,3,Long
0xb77e6e8c09d1faa2d9fa8746ce75c51abe7252be,SOL,19.3484,0.399,SELL,2024-03-05 01:44:00,0.272,CLOSE,3.52,2,Short
0xeea684c1f340e7d01d339e94e345a318e63f4345,BTC,24729.8695,0.3379,SELL,2024-03-05 06:08:00,-0.1717,CLOSE,-143.16,50,Short
0xc87fa1c370a4cdce8a3de02aecd8246696f21820,OP,1.5799,1.5231,BUY,2024-03-05 06:33:00,-0.739,OPEN,0.0,10,Long
0x14fb2d0de7f331f4ab61b71a9d5c4c8e4ef8c0e5,LINK,5.6645,0.3966,BUY,2024-03-05 06:58:00,0.0218,CLOSE,4.42,10,Long
0x744cb7ef9bc0528b331a9c8cbdd555eeda37cf0e,DOGE,0.0705,0.0198,SELL,2024-03-05 10:28:00,0.0108,OPEN,0.0,20,Short
0xb429f0db71443a6dc3b6dd7fc8a7ccec4aa6dfca,MATIC,0.9588,0.2314,BUY,2024-03-05 13:46:00,0.1501,CLOSE,0.11,2,Long
0x6121a1650753afb98b8a066940907804424fc225,MATIC,0.9144,0.2869,SELL,2024-03-05 22:00:00,0.099,CLOSE,-10.03,2,Short
0x9c453737aa43460414e9164eba11d3f5579cf2f1,DOGE,0.0677,0.6519,SELL,2024-03-05 22:27:00,-0.4327,CLOSE,-18.05,20,Short
0xee391c2f221fd53d6a55604791a2377121504c19,OP,1.6415,0.4725,BUY,2024-03-05 22:44:00,0.2419,CLOSE,2.57,2,Long
0x24a05b6a280881d9f48b32588c8c89018988a3b9,ARB,1.2359,0.694,BUY,2024-03-06 02:23:00,-0.5985,OPEN,0.0,3,Long
0x7d320effc2b28f577dcd364c61661834374cb1ee,AVAX,14.0386,0.3713,SELL,2024-03-06 03:46:00,-0.1726,OPEN,0.0,20,Short
0xee391c2f221fd53d6a55604791a2377121504c19,ETH,1523.7711,0.388,SELL,2024-03-06 07:48:00,-0.0451,CLOSE,-16.03,20,Short
0xedbe03d7cf3f6121ea929dfa1841270856f03d2b,OP,1.5355,0.4217,SELL,2024-03-06 10:20:00,-0.0668,CLOSE,2.01,1,Short
0xbdd2a8dc587fa386779f90becc9694c9586d3ce5,BTC,25543.4626,1.0165,SELL,2024-03-06 12:02:00,0.2416,CLOSE,0.84,2,Short
0x1d186cb24f764ddad17b04d51d4a66b0c92ad716,ARB,1.1436,0.5318,SELL,2024-03-06 17:48:00,-0.2267,OPEN,0.0,3,Short
0x78af6c0c766c104d1e512e617f991e02976ce472,MATIC,0.8519,2.2975,SELL,2024-03-06 18:09:00,-1.3668,OPEN,0.0,3,Short
0x6772ce2c78ad77d185e724baf3c73fc855e0c397,MATIC,0.905,1.7543,SELL,2024-03-06 18:10:00,-0.1788,OPEN,0.0,5,Short
0xd45a1cd4a5790cb05bf8c66c9c2a4154c047bb63,SOL,18.7807,0.2673,BUY,2024-03-06 21:14:00,-0.0007,CLOSE,-2.43,2,Long
0x4379bda828db78e0c9e1b8c145905c0b109af197,BTC,23223.8825,0.1185,BUY,2024-03-07 00:40:00,0.0194,CLOSE,-18.99,20,Long
0x8528643b6c996c090947e88b00fe1763200c3698,ARB,1.3039,0.0895,BUY,2024-03-07 02:48:00,-0.0755,CLOSE,32.96,20,Long
0x24a05b6a280881d9f48b32588c8c89018988a3b9,AVAX,14.5423,0.5792,BUY,2024-03-07 04:26:00,0.4305,CLOSE,-12.95,5,Long
0xe2c1562bb67f7a529b76e91f7196d63f54ccddaf,DOGE,0.0668,0.6268,BUY,2024-03-07 10:11:00,-0.1449,OPEN,0.0,3,Long
0xb77e6e8c09d1faa2d9fa8746ce75c51abe7252be,MATIC,0.8806,0.0631,SELL,2024-03-07 19:36:00,0.057,OPEN,0.0,20,Short
0x453dd2d9eed5ff86eb409796ee5f1e1d285c33d4,SOL,18.8325,0.5787,SELL,2024-03-07 20:55:00,-0.1678,CLOSE,0.34,5,Short
0xdb5102ee19e81b7181b47ffb28758462bdc6a2f6,SOL,20.2644,0.1423,SELL,2024-03-07 23:45:00,-0.0369,CLOSE,-6.94,2,Short
0x30cf07144e7941c6c51824aa794607d5a2f34311,ARB,1.1831,0.2396,BUY,2024-03-08 00:48:00,0.0118,OPEN,0.0,1,Long
0x2fb4e305fa7f9e99b4f649c36ab6f03349f63204,AVAX,14.0628,1.1726,SELL,2024-03-08 02:30:00,0.1418,OPEN,0.0,5,Short
0x6772ce2c78ad77d185e724baf3c73fc855e0c397,MATIC,0.9199,0.3915,SELL,2024-03-08 04:53:00,-0.147,CLOSE,-17.4,20,Short
0x6772ce2c78ad77d185e724baf3c73fc855e0c397,OP,1.2958,1.0698,BUY,2024-03-08 12:08:00,0.5042,CLOSE,329.31,50,Long
0xebf28c699b1e7f2ad3e31316d86da0df789a475b,MATIC,0.9635,0.2687,BUY,2024-03-08 13:48:00,-0.063,OPEN,0.0,5,Long
0x7968a5f8676e6b77d71e6dadf79e40929b9c9eb0,MATIC,0.908,0.2217,SELL,2024-03-08 18:56:00,0.3234,CLOSE,52.88,50,Short
0xe921971dbc1ec5636c7872b4ccfded69e5a45abe,MATIC,0.915,2.8521,BUY,2024-03-08 20:23:00,-1.2314,CLOSE,-28.77,20,Long
0xb5165416bd5e31205f5eebdb26cd1592ebddca2e,MATIC,0.9122,0.2899,BUY,2024-03-08 21:49:00,0.1297,OPEN,0.0,1,Long
0xb4d87bd4dc83166db001549b0f7dd10ed8172a97,BNB,213.7615,0.0194,SELL,2024-03-08 22:52:00,0.0183,CLOSE,1.49,1,Short
0xeea684c1f340e7d01d339e94e345a318e63f4345,SOL,20.1451,0.6827,SELL,2024-03-09 03:03:00,-0.2245,OPEN,0.0,50,Short
0x0285eb8e3dcc5302124dd67b15b3a223cf2bd3b2,MATIC,0.918,0.374,SELL,2024-03-09 05:32:00,0.0377,OPEN,0.0,20,Short
0xf547770f567ab48950b47158a6efc236cb73d8c1,BTC,25220.9526,0.0672,BUY,2024-03-09 05:55:00,-0.1056,CLOSE,33.75,20,Long
0x26e94b906f96d22acf1132f3c95ef725e7f49365,DOGE,0.0709,0.5286,BUY,2024-03-09 06:45:00,-0.0706,OPEN,0.0,50,Long
0xc87fa1c370a4cdce8a3de02aecd8246696f21820,AVAX,13.8338,0.0615,BUY,2024-03-09 08:00:00,0.0576,OPEN,0.0,10,Long
0x4f4a940690ae223310632fab09b9ce1d1115fe6b,BTC,23875.7909,0.1775,BUY,2024-03-09 08:39:00,-0.1026,CLOSE,-2.12,1,Long
0x893c0ce1b001bed43dbe9f36ff779cf9df99e513,LINK,6.2576,0.8026,BUY,2024-03-09 08:48:00,-0.2393,OPEN,0.0,2,Long
0xdaae4227dfe85b6068adba35a50dd7a2e75f34fe,LINK,6.0124,0.7551,SELL,2024-03-09 10:11:00,0.3916,CLOSE,7.17,2,Short
0xb5165416bd5e31205f5eebdb26cd1592ebddca2e,LINK,6.1668,0.3125,BUY,2024-03-09 15:12:00,-0.0924,OPEN,0.0,10,Long
0x744cb7ef9bc0528b331a9c8cbdd555eeda37cf0e,BTC,25637.345,0.1991,BUY,2024-03-09 15:25:00,0.1232,OPEN,0.0,10,Long
0x30cf07144e7941c6c51824aa794607d5a2f34311,SOL,20.018,0.0314,BUY,2024-03-09 16:47:00,0.0419,OPEN,0.0,3,Long
0x5a1966353c437c4a9bafc506875acdf42fc8ff65,LINK,5.7535,0.117,SELL,2024-03-09 16:49:00,0.095,CLOSE,-2.0,1,Short
0xbdd2a8dc587fa386779f90becc9694c9586d3ce5,BNB,208.6266,0.1885,SELL,2024-03-09 19:13:00,-0.2287,OPEN,0.0,3,Short
0x925c717311ca9170b4ac3e9b636d21179e3359dd,AVAX,14.7053,0.7845,SELL,2024-03-09 20:32:00,0.1594,CLOSE,-3.06,1,Short
0xc599099a389d38c5d9c8b5481edbeba0598102b1,BTC,26167.8999,0.08,BUY,2024-03-09 20:39:00,-0.0051,OPEN,0.0,50,Long
0x4379bda828db78e0c9e1b8c145905c0b109af197,AVAX,14.1097,1.6168,BUY,2024-03-09 22:17:00,0.8274,OPEN,0.0,20,Long
0x4aed548b0ad2ad42d36a65fc9fbb736529027373,MATIC,0.9118,1.1742,BUY,2024-03-10 02:22:00,0.7664,OPEN,0.0,20,Long
0x75e3bcbec520c0c454921cf1afac79214071ba6e,AVAX,14.1832,0.6001,BUY,2024-03-10 06:12:00,-0.3968,OPEN,0.0,50,Long
0x5f3203e5a82554fb4ff75ee00ec09483e2ae0341,MATIC,0.9019,0.0606,SELL,2024-03-10 16:23:00,0.0208,OPEN,0.0,5,Short
0x75e3bcbec520c0c454921cf1afac79214071ba6e,DOGE,0.0677,0.3471,BUY,2024-03-10 18:44:00,0.0744,OPEN,0.0,5,Long
0x925c717311ca9170b4ac3e9b636d21179e3359dd,AVAX,13.6014,0.4483,SELL,2024-03-10 21:01:00,0.1458,OPEN,0.0,2,Short
0x43daceb7e014b2c8f1e1dea64bf293277027181b,DOGE,0.067,0.1901,BUY,2024-03-10 22:36:00,0.1285,CLOSE,1.99,3,Long
0xdb5102ee19e81b7181b47ffb28758462bdc6a2f6,OP,1.5417,0.7351,BUY,2024-03-11 00:29:00,0.755,CLOSE,17.88,20,Long
0x79734a87ec5efa730c4a5d0ff563bac34e411e6b,SOL,20.7214,0.384,BUY,2024-03-11 04:06:00,0.4252,OPEN,0.0,2,Long
0x9f46469dacc43d56c35b79bae4905b54b673b96f,SOL,20.7159,0.5433,SELL,2024-03-11 05:13:00,0.2477,CLOSE,-17.19,20,Short
0x744cb7ef9bc0528b331a9c8cbdd555eeda37cf0e,AVAX,12.8156,0.3086,BUY,2024-03-11 05:50:00,0.1228,OPEN,0.0,1,Long
0x4379bda828db78e0c9e1b8c145905c0b109af197,ARB,1.2125,0.0221,BUY,2024-03-11 07:25:00,-0.0149,OPEN,0.0,3,Long
0x6772ce2c78ad77d185e724baf3c73fc855e0c397,MATIC,0.9079,0.9997,BUY,2024-03-11 08:12:00,-0.4825,CLOSE,1.49,3,Long
0x7d320effc2b28f577dcd364c61661834374cb1ee,MATIC,0.8872,0.3449,BUY,2024-03-11 08:46:00,0.2249,OPEN,0.0,5,Long
0xc599099a389d38c5d9c8b5481edbeba0598102b1,BTC,26460.7255,0.1829,SELL,2024-03-11 08:56:00,0.1117,OPEN,0.0,20,Short
0x9f46469dacc43d56c35b79bae4905b54b673b96f,SOL,19.4369,0.3666,BUY,2024-03-11 10:47:00,-0.1735,OPEN,0.0,20,Long
0x6ae91f9044b365bc545fbaefecc120afb3f0e0b8,MATIC,0.8522,0.9858,BUY,2024-03-11 11:44:00,-0.5816,OPEN,0.0,10,Long
0x6ae91f9044b365bc545fbaefecc120afb3f0e0b8,ARB,1.1444,0.0593,BUY,2024-03-11 17:13:00,0.0071,CLOSE,31.52,50,Long
0x6772ce2c78ad77d185e724baf3c73fc855e0c397,DOGE,0.0697,0.0349,BUY,2024-03-11 19:37:00,0.0148,OPEN,0.0,3,Long
0x9f46469dacc43d56c35b79bae4905b54b673b96f,ETH,1493.2312,0.9379,BUY,2024-03-11 21:31:00,0.2293,CLOSE,-40.63,50,Long
0x6772ce2c78ad77d185e724baf3c73fc855e0c397,BTC,23558.3119,0.0815,BUY,2024-03-12 03:18:00,0.0463,OPEN,0.0,2,Long
0xa2e1a7b77321268164f1cab8f52cd112cfe0f364,ARB,1.044,0.0306,BUY,2024-03-12 04:17:00,-0.0022,OPEN,0.0,2,Long
0x0f2f77b9475059e62105e77b8d130a7cd6f85ea9,ARB,1.1201,0.1697,BUY,2024-03-12 10:12:00,0.111,CLOSE,75.17,50,Long
0xee391c2f221fd53d6a55604791a2377121504c19,OP,1.4719,0.497,BUY,2024-03-12 13:07:00,-0.079,CLOSE,8.87,10,Long
0xcfd86a92699b4e78a9d76f77c3658a5933d981e1,BTC,23773.8532,0.7551,BUY,2024-03-12 14:29:00,-0.5014,CLOSE,-1.99,1,Long
0xea061b83a2dc03d04b9b22920149ea6f5465fa27,BNB,204.0268,2.7241,BUY,2024-03-12 16:40:00,-0.0702,CLOSE,-30.36,20,Long
0x4ccba13ed55148644802487bce53eb55921ba0fe,AVAX,14.6496,0.4162,BUY,2024-03-12 17:59:00,0.113,CLOSE,-90.23,50,Long
0xdaae4227dfe85b6068adba35a50dd7a2e75f34fe,AVAX,13.4364,0.3071,BUY,2024-03-12 18:05:00,0.1654,CLOSE,11.17,20,Long
0xa2a2e9a7468bbcd27e0f039d47476b02aac10637,MATIC,0.8983,0.1307,BUY,2024-03-13 01:55:00,0.029,OPEN,0.0,5,Long
0x6772ce2c78ad77d185e724baf3c73fc855e0c397,OP,1.5286,0.0834,BUY,2024-03-13 07:00:00,0.0033,OPEN,0.0,1,Long
0x0328d5d04ef6b199bde888fc75394a7e49cbb2e3,OP,1.6025,0.3828,BUY,2024-03-13 09:42:00,0.0599,OPEN,0.0,10,Long
0xdb5102ee19e81b7181b47ffb28758462bdc6a2f6,OP,1.6065,0.4365,BUY,2024-03-13 10:55:00,0.059,OPEN,0.0,50,Long
0xea061b83a2dc03d04b9b22920149ea6f5465fa27,MATIC,0.9616,0.5134,SELL,2024-03-13 16:49:00,-0.1148,CLOSE,5.32,2,Short
0x5adebdbe4ffde843c5c0942476dafed98f4081ed,BTC,23893.342,0.3718,SELL,2024-03-13 18:47:00,-0.1436,CLOSE,-1.68,1,Short
0xdaae4227dfe85b6068adba35a50dd7a2e75f34fe,ARB,1.2684,0.3409,BUY,2024-03-13 20:07:00,-0.2012,CLOSE,-0.75,1,Long
0x5d4e187b0ea64e520ab88273cce8678ddb6803c8,ETH,1491.066,1.6581,SELL,2024-03-13 22:56:00,-0.1153,CLOSE,2.63,1,Short
0xeebc475a7fbdf24e9a015d16ca79c7f443e7ab81,LINK,6.5379,1.1148,SELL,2024-03-14 02:57:00,0.1248,CLOSE,0.98,2,Short
0x30cf07144e7941c6c51824aa794607d5a2f34311,AVAX,12.4206,1.3746,SELL,2024-03-14 04:40:00,-0.8099,OPEN,0.0,50,Short
0xb2ad781ab883a8f93650bcd708f6c9529a07f690,MATIC,0.8927,1.2546,BUY,2024-03-14 05:11:00,0.6983,OPEN,0.0,10,Long
0x6772ce2c78ad77d185e724baf3c73fc855e0c397,BNB,207.3526,0.0356,SELL,2024-03-14 08:50:00,-0.0023,CLOSE,-0.78,10,Short
0xe2f5ee794b96897c7d576413e0148b2e8f9fa655,OP,1.603,0.7733,BUY,2024-03-14 10:48:00,0.0663,CLOSE,17.64,20,Long
0x8528643b6c996c090947e88b00fe1763200c3698,BTC,26706.9081,0.7689,BUY,2024-03-14 11:16:00,0.3138,CLOSE,-4.03,2,Long
0xb2ad781ab883a8f93650bcd708f6c9529a07f690,BNB,213.49,0.049,BUY,2024-03-14 13:09:00,0.0018,CLOSE,1.47,5,Long
0x79734a87ec5efa730c4a5d0ff563bac34e411e6b,BNB,210.8483,0.4622,BUY,2024-03-14 15:07:00,-0.1574,CLOSE,1.05,2,Long
0xea061b83a2dc03d04b9b22920149ea6f5465fa27,BTC,24986.135,0.7124,SELL,2024-03-14 16:13:00,0.0884,OPEN,0.0,10,Short
0x3be2f0013aec35a8fd588a7ee15b7c917e04dd75,SOL,19.2183,0.0206,BUY,2024-03-14 16:31:00,0.0091,OPEN,0.0,5,Long
0xb5165416bd5e31205f5eebdb26cd1592ebddca2e,BNB,227.6028,0.2749,SELL,2024-03-14 17:27:00,-0.0369,OPEN,0.0,20,Short
0xeea684c1f340e7d01d339e94e345a318e63f4345,LINK,6.0943,0.611,BUY,2024-03-15 00:25:00,-0.2764,CLOSE,10.65,5,Long
0xea061b83a2dc03d04b9b22920149ea6f5465fa27,LINK,5.9651,0.4827,SELL,2024-03-15 02:19:00,0.0518,OPEN,0.0,20,Short
0x744c9dcc29d0c40a3d305d66bb7cf1e724333f73,DOGE,0.065,0.2225,SELL,2024-03-15 03:50:00,-0.1743,CLOSE,8.06,20,Short
0xb2ad781ab883a8f93650bcd708f6c9529a07f690,MATIC,0.8506,0.2438,BUY,2024-03-15 07:02:00,0.0415,OPEN,0.0,3,Long
0x6ae91f9044b365bc545fbaefecc120afb3f0e0b8,SOL,17.2108,0.0384,SELL,2024-03-15 07:11:00,0.0012,CLOSE,7.91,2,Short
0xea061b83a2dc03d04b9b22920149ea6f5465fa27,LINK,5.8601,0.0157,SELL,2024-03-15 10:06:00,-0.0018,OPEN,0.0,3,Short
0x78af6c0c766c104d1e512e617f991e02976ce472,ARB,1.2047,0.5074,SELL,2024-03-15 10:12:00,-0.0552,OPEN,0.0,10,Short
0x8528643b6c996c090947e88b00fe1763200c3698,OP,1.5624,0.1506,SELL,2024-03-15 11:47:00,0.0137,CLOSE,37.49,10,Short
0x4ccba13ed55148644802487bce53eb55921ba0fe,ETH,1675.5508,0.0748,SELL,2024-03-15 12:55:00,-0.0716,OPEN,0.0,3,Short
0xa2e1a7b77321268164f1cab8f52cd112cfe0f364,LINK,5.7285,0.8376,SELL,2024-03-15 21:09:00,0.1754,CLOSE,-5.97,1,Short
0xdaae4227dfe85b6068adba35a50dd7a2e75f34fe,ETH,1404.0326,0.0892,SELL,2024-03-16 00:47:00,-0.018,OPEN,0.0,10,Short
0x893c0ce1b001bed43dbe9f36ff779cf9df99e513,MATIC,0.9215,0.3166,BUY,2024-03-16 03:45:00,0.1633,CLOSE,7.82,2,Long
0x744c9dcc29d0c40a3d305d66bb7cf1e724333f73,ARB,1.1958,0.4623,BUY,2024-03-16 04:34:00,0.0329,CLOSE,-3.37,2,Long
0x744c9dcc29d0c40a3d305d66bb7cf1e724333f73,MATIC,0.9198,0.6954,SELL,2024-03-16 05:59:00,-0.8897,CLOSE,-24.34,50,Short
0x6262afa887ea89b1b66c12e70d25de9412bdf3dd,BTC,24862.3355,1.0128,BUY,2024-03-16 08:24:00,-0.4179,CLOSE,-8.86,10,Long
0xeebc475a7fbdf24e9a015d16ca79c7f443e7ab81,BTC,24783.6602,0.2062,SELL,2024-03-16 09:55:00,0.0016,OPEN,0.0,1,Short
0x9c453737aa43460414e9164eba11d3f5579cf2f1,MATIC,0.9495,0.3125,BUY,2024-03-16 12:27:00,-0.0122,OPEN,0.0,1,Long
0x5a1966353c437c4a9bafc506875acdf42fc8ff65,OP,1.5773,0.1979,BUY,2024-03-16 16:06:00,-0.0776,CLOSE,3.04,2,Long
0x2e380d92bab460b09297a542e4b0198e2c87e43c,ARB,1.1848,0.2259,BUY,2024-03-16 16:33:00,-0.1092,CLOSE,14.42,10,Long
0xe2f5ee794b96897c7d576413e0148b2e8f9fa655,AVAX,14.9249,0.2066,BUY,2024-03-16 16:47:00,0.1374,OPEN,0.0,20,Long
0xe2f5ee794b96897c7d576413e0148b2e8f9fa655,OP,1.544,0.1737,SELL,2024-03-16 17:34:00,-0.0412,CLOSE,142.59,50,Short
0x2d1a95b8825f9bbc7b309def655febd63cc1029d,DOGE,0.0684,0.1516,BUY,2024-03-16 22:15:00,0.0023,OPEN,0.0,3,Long
0xb429f0db71443a6dc3b6dd7fc8a7ccec4aa6dfca,AVAX,12.8786,0.1682,BUY,2024-03-17 00:07:00,-0.0044,OPEN,0.0,2,Long
0xa2e1a7b77321268164f1cab8f52cd112cfe0f364,DOGE,0.0726,0.1037,SELL,2024-03-17 00:30:00,0.0274,CLOSE,5.15,10,Short
0x79734a87ec5efa730c4a5d0ff563bac34e411e6b,ETH,1625.7351,0.1683,BUY,2024-03-17 00:51:00,-0.0445,CLOSE,-5.58,3,Long
0x6772ce2c78ad77d185e724baf3c73fc855e0c397,BNB,203.0124,1.0582,BUY,2024-03-17 01:51:00,0.462,CLOSE,1.71,2,Long
0x5d4e187b0ea64e520ab88273cce8678ddb6803c8,LINK,5.8168,0.1574,SELL,2024-03-17 08:36:00,0.0084,CLOSE,100.46,50,Short
0xcfd86a92699b4e78a9d76f77c3658a5933d981e1,ARB,1.2173,0.7169,SELL,2024-03-17 13:23:00,0.4269,CLOSE,-15.37,10,Short
0x0285eb8e3dcc5302124dd67b15b3a223cf2bd3b2,DOGE,0.0682,0.2605,BUY,2024-03-17 14:05:00,0.073,CLOSE,-5.06,3,Long
0xb429f0db71443a6dc3b6dd7fc8a7ccec4aa6dfca,SOL,20.7012,0.4623,BUY,2024-03-17 16:46:00,0.1961,OPEN,0.0,1,Long
0x987c1d0a09e6109925ce9325a327c9bc34db8d33,AVAX,14.318,0.15,BUY,2024-03-17 16:56:00,-0.0764,OPEN,0.0,50,Long
0xb77e6e8c09d1faa2d9fa8746ce75c51abe7252be,BNB,227.9467,0.4268,SELL,2024-03-17 18:02:00,-0.2807,OPEN,0.0,2,Short
0x4379bda828db78e0c9e1b8c145905c0b109af197,DOGE,0.07,1.3507,BUY,2024-03-17 21:58:00,0.4058,CLOSE,11.4,5,Long
0x0328d5d04ef6b199bde888fc75394a7e49cbb2e3,BTC,24348.2486,0.2314,BUY,2024-03-17 22:46:00,0.1733,OPEN,0.0,3,Long
0xb973994ea6148c341bff47f5e9721ff9029420df,MATIC,0.8919,0.0905,SELL,2024-03-18 13:39:00,0.0638,OPEN,0.0,5,Short
0x744cb7ef9bc0528b331a9c8cbdd555eeda37cf0e,AVAX,14.4909,0.1383,BUY,2024-03-18 16:24:00,0.05,OPEN,0.0,10,Long
0xb2ad781ab883a8f93650bcd708f6c9529a07f690,OP,1.5354,0.6083,SELL,2024-03-18 18:19:00,0.2766,OPEN,0.0,50,Short
0x2e380d92bab460b09297a542e4b0198e2c87e43c,ARB,1.1512,0.1145,BUY,2024-03-18 18:50:00,0.1205,CLOSE,32.9,5,Long
0x6ae91f9044b365bc545fbaefecc120afb3f0e0b8,AVAX,13.413,0.3499,SELL,2024-03-18 20:19:00,0.2063,CLOSE,-0.19,1,Short
0x5f3203e5a82554fb4ff75ee00ec09483e2ae0341,AVAX,13.4348,0.2523,BUY,2024-03-18 23:33:00,-0.1256,OPEN,0.0,1,Long
0x9f46469dacc43d56c35b79bae4905b54b673b96f,MATIC,0.9941,0.1586,BUY,2024-03-19 01:13:00,0.0652,OPEN,0.0,5,Long
0xeea684c1f340e7d01d339e94e345a318e63f4345,OP,1.4952,0.8965,SELL,2024-03-19 01:42:00,-0.6106,CLOSE,1.15,3,Short
0x893c0ce1b001bed43dbe9f36ff779cf9df99e513,DOGE,0.0694,0.5622,BUY,2024-03-19 02:52:00,-0.3065,CLOSE,8.77,3,Long
0xc61546b61eada8292e6df67fbf85809118265b37,BTC,26880.0845,0.9989,SELL,2024-03-19 04:33:00,-0.2331,CLOSE,-4.12,3,Short
0xb2ad781ab883a8f93650bcd708f6c9529a07f690,BTC,24179.2318,0.18,SELL,2024-03-19 09:38:00,0.11,CLOSE,-3.24,1,Short
0xbdd2a8dc587fa386779f90becc9694c9586d3ce5,BNB,188.436,1.4263,BUY,2024-03-19 10:22:00,-0.3894,CLOSE,-51.99,20,Long
0x453dd2d9eed5ff86eb409796ee5f1e1d285c33d4,MATIC,0.8629,0.3032,SELL,2024-03-19 12:07:00,0.1419,OPEN,0.0,20,Short
0x4ccba13ed55148644802487bce53eb55921ba0fe,ARB,1.1685,0.2157,SELL,2024-03-19 18:20:00,0.1049,CLOSE,9.23,5,Short
0xb429f0db71443a6dc3b6dd7fc8a7ccec4aa6dfca,ARB,1.1135,1.3543,BUY,2024-03-19 19:31:00,-0.3023,OPEN,0.0,5,Long
0x0e414a03aedcefa5c05276b7aa873350baf6378b,LINK,6.1414,0.856,SELL,2024-03-19 19:34:00,-0.3018,OPEN,0.0,5,Short
0x525162b29a67219a10418bb3be42f9213b57465d,SOL,18.5244,0.5874,BUY,2024-03-19 20:38:00,-0.6032,OPEN,0.0,2,Long
0x646d2815b93dc22b981b7152e79d208287e60827,ETH,1728.4496,0.2093,BUY,2024-03-19 21:59:00,-0.2177,OPEN,0.0,1,Long
0x26e94b906f96d22acf1132f3c95ef725e7f49365,ARB,1.2961,0.1456,SELL,2024-03-19 23:28:00,-0.0047,CLOSE,-33.44,10,Short
0xe2f5ee794b96897c7d576413e0148b2e8f9fa655,ETH,1577.5911,0.0595,BUY,2024-03-20 04:24:00,0.0226,CLOSE,-0.65,1,Long
0x7d320effc2b28f577dcd364c61661834374cb1ee,ETH,1533.1874,0.0122,BUY,2024-03-20 05:45:00,-0.0017,CLOSE,-12.43,10,Long
0x7968a5f8676e6b77d71e6dadf79e40929b9c9eb0,BTC,24393.1898,0.4897,BUY,2024-03-20 09:26:00,-0.0015,OPEN,0.0,3,Long
0xa2a2e9a7468bbcd27e0f039d47476b02aac10637,BNB,235.4874,0.3731,SELL,2024-03-20 10:07:00,-0.052,CLOSE,2.42,3,Short
0x79734a87ec5efa730c4a5d0ff563bac34e411e6b,OP,1.3801,0.0791,SELL,2024-03-20 11:31:00,0.0048,CLOSE,56.44,50,Short
0x744c9dcc29d0c40a3d305d66bb7cf1e724333f73,BNB,213.2084,1.5948,SELL,2024-03-20 14:28:00,-0.9998,CLOSE,-8.02,5,Short
0x5adebdbe4ffde843c5c0942476dafed98f4081ed,ARB,1.1948,1.8146,SELL,2024-03-20 16:15:00,0.9898,OPEN,0.0,10,Short
0xb973994ea6148c341bff47f5e9721ff9029420df,BNB,217.8296,0.3355,SELL,2024-03-20 21:06:00,0.0119,CLOSE,210.15,50,Short
0xc87fa1c370a4cdce8a3de02aecd8246696f21820,BNB,217.6552,0.1238,SELL,2024-03-20 22:09:00,0.0217,OPEN,0.0,5,Short
0xbb4e5487f3cf95039e0674754240ffcd91dcb7b6,AVAX,13.5243,0.0579,BUY,2024-03-20 23:25:00,-0.0108,OPEN,0.0,2,Long
0xe2f5ee794b96897c7d576413e0148b2e8f9fa655,BTC,24905.0612,0.625,SELL,2024-03-21 01:26:00,-0.3403,OPEN,0.0,1,Short
0x8528643b6c996c090947e88b00fe1763200c3698,DOGE,0.0776,0.2954,BUY,2024-03-21 02:40:00,-0.0618,OPEN,0.0,3,Long
0xb5165416bd5e31205f5eebdb26cd1592ebddca2e,LINK,5.8845,0.0487,SELL,2024-03-21 04:08:00,0.0142,CLOSE,1.88,1,Short
0x0af6790523dd0af40c1c3a03a4c1a0df6067eba2,OP,1.5297,0.1696,SELL,2024-03-21 04:42:00,0.1401,CLOSE,-7.05,5,Short
0xf547770f567ab48950b47158a6efc236cb73d8c1,MATIC,0.9256,0.126,BUY,2024-03-21 09:53:00,-0.054,CLOSE,-13.39,20,Long
0x925c717311ca9170b4ac3e9b636d21179e3359dd,OP,1.2544,0.347,BUY,2024-03-21 10:59:00,-0.1419,CLOSE,1.97,3,Long
0x4aed548b0ad2ad42d36a65fc9fbb736529027373,MATIC,0.8801,0.1977,BUY,2024-03-21 11:31:00,0.0008,OPEN,0.0,50,Long
0xc87fa1c370a4cdce8a3de02aecd8246696f21820,BNB,216.8155,0.3848,BUY,2024-03-22 04:01:00,0.1771,CLOSE,-4.95,3,Long
0x14fb2d0de7f331f4ab61b71a9d5c4c8e4ef8c0e5,LINK,6.3472,0.943,SELL,2024-03-22 08:47:00,0.542,CLOSE,77.51,50,Short
0x925c717311ca9170b4ac3e9b636d21179e3359dd,BNB,194.4414,0.2643,BUY,2024-03-22 10:06:00,0.0597,OPEN,0.0,1,Long
0x4f4a940690ae223310632fab09b9ce1d1115fe6b,ETH,1505.3275,0.4754,SELL,2024-03-22 10:44:00,-0.2934,OPEN,0.0,2,Short
0x47484e135be5cc29287e7165fb9c975996f6a214,ARB,1.2487,0.0285,SELL,2024-03-22 14:04:00,0.0041,CLOSE,-0.91,1,Short
0x4f4a940690ae223310632fab09b9ce1d1115fe6b,ETH,1620.4936,3.58,BUY,2024-03-22 19:00:00,2.136,CLOSE,-3.82,2,Long
0xc87fa1c370a4cdce8a3de02aecd8246696f21820,LINK,6.226,0.0169,BUY,2024-03-22 19:03:00,-0.0016,CLOSE,-4.0,3,Long
0x0f2f77b9475059e62105e77b8d130a7cd6f85ea9,AVAX,14.2301,0.7888,BUY,2024-03-22 20:23:00,-0.1859,CLOSE,-1.92,1,Long
0xea061b83a2dc03d04b9b22920149ea6f5465fa27,ARB,1.1676,0.7282,BUY,2024-03-22 22:43:00,-0.3709,OPEN,0.0,50,Long
0x37d65217f9a89b91d3d82602fe21b9178f03dce8,DOGE,0.0724,0.0285,SELL,2024-03-23 00:30:00,-0.0029,OPEN,0.0,5,Short
0x4379bda828db78e0c9e1b8c145905c0b109af197,ETH,1580.8581,2.7892,SELL,2024-03-23 02:44:00,-1.4919,OPEN,0.0,1,Short
0xaa624205b23ee2d620474b557ab013e55b55c926,SOL,19.9324,0.4128,SELL,2024-03-23 03:50:00,-0.1618,OPEN,0.0,10,Short
0x4aed548b0ad2ad42d36a65fc9fbb736529027373,MATIC,0.9152,2.2683,SELL,2024-03-23 04:17:00,-0.4882,OPEN,0.0,3,Short
0x646d2815b93dc22b981b7152e79d208287e60827,SOL,20.0063,0.4938,SELL,2024-03-23 04:50:00,0.2244,CLOSE,-0.72,1,Short
0xb77e6e8c09d1faa2d9fa8746ce75c51abe7252be,ARB,1.1706,0.7273,SELL,2024-03-23 05:33:00,0.1455,CLOSE,-196.41,50,Short
0xf547770f567ab48950b47158a6efc236cb73d8c1,AVAX,13.9402,0.2289,SELL,2024-03-23 07:22:00,0.2222,OPEN,0.0,50,Short
0xedbe03d7cf3f6121ea929dfa1841270856f03d2b,DOGE,0.0749,0.6536,BUY,2024-03-23 07:38:00,-0.6012,CLOSE,-121.49,50,Long
0x78af6c0c766c104d1e512e617f991e02976ce472,DOGE,0.0722,0.0539,BUY,2024-03-23 10:33:00,0.0328,OPEN,0.0,20,Long
0x6772ce2c78ad77d185e724baf3c73fc855e0c397,ETH,1469.4388,0.325,SELL,2024-03-23 10:50:00,-0.1471,OPEN,0.0,20,Short
0xcfd86a92699b4e78a9d76f77c3658a5933d981e1,BTC,22239.5348,0.3696,BUY,2024-03-23 11:06:00,-0.1856,OPEN,0.0,20,Long
0xee391c2f221fd53d6a55604791a2377121504c19,AVAX,15.0645,0.9359,SELL,2024-03-23 11:26:00,-0.1231,CLOSE,11.85,50,Short
0x1df10b04fc8b7bb56232fbf467593f3d4db7f636,DOGE,0.0695,0.3659,SELL,2024-03-23 16:46:00,-0.069,OPEN,0.0,5,Short
0x0e414a03aedcefa5c05276b7aa873350baf6378b,SOL,20.1213,0.6442,BUY,2024-03-23 18:42:00,0.0463,CLOSE,-7.63,5,Long
0xf547770f567ab48950b47158a6efc236cb73d8c1,AVAX,13.7918,0.7029,BUY,2024-03-24 03:47:00,0.4611,OPEN,0.0,5,Long
0xbdd2a8dc587fa386779f90becc9694c9586d3ce5,ARB,1.2139,0.2213,BUY,2024-03-24 05:47:00,0.008,CLOSE,1.29,1,Long
0xb429f0db71443a6dc3b6dd7fc8a7ccec4aa6dfca,ETH,1461.1586,0.2244,BUY,2024-03-24 13:27:00,-0.0363,OPEN,0.0,2,Long
0xe921971dbc1ec5636c7872b4ccfded69e5a45abe,BNB,200.1929,1.7951,BUY,2024-03-24 15:29:00,0.0416,OPEN,0.0,50,Long
0x23be95267b9414f864c908abccf5f987e42ce22c,BTC,24592.7353,0.4667,BUY,2024-03-24 15:51:00,-0.2237,OPEN,0.0,3,Long
0xc87fa1c370a4cdce8a3de02aecd8246696f21820,BNB,222.9757,0.7473,BUY,2024-03-24 20:41:00,-0.4002,CLOSE,-90.22,50,Long
0x5a1966353c437c4a9bafc506875acdf42fc8ff65,AVAX,14.8198,0.2193,BUY,2024-03-25 03:25:00,0.0118,OPEN,0.0,5,Long
0x0e414a03aedcefa5c05276b7aa873350baf6378b,ETH,1579.9811,0.267,BUY,2024-03-25 03:51:00,-0.0424,OPEN,0.0,20,Long
0xb973994ea6148c341bff47f5e9721ff9029420df,BTC,25906.0367,0.1988,SELL,2024-03-25 06:48:00,0.0364,CLOSE,2.43,1,Short
0x43daceb7e014b2c8f1e1dea64bf293277027181b,BTC,21336.129,0.7056,SELL,2024-03-25 07:41:00,0.6961,CLOSE,-5.23,3,Short
0x3be2f0013aec35a8fd588a7ee15b7c917e04dd75,BNB,210.0154,0.2844,SELL,2024-03-25 08:55:00,-0.2756,OPEN,0.0,20,Short
0x4aed548b0ad2ad42d36a65fc9fbb736529027373,BTC,26025.1977,1.042,BUY,2024-03-25 09:50:00,-0.1061,CLOSE,11.14,3,Long
0x30cf07144e7941c6c51824aa794607d5a2f34311,MATIC,0.8833,0.4081,SELL,2024-03-25 13:59:00,-0.0741,OPEN,0.0,50,Short
0x2e380d92bab460b09297a542e4b0198e2c87e43c,ARB,1.2948,0.3886,SELL,2024-03-25 16:34:00,0.2063,CLOSE,146.4,50,Short
0x30cf07144e7941c6c51824aa794607d5a2f34311,AVAX,14.5418,1.1135,SELL,2024-03-25 16:43:00,-0.0042,CLOSE,-64.06,50,Short
0xaa624205b23ee2d620474b557ab013e55b55c926,ETH,1567.9793,1.3334,BUY,2024-03-25 17:36:00,0.1088,OPEN,0.0,10,Long
0x525162b29a67219a10418bb3be42f9213b57465d,OP,1.4541,0.036,BUY,2024-03-25 18:53:00,0.0022,CLOSE,12.33,5,Long
0x0285eb8e3dcc5302124dd67b15b3a223cf2bd3b2,ETH,1681.1716,0.1925,SELL,2024-03-25 21:02:00,0.1614,CLOSE,-5.37,3,Short
0x744c9dcc29d0c40a3d305d66bb7cf1e724333f73,DOGE,0.0653,0.333,BUY,2024-03-26 02:07:00,-0.161,OPEN,0.0,50,Long
0x3be2f0013aec35a8fd588a7ee15b7c917e04dd75,OP,1.5497,0.1077,BUY,2024-03-26 10:47:00,0.0632,OPEN,0.0,10,Long
0xd45a1cd4a5790cb05bf8c66c9c2a4154c047bb63,DOGE,0.0758,0.4789,BUY,2024-03-26 11:20:00,0.1016,OPEN,0.0,1,Long
0x4ccba13ed55148644802487bce53eb55921ba0fe,SOL,21.1931,0.6265,BUY,2024-03-26 11:36:00,-0.2411,CLOSE,2.39,2,Long
0x4ccba13ed55148644802487bce53eb55921ba0fe,ARB,1.2185,0.4374,SELL,2024-03-26 12:22:00,0.085,CLOSE,-6.83,20,Short
0x7968a5f8676e6b77d71e6dadf79e40929b9c9eb0,LINK,5.3579,0.3597,SELL,2024-03-26 15:29:00,0.0661,OPEN,0.0,10,Short
0x26e94b906f96d22acf1132f3c95ef725e7f49365,AVAX,15.9837,0.911,SELL,2024-03-26 19:48:00,-0.2166,OPEN,0.0,10,Short
0xc599099a389d38c5d9c8b5481edbeba0598102b1,BNB,218.5468,0.8168,BUY,2024-03-27 01:20:00,0.0525,CLOSE,35.97,10,Long
0x893c0ce1b001bed43dbe9f36ff779cf9df99e513,BNB,204.9668,0.1414,BUY,2024-03-27 04:14:00,0.0137,CLOSE,-123.86,50,Long
0x30cf07144e7941c6c51824aa794607d5a2f34311,LINK,6.0054,0.4862,SELL,2024-03-27 06:57:00,0.1149,OPEN,0.0,20,Short
0xc599099a389d38c5d9c8b5481edbeba0598102b1,BNB,217.1033,1.8354,BUY,2024-03-27 08:56:00,-1.006,CLOSE,-36.8,10,Long
0xc4dea9884019946f0c0617e568292cdd487b5de4,LINK,6.1907,0.6138,SELL,2024-03-27 09:22:00,0.2581,OPEN,0.0,20,Short
0x4f4a940690ae223310632fab09b9ce1d1115fe6b,BNB,213.3941,0.0265,BUY,2024-03-27 15:15:00,0.0026,CLOSE,15.18,10,Long
0x79734a87ec5efa730c4a5d0ff563bac34e411e6b,BNB,219.0522,0.2343,SELL,2024-03-27 16:25:00,-0.1415,OPEN,0.0,50,Short
0x0e414a03aedcefa5c05276b7aa873350baf6378b,BTC,24663.8891,0.0546,BUY,2024-03-27 17:27:00,-0.0302,CLOSE,0.51,5,Long
0xbb4e5487f3cf95039e0674754240ffcd91dcb7b6,OP,1.4021,0.1392,BUY,2024-03-27 19:21:00,-0.1267,CLOSE,7.43,3,Long
0x4939835272851ed4624ebeef2cd55b020d083576,ARB,1.1423,0.0245,BUY,2024-03-27 20:22:00,-0.004,OPEN,0.0,3,Long
0x3be2f0013aec35a8fd588a7ee15b7c917e04dd75,LINK,6.1464,0.1579,SELL,2024-03-27 21:31:00,0.1395,OPEN,0.0,2,Short
0x0328d5d04ef6b199bde888fc75394a7e49cbb2e3,OP,1.4601,0.104,BUY,2024-03-28 01:16:00,0.0544,OPEN,0.0,1,Long
0xf547770f567ab48950b47158a6efc236cb73d8c1,BNB,212.0781,0.0696,BUY,2024-03-28 05:19:00,-0.0141,OPEN,0.0,2,Long
0x79734a87ec5efa730c4a5d0ff563bac34e411e6b,MATIC,0.8764,0.7004,SELL,2024-03-28 09:46:00,0.0534,CLOSE,-2.3,2,Short
0x0328d5d04ef6b199bde888fc75394a7e49cbb2e3,ARB,1.0779,0.7457,SELL,2024-03-28 09:49:00,-0.207,CLOSE,19.31,5,Short
0x8528643b6c996c090947e88b00fe1763200c3698,AVAX,15.0567,0.9134,BUY,2024-03-28 20:26:00,-1.3549,OPEN,0.0,50,Long
0x6121a1650753afb98b8a066940907804424fc225,AVAX,13.2288,0.4749,BUY,2024-03-28 20:33:00,0.2433,OPEN,0.0,3,Long
0xee391c2f221fd53d6a55604791a2377121504c19,MATIC,0.958,1.1305,SELL,2024-03-28 21:47:00,0.2969,OPEN,0.0,20,Short
0x4ccba13ed55148644802487bce53eb55921ba0fe,DOGE,0.0728,1.1533,BUY,2024-03-28 22:12:00,-0.9543,CLOSE,-5.46,3,Long
0xf547770f567ab48950b47158a6efc236cb73d8c1,BNB,217.7986,0.2175,BUY,2024-03-28 23:58:00,-0.1532,CLOSE,-9.97,5,Long
0x925c717311ca9170b4ac3e9b636d21179e3359dd,OP,1.5251,1.3242,SELL,2024-03-29 01:26:00,0.3739,OPEN,0.0,3,Short
0xdaae4227dfe85b6068adba35a50dd7a2e75f34fe,BNB,200.031,0.2931,BUY,2024-03-29 01:58:00,0.2103,CLOSE,4.0,5,Long
0xea061b83a2dc03d04b9b22920149ea6f5465fa27,SOL,20.8096,0.339,SELL,2024-03-29 02:27:00,0.0133,CLOSE,-3.16,3,Short
0xea061b83a2dc03d04b9b22920149ea6f5465fa27,MATIC,0.8794,1.1702,BUY,2024-03-29 06:26:00,-0.1613,CLOSE,1.98,1,Long
0xb973994ea6148c341bff47f5e9721ff9029420df,ARB,1.2112,0.2421,BUY,2024-03-29 06:50:00,-0.0328,OPEN,0.0,50,Long
0x3be2f0013aec35a8fd588a7ee15b7c917e04dd75,MATIC,0.8443,0.3165,BUY,2024-03-29 10:24:00,0.1087,OPEN,0.0,20,Long
0xdaae4227dfe85b6068adba35a50dd7a2e75f34fe,ETH,1642.9208,0.2224,SELL,2024-03-29 20:28:00,-0.0999,CLOSE,0.2,1,Short
0xdaae4227dfe85b6068adba35a50dd7a2e75f34fe,MATIC,0.9223,2.4759,BUY,2024-03-29 21:10:00,-1.3363,OPEN,0.0,2,Long
0x9c453737aa43460414e9164eba11d3f5579cf2f1,ETH,1600.6453,0.2098,SELL,2024-03-30 03:39:00,-0.0008,CLOSE,-2.07,3,Short
0x646d2815b93dc22b981b7152e79d208287e60827,BNB,210.7919,0.0778,BUY,2024-03-30 03:51:00,-0.0399,OPEN,0.0,10,Long
0x30cf07144e7941c6c51824aa794607d5a2f34311,ETH,1653.6176,0.3162,BUY,2024-03-30 04:30:00,0.107,OPEN,0.0,5,Long
0x4939835272851ed4624ebeef2cd55b020d083576,ETH,1660.8937,0.0653,SELL,2024-03-30 05:27:00,0.0219,CLOSE,-10.65,20,Short
0x6772ce2c78ad77d185e724baf3c73fc855e0c397,SOL,21.1968,0.0233,BUY,2024-03-30 08:25:00,0.005,OPEN,0.0,50,Long
0x47484e135be5cc29287e7165fb9c975996f6a214,LINK,5.1698,0.3789,BUY,2024-03-30 11:04:00,0.2432,CLOSE,290.36,50,Long
0x0e414a03aedcefa5c05276b7aa873350baf6378b,ETH,1517.7535,0.2198,SELL,2024-03-30 13:16:00,0.0695,CLOSE,-4.77,2,Short
0x744c9dcc29d0c40a3d305d66bb7cf1e724333f73,ARB,1.318,0.1381,BUY,2024-03-30 15:43:00,-0.0813,OPEN,0.0,1,Long
0x4ccba13ed55148644802487bce53eb55921ba0fe,SOL,18.2262,0.3573,SELL,2024-03-30 15:58:00,-0.5391,OPEN,0.0,5,Short
0xa2e1a7b77321268164f1cab8f52cd112cfe0f364,DOGE,0.069,0.0847,BUY,2024-03-30 17:12:00,-0.0373,CLOSE,38.38,50,Long
0x37d65217f9a89b91d3d82602fe21b9178f03dce8,BNB,186.6024,0.1523,BUY,2024-03-30 19:15:00,0.0286,OPEN,0.0,5,Long
0x0f2f77b9475059e62105e77b8d130a7cd6f85ea9,BTC,24353.2963,1.5544,BUY,2024-03-31 00:01:00,0.6178,OPEN,0.0,2,Long
0xee391c2f221fd53d6a55604791a2377121504c19,BTC,24325.088,1.1195,SELL,2024-03-31 01:09:00,-0.6279,OPEN,0.0,3,Short
0xedbe03d7cf3f6121ea929dfa1841270856f03d2b,MATIC,0.852,0.1035,SELL,2024-03-31 01:35:00,-0.0035,CLOSE,7.37,3,Short
0x09fceb2336574e225ea891b132998c73f4696abe,OP,1.5444,0.0775,SELL,2024-03-31 04:59:00,-0.0045,CLOSE,-2.55,2,Short
0x453dd2d9eed5ff86eb409796ee5f1e1d285c33d4,MATIC,0.9125,0.8607,SELL,2024-03-31 05:49:00,0.6218,OPEN,0.0,20,Short
0x2fb4e305fa7f9e99b4f649c36ab6f03349f63204,BTC,24160.8447,1.0018,BUY,2024-03-31 06:06:00,0.0676,CLOSE,-1.39,2,Long
0xb5165416bd5e31205f5eebdb26cd1592ebddca2e,BNB,200.7538,0.4012,BUY,2024-03-31 06:32:00,0.065,OPEN,0.0,5,Long
0x6262afa887ea89b1b66c12e70d25de9412bdf3dd,SOL,18.2418,0.0865,BUY,2024-03-31 08:11:00,-0.0109,CLOSE,0.12,1,Long
0xeebc475a7fbdf24e9a015d16ca79c7f443e7ab81,BNB,216.5101,0.1605,SELL,2024-03-31 14:28:00,0.0825,OPEN,0.0,5,Short
0xedbe03d7cf3f6121ea929dfa1841270856f03d2b,BTC,23986.8893,0.1775,SELL,2024-03-31 15:02:00,-0.0412,OPEN,0.0,1,Short
0xa2e1a7b77321268164f1cab8f52cd112cfe0f364,LINK,5.9054,0.2499,BUY,2024-03-31 18:01:00,0.0289,CLOSE,-3.8,5,Long
0xc4dea9884019946f0c0617e568292cdd487b5de4,OP,1.5328,0.1585,SELL,2024-03-31 18:57:00,-0.0032,CLOSE,-254.42,50,Short
0x47484e135be5cc29287e7165fb9c975996f6a214,DOGE,0.0704,0.4632,SELL,2024-03-31 19:21:00,-0.4999,CLOSE,-23.22,20,Short
0xb5165416bd5e31205f5eebdb26cd1592ebddca2e,BNB,195.7522,0.0637,SELL,2024-03-31 19:43:00,0.0071,CLOSE,-0.33,1,Short
0xdb5102ee19e81b7181b47ffb28758462bdc6a2f6,BNB,217.7757,0.0121,BUY,2024-03-31 20:10:00,0.0012,CLOSE,-1.7,50,Long
0x4aed548b0ad2ad42d36a65fc9fbb736529027373,BTC,22520.2972,0.6335,SELL,2024-03-31 22:55:00,-0.1648,OPEN,0.0,20,Short
0xc61546b61eada8292e6df67fbf85809118265b37,OP,1.6255,0.3,BUY,2024-04-01 01:54:00,0.0389,OPEN,0.0,2,Long
0x8528643b6c996c090947e88b00fe1763200c3698,OP,1.5021,0.8469,SELL,2024-04-01 02:16:00,-0.7135,OPEN,0.0,5,Short
0x23be95267b9414f864c908abccf5f987e42ce22c,OP,1.5647,0.0626,SELL,2024-04-01 02:20:00,-0.0646,CLOSE,-18.11,20,Short
0x30cf07144e7941c6c51824aa794607d5a2f34311,DOGE,0.0673,0.8144,BUY,2024-04-01 05:23:00,0.0479,CLOSE,-24.7,10,Long
0x4f4a940690ae223310632fab09b9ce1d1115fe6b,DOGE,0.0759,1.5449,SELL,2024-04-01 06:24:00,0.3112,CLOSE,-2.31,1,Short
0x2fb4e305fa7f9e99b4f649c36ab6f03349f63204,LINK,5.6406,0.1725,SELL,2024-04-01 08:22:00,0.0765,OPEN,0.0,50,Short
0x4aed548b0ad2ad42d36a65fc9fbb736529027373,BTC,24905.2453,0.6346,SELL,2024-04-01 10:48:00,0.1147,OPEN,0.0,1,Short
0xcfd86a92699b4e78a9d76f77c3658a5933d981e1,MATIC,0.9283,0.519,BUY,2024-04-01 11:24:00,0.0927,CLOSE,-4.85,2,Long
0x0e414a03aedcefa5c05276b7aa873350baf6378b,ARB,1.1769,0.5138,BUY,2024-04-01 12:48:00,0.0741,OPEN,0.0,20,Long
0xb5165416bd5e31205f5eebdb26cd1592ebddca2e,ARB,1.1976,0.4005,SELL,2024-04-01 21:34:00,0.2075,OPEN,0.0,1,Short
0x925c717311ca9170b4ac3e9b636d21179e3359dd,ETH,1741.6565,0.2692,BUY,2024-04-01 21:36:00,-0.1652,CLOSE,-1.08,1,Long
0xc61546b61eada8292e6df67fbf85809118265b37,SOL,17.4697,2.5555,SELL,2024-04-01 21:37:00,-0.3654,OPEN,0.0,10,Short
0xdaae4227dfe85b6068adba35a50dd7a2e75f34fe,OP,1.4799,2.306,SELL,2024-04-02 01:27:00,-2.8079,CLOSE,-3.48,5,Short
0x0e414a03aedcefa5c05276b7aa873350baf6378b,DOGE,0.0687,0.066,SELL,2024-04-02 07:21:00,0.0205,OPEN,0.0,10,Short
0x7968a5f8676e6b77d71e6dadf79e40929b9c9eb0,AVAX,14.5225,0.1476,BUY,2024-04-02 07:23:00,-0.0026,OPEN,0.0,10,Long
0x744cb7ef9bc0528b331a9c8cbdd555eeda37cf0e,ARB,1.2715,0.447,SELL,2024-04-02 09:07:00,-0.305,OPEN,0.0,3,Short
0xe921971dbc1ec5636c7872b4ccfded69e5a45abe,DOGE,0.073,0.0476,BUY,2024-04-02 09:21:00,-0.0118,OPEN,0.0,2,Long
0x37d65217f9a89b91d3d82602fe21b9178f03dce8,BNB,202.7111,0.1223,SELL,2024-04-02 09:39:00,-0.0323,CLOSE,14.03,5,Short
0xdaae4227dfe85b6068adba35a50dd7a2e75f34fe,ETH,1657.1283,0.0601,BUY,2024-04-02 10:16:00,-0.0131,CLOSE,-0.16,5,Long
0xbb4e5487f3cf95039e0674754240ffcd91dcb7b6,MATIC,0.9131,0.6689,BUY,2024-04-02 14:38:00,0.0108,CLOSE,1.95,2,Long
0x4aed548b0ad2ad42d36a65fc9fbb736529027373,SOL,19.4394,0.3457,BUY,2024-04-02 15:29:00,-0.0917,OPEN,0.0,3,Long
0x6ae91f9044b365bc545fbaefecc120afb3f0e0b8,BTC,25386.4471,0.765,BUY,2024-04-02 16:30:00,-0.2616,CLOSE,-13.39,3,Long
0x1df10b04fc8b7bb56232fbf467593f3d4db7f636,ETH,1665.2401,0.0478,BUY,2024-04-02 20:26:00,-0.0011,CLOSE,-16.95,10,Long
0xb2ad781ab883a8f93650bcd708f6c9529a07f690,MATIC,0.938,0.8247,BUY,2024-04-02 20:26:00,0.2307,CLOSE,6.66,3,Long
0xa2e1a7b77321268164f1cab8f52cd112cfe0f364,ETH,1679.9535,0.4257,BUY,2024-04-03 01:36:00,0.268,OPEN,0.0,1,Long
0x14fb2d0de7f331f4ab61b71a9d5c4c8e4ef8c0e5,LINK,6.6338,1.01,BUY,2024-04-03 06:58:00,0.3241,CLOSE,-2.0,3,Long
0x37d65217f9a89b91d3d82602fe21b9178f03dce8,SOL,21.8064,0.0183,SELL,2024-04-03 07:31:00,0.0023,OPEN,0.0,2,Short
0x5d4e187b0ea64e520ab88273cce8678ddb6803c8,DOGE,0.0669,0.2023,SELL,2024-04-03 08:58:00,-0.0383,CLOSE,3.66,2,Short
0xc61546b61eada8292e6df67fbf85809118265b37,OP,1.5563,0.1234,SELL,2024-04-03 08:59:00,-0.0239,CLOSE,9.4,5,Short
0x2d1a95b8825f9bbc7b309def655febd63cc1029d,ETH,1644.9939,0.0515,SELL,2024-04-03 12:48:00,-0.0156,CLOSE,1.1,1,Short
0x2d1a95b8825f9bbc7b309def655febd63cc1029d,BNB,219.692,0.1556,SELL,2024-04-03 13:54:00,0.0316,CLOSE,2.87,3,Short
0x0285eb8e3dcc5302124dd67b15b3a223cf2bd3b2,ARB,1.0668,0.0953,SELL,2024-04-03 15:28:00,-0.0667,CLOSE,2.53,1,Short
0x6121a1650753afb98b8a066940907804424fc225,LINK,6.4536,0.5222,BUY,2024-04-03 22:46:00,-0.0402,OPEN,0.0,1,Long
0xdb5102ee19e81b7181b47ffb28758462bdc6a2f6,ETH,1717.2574,0.2149,BUY,2024-04-03 23:15:00,-0.0853,OPEN,0.0,10,Long
0x23be95267b9414f864c908abccf5f987e42ce22c,MATIC,0.8443,0.6471,BUY,2024-04-04 00:34:00,-0.1724,OPEN,0.0,1,Long
0x1d186cb24f764ddad17b04d51d4a66b0c92ad716,ARB,1.1439,0.5737,SELL,2024-04-04 03:05:00,-0.064,CLOSE,4.43,2,Short
0x78af6c0c766c104d1e512e617f991e02976ce472,OP,1.5733,0.3315,BUY,2024-04-04 05:26:00,0.1252,OPEN,0.0,50,Long
0xf547770f567ab48950b47158a6efc236cb73d8c1,SOL,19.8015,1.363,BUY,2024-04-04 07:05:00,-0.601,OPEN,0.0,3,Long
0x79734a87ec5efa730c4a5d0ff563bac34e411e6b,AVAX,13.8783,0.155,BUY,2024-04-04 09:39:00,0.1037,CLOSE,-10.03,50,Long
0xc87fa1c370a4cdce8a3de02aecd8246696f21820,ARB,1.1409,0.0286,BUY,2024-04-04 10:37:00,0.0028,CLOSE,7.37,3,Long
0x1d186cb24f764ddad17b04d51d4a66b0c92ad716,DOGE,0.0674,0.8212,BUY,2024-04-04 11:42:00,0.1971,CLOSE,27.81,5,Long
0xf547770f567ab48950b47158a6efc236cb73d8c1,OP,1.5861,0.3627,BUY,2024-04-04 12:00:00,0.2615,CLOSE,-4.62,5,Long
0xb4d87bd4dc83166db001549b0f7dd10ed8172a97,ETH,1512.5097,0.9935,SELL,2024-04-04 12:52:00,-0.4803,CLOSE,0.01,3,Short
0x0e414a03aedcefa5c05276b7aa873350baf6378b,SOL,21.2351,0.9597,SELL,2024-04-04 14:54:00,-0.1536,CLOSE,6.72,5,Short
0x0285eb8e3dcc5302124dd67b15b3a223cf2bd3b2,DOGE,0.0732,0.1116,SELL,2024-04-04 20:15:00,0.0057,OPEN,0.0,3,Short
0xeea684c1f340e7d01d339e94e345a318e63f4345,DOGE,0.0706,0.7333,SELL,2024-04-04 23:30:00,-0.1951,OPEN,0.0,2,Short
0xee391c2f221fd53d6a55604791a2377121504c19,ETH,1509.09,0.776,SELL,2024-04-05 02:50:00,0.0899,OPEN,0.0,10,Short
0x1d186cb24f764ddad17b04d51d4a66b0c92ad716,BTC,23841.8584,0.4546,SELL,2024-04-05 05:57:00,-0.1213,OPEN,0.0,20,Short
0x14fb2d0de7f331f4ab61b71a9d5c4c8e4ef8c0e5,ETH,1589.2495,0.7045,SELL,2024-04-05 10:39:00,0.8779,OPEN,0.0,50,Short
0xea061b83a2dc03d04b9b22920149ea6f5465fa27,DOGE,0.073,1.6725,BUY,2024-04-05 11:37:00,-0.751,CLOSE,6.55,2,Long
0xe2c1562bb67f7a529b76e91f7196d63f54ccddaf,BTC,26241.1964,1.2196,SELL,2024-04-05 12:33:00,0.7329,CLOSE,0.24,2,Short
0xb429f0db71443a6dc3b6dd7fc8a7ccec4aa6dfca,BTC,23569.5585,0.134,BUY,2024-04-05 13:54:00,0.0047,OPEN,0.0,3,Long
0xedbe03d7cf3f6121ea929dfa1841270856f03d2b,ARB,1.0847,0.0848,BUY,2024-04-05 14:33:00,0.0934,CLOSE,1.36,1,Long
0xe2c1562bb67f7a529b76e91f7196d63f54ccddaf,BTC,26294.6656,0.1504,SELL,2024-04-05 16:22:00,0.0563,CLOSE,-8.56,3,Short
0xb2ad781ab883a8f93650bcd708f6c9529a07f690,DOGE,0.0695,0.0672,BUY,2024-04-05 17:33:00,0.0136,OPEN,0.0,20,Long
0x1d186cb24f764ddad17b04d51d4a66b0c92ad716,OP,1.5269,0.2534,SELL,2024-04-05 20:49:00,0.2551,CLOSE,-2.54,5,Short
0xedbe03d7cf3f6121ea929dfa1841270856f03d2b,SOL,21.3094,1.2551,SELL,2024-04-05 21:35:00,0.2456,OPEN,0.0,5,Short
0xe2c1562bb67f7a529b76e91f7196d63f54ccddaf,MATIC,0.9169,0.5015,SELL,2024-04-05 23:03:00,-0.1229,CLOSE,-5.83,2,Short
0x09fceb2336574e225ea891b132998c73f4696abe,SOL,20.6734,0.9598,BUY,2024-04-06 02:01:00,0.0776,CLOSE,-32.04,20,Long
0x5adebdbe4ffde843c5c0942476dafed98f4081ed,MATIC,0.9603,0.5037,SELL,2024-04-06 07:44:00,0.0361,CLOSE,0.46,2,Short
0x14fb2d0de7f331f4ab61b71a9d5c4c8e4ef8c0e5,BNB,198.1731,0.269,SELL,2024-04-06 11:20:00,0.0871,OPEN,0.0,50,Short
0x75e3bcbec520c0c454921cf1afac79214071ba6e,OP,1.476,0.5663,SELL,2024-04-06 11:46:00,-0.5038,OPEN,0.0,20,Short
0xe2f5ee794b96897c7d576413e0148b2e8f9fa655,MATIC,0.8613,0.0891,SELL,2024-04-06 12:48:00,0.0151,OPEN,0.0,5,Short
0xb973994ea6148c341bff47f5e9721ff9029420df,DOGE,0.0675,0.1472,BUY,2024-04-06 13:49:00,-0.0677,CLOSE,5.4,3,Long
0x79734a87ec5efa730c4a5d0ff563bac34e411e6b,ETH,1636.8043,0.1678,BUY,2024-04-06 15:04:00,0.019,OPEN,0.0,2,Long
0xeebc475a7fbdf24e9a015d16ca79c7f443e7ab81,LINK,6.4076,0.0862,BUY,2024-04-06 19:17:00,-0.0153,CLOSE,3.98,5,Long
0xee391c2f221fd53d6a55604791a2377121504c19,BTC,23932.5839,0.3709,BUY,2024-04-06 19:29:00,-0.0397,CLOSE,52.1,20,Long
0x525162b29a67219a10418bb3be42f9213b57465d,OP,1.5048,0.6443,SELL,2024-04-06 20:53:00,-0.2347,CLOSE,3.01,2,Short
0x4aed548b0ad2ad42d36a65fc9fbb736529027373,DOGE,0.071,1.6475,BUY,2024-04-06 22:36:00,-0.2283,CLOSE,2.14,2,Long
0x1d186cb24f764ddad17b04d51d4a66b0c92ad716,OP,1.4798,0.7369,SELL,2024-04-06 23:17:00,-0.7249,CLOSE,0.58,10,Short
0xd45a1cd4a5790cb05bf8c66c9c2a4154c047bb63,DOGE,0.0676,0.6379,BUY,2024-04-07 06:26:00,0.4218,CLOSE,-4.23,2,Long
0x14fb2d0de7f331f4ab61b71a9d5c4c8e4ef8c0e5,AVAX,13.9249,0.2535,SELL,2024-04-07 08:39:00,0.0567,CLOSE,3.47,3,Short
0xe2c1562bb67f7a529b76e91f7196d63f54ccddaf,AVAX,13.831,0.6513,BUY,2024-04-07 09:53:00,-0.2517,OPEN,0.0,20,Long
0x4aed548b0ad2ad42d36a65fc9fbb736529027373,MATIC,0.8516,0.0579,BUY,2024-04-07 12:29:00,-0.0249,CLOSE,7.75,50,Long
0x43daceb7e014b2c8f1e1dea64bf293277027181b,DOGE,0.0675,0.8949,BUY,2024-04-07 13:24:00,0.3623,CLOSE,6.14,10,Long
0x987c1d0a09e6109925ce9325a327c9bc34db8d33,AVAX,13.4376,0.0166,BUY,2024-04-07 14:49:00,0.0042,OPEN,0.0,3,Long
0x0af6790523dd0af40c1c3a03a4c1a0df6067eba2,ETH,1481.9016,1.1354,BUY,2024-04-07 16:52:00,0.2526,CLOSE,5.28,3,Long
0x5f3203e5a82554fb4ff75ee00ec09483e2ae0341,BNB,199.5977,0.3937,SELL,2024-04-07 21:49:00,0.1239,CLOSE,-2.45,20,Short
0xea061b83a2dc03d04b9b22920149ea6f5465fa27,OP,1.5202,0.202,SELL,2024-04-07 22:01:00,-0.0873,CLOSE,14.86,10,Short
0x9c453737aa43460414e9164eba11d3f5579cf2f1,ETH,1603.6173,0.8052,BUY,2024-04-07 23:54:00,0.0206,OPEN,0.0,3,Long
0xf547770f567ab48950b47158a6efc236cb73d8c1,LINK,5.6749,0.2327,BUY,2024-04-08 03:53:00,0.008,CLOSE,-0.58,1,Long
0x09fceb2336574e225ea891b132998c73f4696abe,AVAX,13.9936,0.5784,SELL,2024-04-08 05:03:00,-0.4655,OPEN,0.0,3,Short
0x5a1966353c437c4a9bafc506875acdf42fc8ff65,BNB,216.8978,0.2419,BUY,2024-04-08 07:53:00,0.0939,OPEN,0.0,10,Long
0xd45a1cd4a5790cb05bf8c66c9c2a4154c047bb63,LINK,5.8325,0.0173,SELL,2024-04-08 08:08:00,-0.0004,OPEN,0.0,2,Short
0x6772ce2c78ad77d185e724baf3c73fc855e0c397,AVAX,14.5279,0.3561,SELL,2024-04-08 09:37:00,-0.0282,CLOSE,-1.81,1,Short
0xc599099a389d38c5d9c8b5481edbeba0598102b1,AVAX,13.4601,0.2878,BUY,2024-04-08 14:42:00,-0.0724,OPEN,0.0,3,Long
0xbdd2a8dc587fa386779f90becc9694c9586d3ce5,BTC,23779.6919,0.097,SELL,2024-04-08 15:24:00,-0.0249,CLOSE,-3.01,2,Short
0xaa624205b23ee2d620474b557ab013e55b55c926,LINK,5.5329,0.1208,BUY,2024-04-08 17:00:00,-0.0742,OPEN,0.0,50,Long
0x78af6c0c766c104d1e512e617f991e02976ce472,AVAX,13.3905,0.0293,BUY,2024-04-08 18:16:00,-0.0105,OPEN,0.0,20,Long
0x4f4a940690ae223310632fab09b9ce1d1115fe6b,BTC,24607.5598,0.1446,BUY,2024-04-08 19:32:00,-0.0033,CLOSE,-2.22,2,Long
0x9c453737aa43460414e9164eba11d3f5579cf2f1,BTC,26242.9394,0.0844,SELL,2024-04-08 22:53:00,0.0381,OPEN,0.0,3,Short
0x1df10b04fc8b7bb56232fbf467593f3d4db7f636,LINK,5.8222,0.3204,BUY,2024-04-09 01:03:00,-0.0037,OPEN,0.0,1,Long
0xebf28c699b1e7f2ad3e31316d86da0df789a475b,BNB,196.6904,0.0212,SELL,2024-04-09 06:43:00,0.0017,OPEN,0.0,20,Short
0x987c1d0a09e6109925ce9325a327c9bc34db8d33,SOL,21.1718,0.176,SELL,2024-04-09 06:46:00,0.1318,OPEN,0.0,3,Short
0xc61546b61eada8292e6df67fbf85809118265b37,MATIC,0.9043,0.3134,SELL,2024-04-09 07:36:00,0.2901,OPEN,0.0,3,Short
0xa2a2e9a7468bbcd27e0f039d47476b02aac10637,LINK,5.9848,1.3589,BUY,2024-04-09 12:06:00,1.1138,CLOSE,11.29,5,Long
0x14fb2d0de7f331f4ab61b71a9d5c4c8e4ef8c0e5,AVAX,11.9074,0.7787,BUY,2024-04-09 13:58:00,-0.4243,CLOSE,10.74,20,Long
0xf547770f567ab48950b47158a6efc236cb73d8c1,ETH,1764.3355,0.2548,BUY,2024-04-09 16:50:00,0.0188,OPEN,0.0,3,Long
0x525162b29a67219a10418bb3be42f9213b57465d,BTC,25019.2559,0.053,SELL,2024-04-09 22:31:00,-0.0205,CLOSE,1.52,2,Short
0x30cf07144e7941c6c51824aa794607d5a2f34311,OP,1.5084,0.3269,SELL,2024-04-09 22:34:00,-0.0707,CLOSE,5.06,3,Short
0xb429f0db71443a6dc3b6dd7fc8a7ccec4aa6dfca,BNB,223.8017,0.7539,BUY,2024-04-10 03:21:00,0.5874,CLOSE,-12.58,10,Long
0xa2a2e9a7468bbcd27e0f039d47476b02aac10637,ETH,1567.118,0.5501,SELL,2024-04-10 04:28:00,0.281,CLOSE,-136.13,50,Short
0x09fceb2336574e225ea891b132998c73f4696abe,MATIC,1.0437,0.0657,SELL,2024-04-10 08:02:00,0.0341,OPEN,0.0,1,Short
0xa2a2e9a7468bbcd27e0f039d47476b02aac10637,ARB,1.1808,1.2762,BUY,2024-04-10 13:43:00,0.0187,OPEN,0.0,50,Long
0xebf28c699b1e7f2ad3e31316d86da0df789a475b,BNB,197.7573,0.0853,SELL,2024-04-10 15:59:00,0.0044,CLOSE,1.19,2,Short
0x1df10b04fc8b7bb56232fbf467593f3d4db7f636,ETH,1631.9235,0.0445,BUY,2024-04-10 18:30:00,-0.002,CLOSE,-12.77,10,Long
0xedbe03d7cf3f6121ea929dfa1841270856f03d2b,ARB,1.1576,0.0719,SELL,2024-04-10 19:06:00,0.0219,CLOSE,1.24,3,Short
0x0328d5d04ef6b199bde888fc75394a7e49cbb2e3,ARB,1.186,0.1553,SELL,2024-04-10 20:37:00,0.0426,OPEN,0.0,5,Short
0xbdd2a8dc587fa386779f90becc9694c9586d3ce5,AVAX,14.6874,0.2341,BUY,2024-04-10 22:24:00,-0.0504,OPEN,0.0,3,Long
0xdaae4227dfe85b6068adba35a50dd7a2e75f34fe,ARB,1.258,0.02,SELL,2024-04-11 04:38:00,0.0059,OPEN,0.0,1,Short
0xedbe03d7cf3f6121ea929dfa1841270856f03d2b,AVAX,13.0771,1.275,BUY,2024-04-11 05:07:00,0.3831,CLOSE,1.67,1,Long
0x0e414a03aedcefa5c05276b7aa873350baf6378b,MATIC,0.9306,0.207,SELL,2024-04-11 08:50:00,0.0291,OPEN,0.0,50,Short
0xb429f0db71443a6dc3b6dd7fc8a7ccec4aa6dfca,ETH,1530.0256,0.1479,BUY,2024-04-11 10:43:00,-0.1166,CLOSE,0.6,3,Long
0x0328d5d04ef6b199bde888fc75394a7e49cbb2e3,AVAX,13.4858,0.9606,SELL,2024-04-11 11:03:00,-0.3892,CLOSE,42.7,20,Short
0x14fb2d0de7f331f4ab61b71a9d5c4c8e4ef8c0e5,BNB,205.0771,0.3027,BUY,2024-04-11 11:36:00,0.0285,CLOSE,-3.2,2,Long
0x4aed548b0ad2ad42d36a65fc9fbb736529027373,MATIC,0.8941,0.2281,SELL,2024-04-11 11:58:00,-0.0597,CLOSE,-0.09,1,Short
0xaa624205b23ee2d620474b557ab013e55b55c926,AVAX,14.5535,0.294,SELL,2024-04-11 15:05:00,-0.287,CLOSE,2.14,2,Short
0x0f2f77b9475059e62105e77b8d130a7cd6f85ea9,LINK,6.0213,0.254,SELL,2024-04-11 16:52:00,0.0357,CLOSE,-1.15,1,Short
0x1d186cb24f764ddad17b04d51d4a66b0c92ad716,AVAX,12.548,0.2519,BUY,2024-04-11 17:15:00,0.1042,OPEN,0.0,2,Long
0x79734a87ec5efa730c4a5d0ff563bac34e411e6b,MATIC,0.8907,0.0468,SELL,2024-04-11 22:47:00,-0.0175,OPEN,0.0,5,Short
0xbdd2a8dc587fa386779f90becc9694c9586d3ce5,LINK,6.6637,0.2162,SELL,2024-04-11 23:15:00,0.0423,CLOSE,2.3,5,Short
0x30cf07144e7941c6c51824aa794607d5a2f34311,BTC,25723.9537,0.6697,SELL,2024-04-11 23:53:00,-0.0057,OPEN,0.0,3,Short
0x7968a5f8676e6b77d71e6dadf79e40929b9c9eb0,ARB,1.1958,0.2613,BUY,2024-04-12 03:47:00,-0.0606,OPEN,0.0,3,Long
0x5f3203e5a82554fb4ff75ee00ec09483e2ae0341,AVAX,15.6529,0.1268,BUY,2024-04-12 05:10:00,0.0016,OPEN,0.0,1,Long
0x2fb4e305fa7f9e99b4f649c36ab6f03349f63204,ETH,1528.2686,0.2158,BUY,2024-04-12 07:01:00,0.0731,CLOSE,-1.45,1,Long
0xd070b332429151e576014d456b91028526f824b6,MATIC,0.967,0.5508,SELL,2024-04-12 08:02:00,-0.0588,CLOSE,-3.94,1,Short
0xedbe03d7cf3f6121ea929dfa1841270856f03d2b,SOL,19.1742,1.1097,SELL,2024-04-12 10:24:00,1.0245,CLOSE,0.56,2,Short
0x4939835272851ed4624ebeef2cd55b020d083576,MATIC,0.9364,0.6191,BUY,2024-04-12 12:40:00,-0.3416,CLOSE,3.61,2,Long
0x4379bda828db78e0c9e1b8c145905c0b109af197,BNB,206.5404,2.2778,SELL,2024-04-12 14:58:00,1.9075,CLOSE,-0.22,1,Short
0x5cc6e86a6eb53b1f13feb35d2a7d10c872850f05,OP,1.3974,0.0998,SELL,2024-04-12 15:00:00,0.0992,OPEN,0.0,1,Short
0x6262afa887ea89b1b66c12e70d25de9412bdf3dd,ARB,1.0761,0.3906,BUY,2024-04-12 15:28:00,0.028,OPEN,0.0,10,Long
0x5cc6e86a6eb53b1f13feb35d2a7d10c872850f05,SOL,19.8239,0.2866,BUY,2024-04-12 16:47:00,-0.2198,CLOSE,-15.77,10,Long
0x4379bda828db78e0c9e1b8c145905c0b109af197,AVAX,14.3499,1.3268,SELL,2024-04-12 19:06:00,-0.9283,CLOSE,-6.26,20,Short
0x5a1966353c437c4a9bafc506875acdf42fc8ff65,ARB,1.2532,0.126,SELL,2024-04-12 22:08:00,-0.0265,CLOSE,0.12,1,Short
0x4379bda828db78e0c9e1b8c145905c0b109af197,BTC,25302.6664,0.3332,SELL,2024-04-13 02:44:00,0.0012,OPEN,0.0,2,Short
0x893c0ce1b001bed43dbe9f36ff779cf9df99e513,AVAX,13.2201,0.1978,BUY,2024-04-13 06:05:00,-0.0624,OPEN,0.0,50,Long
0x0af6790523dd0af40c1c3a03a4c1a0df6067eba2,SOL,20.5916,0.0164,SELL,2024-04-13 08:13:00,0.0127,OPEN,0.0,20,Short
0xf547770f567ab48950b47158a6efc236cb73d8c1,BTC,24887.2154,0.0701,SELL,2024-04-13 10:55:00,0.0274,OPEN,0.0,50,Short
0x525162b29a67219a10418bb3be42f9213b57465d,DOGE,0.077,0.0302,SELL,2024-04-13 15:50:00,0.0172,OPEN,0.0,20,Short
0x6121a1650753afb98b8a066940907804424fc225,OP,1.5018,0.5252,BUY,2024-04-13 16:12:00,0.2697,CLOSE,-1.32,1,Long
0xb5165416bd5e31205f5eebdb26cd1592ebddca2e,LINK,6.0364,0.3106,BUY,2024-04-13 16:47:00,0.0625,CLOSE,27.42,10,Long
0xcfd86a92699b4e78a9d76f77c3658a5933d981e1,AVAX,14.2669,1.6174,SELL,2024-04-13 17:00:00,-0.0328,CLOSE,3.21,2,Short
0x8528643b6c996c090947e88b00fe1763200c3698,DOGE,0.0709,1.2323,SELL,2024-04-13 22:48:00,0.3173,CLOSE,78.05,10,Short
0x6262afa887ea89b1b66c12e70d25de9412bdf3dd,LINK,6.1593,0.1456,BUY,2024-04-14 00:25:00,-0.0557,CLOSE,34.58,20,Long
0xd070b332429151e576014d456b91028526f824b6,LINK,5.7404,0.0654,SELL,2024-04-14 00:53:00,0.0016,OPEN,0.0,50,Short
0x0af6790523dd0af40c1c3a03a4c1a0df6067eba2,BNB,209.367,0.1439,BUY,2024-04-14 01:24:00,0.0327,OPEN,0.0,1,Long
0x4379bda828db78e0c9e1b8c145905c0b109af197,OP,1.5016,0.831,SELL,2024-04-14 02:07:00,-0.3025,OPEN,0.0,5,Short
0x4379bda828db78e0c9e1b8c145905c0b109af197,BTC,26873.183,0.1864,SELL,2024-04-14 06:32:00,-0.0839,CLOSE,-0.06,2,Short
0x5a1966353c437c4a9bafc506875acdf42fc8ff65,LINK,6.1133,0.4125,SELL,2024-04-14 12:13:00,-0.0375,CLOSE,34.09,20,Short
0x78af6c0c766c104d1e512e617f991e02976ce472,OP,1.5817,0.7069,BUY,2024-04-14 15:41:00,-0.1364,CLOSE,-86.58,50,Long
0x8528643b6c996c090947e88b00fe1763200c3698,LINK,5.9622,0.4972,SELL,2024-04-14 18:42:00,-0.0262,CLOSE,-8.72,20,Short
0xc4dea9884019946f0c0617e568292cdd487b5de4,DOGE,0.0624,0.6078,BUY,2024-04-14 20:38:00,0.217,OPEN,0.0,10,Long
0x23be95267b9414f864c908abccf5f987e42ce22c,BTC,25181.0846,0.5901,BUY,2024-04-14 21:15:00,-0.1814,OPEN,0.0,20,Long
0x4939835272851ed4624ebeef2cd55b020d083576,MATIC,0.8911,0.1652,BUY,2024-04-15 02:11:00,-0.0384,CLOSE,3.17,1,Long
0x893c0ce1b001bed43dbe9f36ff779cf9df99e513,OP,1.4242,0.737,SELL,2024-04-15 03:45:00,0.3545,OPEN,0.0,3,Short
0xe2f5ee794b96897c7d576413e0148b2e8f9fa655,MATIC,0.998,0.0912,BUY,2024-04-15 04:26:00,-0.0388,OPEN,0.0,1,Long
0x646d2815b93dc22b981b7152e79d208287e60827,BTC,24301.9748,0.1464,SELL,2024-04-15 08:08:00,-0.0383,OPEN,0.0,10,Short
0xdaae4227dfe85b6068adba35a50dd7a2e75f34fe,ETH,1725.8509,0.0785,SELL,2024-04-15 09:45:00,0.0607,OPEN,0.0,5,Short
0x78af6c0c766c104d1e512e617f991e02976ce472,BTC,26845.9296,0.6708,SELL,2024-04-15 11:02:00,0.5773,OPEN,0.0,20,Short
0x2e380d92bab460b09297a542e4b0198e2c87e43c,MATIC,0.889,0.0125,SELL,2024-04-15 13:18:00,0.0109,OPEN,0.0,1,Short
0x987c1d0a09e6109925ce9325a327c9bc34db8d33,LINK,6.1745,0.9851,BUY,2024-04-15 19:48:00,-0.5427,OPEN,0.0,1,Long
0x987c1d0a09e6109925ce9325a327c9bc34db8d33,ETH,1535.706,0.2895,SELL,2024-04-15 20:54:00,0.2373,CLOSE,20.53,10,Short
0x7968a5f8676e6b77d71e6dadf79e40929b9c9eb0,AVAX,14.058,0.7321,BUY,2024-04-15 22:06:00,0.106,CLOSE,-17.18,20,Long
0x1df10b04fc8b7bb56232fbf467593f3d4db7f636,MATIC,0.9131,0.4313,BUY,2024-04-16 02:15:00,0.194,OPEN,0.0,5,Long
0x6772ce2c78ad77d185e724baf3c73fc855e0c397,DOGE,0.0679,0.5821,BUY,2024-04-16 02:43:00,0.2213,OPEN,0.0,1,Long
0xc87fa1c370a4cdce8a3de02aecd8246696f21820,ETH,1604.9945,0.3664,BUY,2024-04-16 02:44:00,0.0622,CLOSE,-8.65,3,Long
0x4f4a940690ae223310632fab09b9ce1d1115fe6b,BNB,202.1257,0.4801,BUY,2024-04-16 08:47:00,-0.0764,CLOSE,-0.01,3,Long
0xedbe03d7cf3f6121ea929dfa1841270856f03d2b,DOGE,0.0665,0.4946,BUY,2024-04-16 09:11:00,-0.3666,CLOSE,33.56,20,Long
0x6121a1650753afb98b8a066940907804424fc225,AVAX,14.6988,0.5298,SELL,2024-04-16 09:30:00,-0.1691,CLOSE,11.45,50,Short
0xb2ad781ab883a8f93650bcd708f6c9529a07f690,ARB,1.2201,0.1532,SELL,2024-04-16 11:40:00,0.0242,OPEN,0.0,1,Short
0x5a1966353c437c4a9bafc506875acdf42fc8ff65,OP,1.4822,0.0291,SELL,2024-04-16 12:06:00,0.0115,CLOSE,0.72,2,Short
0xebf28c699b1e7f2ad3e31316d86da0df789a475b,DOGE,0.0726,0.673,BUY,2024-04-16 14:12:00,0.8423,OPEN,0.0,5,Long
0xa2e1a7b77321268164f1cab8f52cd112cfe0f364,LINK,5.6631,0.0536,BUY,2024-04-16 14:51:00,0.0447,OPEN,0.0,1,Long
0xbdd2a8dc587fa386779f90becc9694c9586d3ce5,OP,1.6141,0.4229,BUY,2024-04-16 15:17:00,0.0215,OPEN,0.0,20,Long
0x2e380d92bab460b09297a542e4b0198e2c87e43c,AVAX,14.1859,0.1024,BUY,2024-04-16 17:08:00,-0.0025,CLOSE,5.39,5,Long
0xcfd86a92699b4e78a9d76f77c3658a5933d981e1,ETH,1632.9731,2.4841,BUY,2024-04-16 17:24:00,-0.9909,CLOSE,6.7,2,Long
0x0e414a03aedcefa5c05276b7aa873350baf6378b,AVAX,13.7635,0.4862,BUY,2024-04-16 22:50:00,-0.1525,OPEN,0.0,50,Long
0x75e3bcbec520c0c454921cf1afac79214071ba6e,BNB,195.595,0.3176,BUY,2024-04-17 01:03:00,-0.2562,OPEN,0.0,20,Long
0xc87fa1c370a4cdce8a3de02aecd8246696f21820,ETH,1572.5832,0.7841,SELL,2024-04-17 01:10:00,-0.7697,CLOSE,5.11,5,Short
0x24a05b6a280881d9f48b32588c8c89018988a3b9,ETH,1648.6754,0.0936,BUY,2024-04-17 02:57:00,0.0334,CLOSE,-2.45,3,Long
0xbdd2a8dc587fa386779f90becc9694c9586d3ce5,SOL,20.8778,0.1297,BUY,2024-04-17 05:33:00,0.0686,OPEN,0.0,3,Long
0x47484e135be5cc29287e7165fb9c975996f6a214,MATIC,0.8701,0.0566,BUY,2024-04-17 08:45:00,0.0255,OPEN,0.0,1,Long
0xc87fa1c370a4cdce8a3de02aecd8246696f21820,MATIC,0.9475,0.9686,SELL,2024-04-17 09:26:00,0.3818,CLOSE,-4.21,3,Short
0xe2c1562bb67f7a529b76e91f7196d63f54ccddaf,OP,1.5435,0.294,BUY,2024-04-17 11:36:00,-0.1041,CLOSE,0.51,2,Long
0x525162b29a67219a10418bb3be42f9213b57465d,BNB,204.4434,1.7206,BUY,2024-04-17 12:13:00,-0.0338,OPEN,0.0,1,Long
0x2d1a95b8825f9bbc7b309def655febd63cc1029d,AVAX,13.9633,1.1355,BUY,2024-04-17 22:34:00,-0.1961,OPEN,0.0,10,Long
0xc87fa1c370a4cdce8a3de02aecd8246696f21820,DOGE,0.066,0.5331,SELL,2024-04-18 02:58:00,-0.0087,OPEN,0.0,1,Short
0x893c0ce1b001bed43dbe9f36ff779cf9df99e513,MATIC,0.9105,0.2525,SELL,2024-04-18 07:12:00,-0.1352,OPEN,0.0,1,Short
0x4ccba13ed55148644802487bce53eb55921ba0fe,LINK,6.268,0.2224,SELL,2024-04-18 11:00:00,0.0714,OPEN,0.0,10,Short
0xc599099a389d38c5d9c8b5481edbeba0598102b1,LINK,5.8037,0.4232,BUY,2024-04-18 12:29:00,0.1241,OPEN,0.0,3,Long
0xc599099a389d38c5d9c8b5481edbeba0598102b1,MATIC,0.8802,0.7359,BUY,2024-04-18 15:38:00,-0.2974,OPEN,0.0,3,Long
0x4f4a940690ae223310632fab09b9ce1d1115fe6b,BNB,208.3215,0.2278,SELL,2024-04-18 16:57:00,0.0418,CLOSE,0.04,1,Short
0xbb4e5487f3cf95039e0674754240ffcd91dcb7b6,ETH,1616.9027,0.2454,SELL,2024-04-18 22:08:00,-0.0362,CLOSE,55.85,20,Short
0x4ccba13ed55148644802487bce53eb55921ba0fe,BTC,26443.9911,0.9108,BUY,2024-04-18 22:54:00,-0.167,CLOSE,-2.97,5,Long
0xbb4e5487f3cf95039e0674754240ffcd91dcb7b6,DOGE,0.0693,0.0175,BUY,2024-04-19 00:19:00,0.0005,OPEN,0.0,20,Long
0xb429f0db71443a6dc3b6dd7fc8a7ccec4aa6dfca,BNB,209.3571,0.2026,BUY,2024-04-19 00:20:00,0.0596,OPEN,0.0,50,Long
0x453dd2d9eed5ff86eb409796ee5f1e1d285c33d4,LINK,5.5319,0.0603,SELL,2024-04-19 02:29:00,-0.0315,OPEN,0.0,10,Short
0x744cb7ef9bc0528b331a9c8cbdd555eeda37cf0e,OP,1.4177,0.5212,SELL,2024-04-19 03:29:00,0.2142,CLOSE,-6.61,20,Short
0x79734a87ec5efa730c4a5d0ff563bac34e411e6b,ARB,1.0983,0.0475,SELL,2024-04-19 03:44:00,0.014,OPEN,0.0,2,Short
0x8528643b6c996c090947e88b00fe1763200c3698,BNB,222.5153,0.1954,SELL,2024-04-19 10:48:00,-0.0296,OPEN,0.0,1,Short
0x26e94b906f96d22acf1132f3c95ef725e7f49365,SOL,19.2088,0.0941,SELL,2024-04-19 15:20:00,0.0099,OPEN,0.0,1,Short
0xd45a1cd4a5790cb05bf8c66c9c2a4154c047bb63,DOGE,0.0688,0.1288,SELL,2024-04-19 15:41:00,0.0315,CLOSE,-82.57,50,Short
0x5cc6e86a6eb53b1f13feb35d2a7d10c872850f05,BNB,201.2645,0.1518,SELL,2024-04-19 17:05:00,-0.0484,CLOSE,1.15,1,Short
0xbdd2a8dc587fa386779f90becc9694c9586d3ce5,BNB,212.9525,0.1495,SELL,2024-04-19 17:36:00,-0.0141,OPEN,0.0,5,Short
0x2e380d92bab460b09297a542e4b0198e2c87e43c,MATIC,0.9571,0.5091,BUY,2024-04-19 19:07:00,0.0542,OPEN,0.0,5,Long
0x453dd2d9eed5ff86eb409796ee5f1e1d285c33d4,AVAX,13.748,0.8207,BUY,2024-04-19 21:09:00,-0.2988,OPEN,0.0,5,Long
0x4939835272851ed4624ebeef2cd55b020d083576,SOL,19.2964,0.395,SELL,2024-04-19 22:01:00,0.3056,OPEN,0.0,10,Short
0xb5165416bd5e31205f5eebdb26cd1592ebddca2e,ETH,1685.3082,0.2503,SELL,2024-04-20 03:33:00,0.0369,OPEN,0.0,1,Short
0x9c453737aa43460414e9164eba11d3f5579cf2f1,OP,1.5492,1.4359,SELL,2024-04-20 08:25:00,0.5523,OPEN,0.0,50,Short
0xaa624205b23ee2d620474b557ab013e55b55c926,DOGE,0.0692,0.3587,BUY,2024-04-20 08:50:00,0.1772,CLOSE,-2.69,1,Long
0x2d1a95b8825f9bbc7b309def655febd63cc1029d,ARB,1.18,0.9507,SELL,2024-04-20 10:16:00,0.2552,OPEN,0.0,50,Short
0x26e94b906f96d22acf1132f3c95ef725e7f49365,BNB,175.9667,0.1051,BUY,2024-04-20 10:38:00,-0.0538,OPEN,0.0,2,Long
0x4939835272851ed4624ebeef2cd55b020d083576,ETH,1586.6825,0.6786,BUY,2024-04-20 10:57:00,0.0719,CLOSE,3.78,2,Long
0x4aed548b0ad2ad42d36a65fc9fbb736529027373,BTC,26583.3266,0.0345,BUY,2024-04-20 16:58:00,-0.0168,CLOSE,33.62,10,Long
0x1df10b04fc8b7bb56232fbf467593f3d4db7f636,BTC,27184.204,0.2674,BUY,2024-04-20 20:32:00,-0.0361,CLOSE,3.86,3,Long
0xb429f0db71443a6dc3b6dd7fc8a7ccec4aa6dfca,ETH,1538.1966,0.4659,SELL,2024-04-21 00:59:00,-0.0135,OPEN,0.0,5,Short
0x4939835272851ed4624ebeef2cd55b020d083576,BNB,209.1896,0.0128,BUY,2024-04-21 04:07:00,-0.0,CLOSE,8.5,20,Long
0x6262afa887ea89b1b66c12e70d25de9412bdf3dd,SOL,18.8498,0.2488,BUY,2024-04-21 04:58:00,0.0431,CLOSE,2.39,3,Long
0x4939835272851ed4624ebeef2cd55b020d083576,SOL,20.3334,0.8224,SELL,2024-04-21 05:12:00,-1.025,CLOSE,-53.27,20,Short
0x0af6790523dd0af40c1c3a03a4c1a0df6067eba2,OP,1.4966,0.024,BUY,2024-04-21 07:30:00,-0.0138,OPEN,0.0,3,Long
0xb973994ea6148c341bff47f5e9721ff9029420df,ETH,1585.0741,0.7913,SELL,2024-04-21 07:52:00,0.859,OPEN,0.0,3,Short
0x26e94b906f96d22acf1132f3c95ef725e7f49365,BTC,23634.8501,0.2609,SELL,2024-04-21 11:22:00,-0.1922,CLOSE,5.66,10,Short
0xa2e1a7b77321268164f1cab8f52cd112cfe0f364,BNB,209.0101,0.3664,SELL,2024-04-21 12:39:00,0.0332,CLOSE,3.08,3,Short
0x6ae91f9044b365bc545fbaefecc120afb3f0e0b8,ETH,1618.0211,0.5069,SELL,2024-04-21 16:50:00,0.1756,CLOSE,30.29,10,Short
0x8528643b6c996c090947e88b00fe1763200c3698,BTC,23565.3858,0.0915,BUY,2024-04-21 16:57:00,-0.0025,CLOSE,21.4,20,Long
0xee391c2f221fd53d6a55604791a2377121504c19,BTC,24213.7027,0.4241,BUY,2024-04-21 17:51:00,-0.0023,CLOSE,-2.63,50,Long
0xebf28c699b1e7f2ad3e31316d86da0df789a475b,DOGE,0.0735,0.5531,SELL,2024-04-21 19:02:00,0.1633,OPEN,0.0,5,Short
0xdaae4227dfe85b6068adba35a50dd7a2e75f34fe,OP,1.6035,0.6705,BUY,2024-04-22 01:43:00,0.1346,OPEN,0.0,3,Long
0x893c0ce1b001bed43dbe9f36ff779cf9df99e513,LINK,6.4385,0.1829,SELL,2024-04-22 02:19:00,0.1144,OPEN,0.0,10,Short
0xe2f5ee794b96897c7d576413e0148b2e8f9fa655,SOL,17.1242,0.2595,BUY,2024-04-22 08:54:00,-0.0153,OPEN,0.0,5,Long
0xb5165416bd5e31205f5eebdb26cd1592ebddca2e,AVAX,13.691,0.1418,SELL,2024-04-22 09:03:00,0.1504,OPEN,0.0,1,Short
0x987c1d0a09e6109925ce9325a327c9bc34db8d33,OP,1.3745,0.189,BUY,2024-04-22 15:21:00,0.0057,CLOSE,100.53,20,Long
0x5cc6e86a6eb53b1f13feb35d2a7d10c872850f05,SOL,20.24,0.5471,BUY,2024-04-22 18:58:00,0.0836,CLOSE,34.82,20,Long
0x453dd2d9eed5ff86eb409796ee5f1e1d285c33d4,ARB,1.1834,0.4083,BUY,2024-04-22 21:27:00,-0.3482,OPEN,0.0,20,Long
0x5f3203e5a82554fb4ff75ee00ec09483e2ae0341,DOGE,0.068,0.7162,SELL,2024-04-22 22:50:00,-0.5506,OPEN,0.0,1,Short
0x5a1966353c437c4a9bafc506875acdf42fc8ff65,LINK,6.3143,0.7311,BUY,2024-04-23 01:44:00,-1.0429,OPEN,0.0,3,Long
0xb4d87bd4dc83166db001549b0f7dd10ed8172a97,DOGE,0.0676,0.7683,BUY,2024-04-23 04:53:00,0.3084,OPEN,0.0,10,Long
0x646d2815b93dc22b981b7152e79d208287e60827,ARB,1.2873,0.406,SELL,2024-04-23 14:47:00,-0.0266,OPEN,0.0,2,Short
0x987c1d0a09e6109925ce9325a327c9bc34db8d33,SOL,19.5124,0.5241,SELL,2024-04-23 15:08:00,0.5657,OPEN,0.0,50,Short
0xdaae4227dfe85b6068adba35a50dd7a2e75f34fe,ARB,1.2872,0.4468,BUY,2024-04-23 17:35:00,-0.1072,OPEN,0.0,2,Long
0x6772ce2c78ad77d185e724baf3c73fc855e0c397,AVAX,14.96,0.1365,BUY,2024-04-23 21:12:00,-0.0132,CLOSE,1.18,1,Long
0x646d2815b93dc22b981b7152e79d208287e60827,OP,1.5542,0.4871,SELL,2024-04-23 22:41:00,-0.2211,CLOSE,0.02,1,Short
0x7968a5f8676e6b77d71e6dadf79e40929b9c9eb0,ETH,1722.1944,1.0267,BUY,2024-04-24 00:15:00,-0.8877,OPEN,0.0,50,Long
0xaa624205b23ee2d620474b557ab013e55b55c926,MATIC,0.849,0.6126,BUY,2024-04-24 00:31:00,-0.3572,CLOSE,-25.72,20,Long
0x2e380d92bab460b09297a542e4b0198e2c87e43c,MATIC,0.9015,0.0267,BUY,2024-04-24 09:08:00,-0.0086,CLOSE,4.24,2,Long
0x1d186cb24f764ddad17b04d51d4a66b0c92ad716,OP,1.3948,1.4124,SELL,2024-04-24 09:54:00,-1.3512,CLOSE,-36.6,20,Short
0xb77e6e8c09d1faa2d9fa8746ce75c51abe7252be,BTC,26212.5847,0.4141,BUY,2024-04-24 14:16:00,-0.3216,OPEN,0.0,50,Long
0xea061b83a2dc03d04b9b22920149ea6f5465fa27,BTC,25042.4461,0.6607,BUY,2024-04-24 18:44:00,-0.1194,OPEN,0.0,20,Long
0xe921971dbc1ec5636c7872b4ccfded69e5a45abe,ETH,1655.4958,0.2286,BUY,2024-04-24 19:49:00,0.0828,OPEN,0.0,5,Long
0xc87fa1c370a4cdce8a3de02aecd8246696f21820,ARB,1.0884,0.5327,BUY,2024-04-25 02:17:00,0.2302,CLOSE,-5.99,10,Long
0x0af6790523dd0af40c1c3a03a4c1a0df6067eba2,OP,1.5605,0.2516,BUY,2024-04-25 04:11:00,-0.0786,OPEN,0.0,50,Long
0xaa624205b23ee2d620474b557ab013e55b55c926,SOL,20.3339,0.8764,BUY,2024-04-25 05:58:00,-0.1665,CLOSE,-1.32,1,Long
0x2fb4e305fa7f9e99b4f649c36ab6f03349f63204,BTC,24253.2737,0.2154,BUY,2024-04-25 09:31:00,0.0119,CLOSE,-77.41,50,Long
0x453dd2d9eed5ff86eb409796ee5f1e1d285c33d4,ARB,1.2714,0.0929,BUY,2024-04-25 09:31:00,0.0091,OPEN,0.0,5,Long
0xb2ad781ab883a8f93650bcd708f6c9529a07f690,AVAX,13.9774,0.6222,BUY,2024-04-25 09:42:00,-0.5289,OPEN,0.0,1,Long
0x37d65217f9a89b91d3d82602fe21b9178f03dce8,ARB,1.2048,0.0615,BUY,2024-04-25 09:42:00,-0.0292,CLOSE,0.74,1,Long
0x5d4e187b0ea64e520ab88273cce8678ddb6803c8,AVAX,13.5189,0.3322,SELL,2024-04-25 10:47:00,0.1824,CLOSE,-6.17,2,Short
0xebf28c699b1e7f2ad3e31316d86da0df789a475b,MATIC,0.8324,0.1859,SELL,2024-04-25 13:41:00,0.0902,CLOSE,1.71,1,Short
0x5d4e187b0ea64e520ab88273cce8678ddb6803c8,ETH,1487.4548,0.1132,SELL,2024-04-25 17:29:00,0.0168,CLOSE,167.12,50,Short
0x47484e135be5cc29287e7165fb9c975996f6a214,MATIC,0.7939,0.2356,BUY,2024-04-25 19:54:00,0.1014,OPEN,0.0,5,Long
0x6772ce2c78ad77d185e724baf3c73fc855e0c397,MATIC,0.8612,0.1813,SELL,2024-04-25 21:50:00,0.0341,OPEN,0.0,20,Short
0x7968a5f8676e6b77d71e6dadf79e40929b9c9eb0,OP,1.5923,0.1747,SELL,2024-04-25 23:44:00,0.0461,CLOSE,72.66,20,Short
0x925c717311ca9170b4ac3e9b636d21179e3359dd,BTC,24093.8713,0.8604,SELL,2024-04-26 02:20:00,0.0582,OPEN,0.0,5,Short
0xaa624205b23ee2d620474b557ab013e55b55c926,AVAX,14.7472,1.6017,SELL,2024-04-26 05:14:00,1.3692,CLOSE,7.56,3,Short
0xbdd2a8dc587fa386779f90becc9694c9586d3ce5,OP,1.4689,0.4421,SELL,2024-04-26 09:17:00,-0.1856,OPEN,0.0,10,Short
0x14fb2d0de7f331f4ab61b71a9d5c4c8e4ef8c0e5,ARB,1.1824,0.4603,SELL,2024-04-26 11:14:00,-0.0724,CLOSE,8.25,3,Short
0x37d65217f9a89b91d3d82602fe21b9178f03dce8,MATIC,0.9575,0.7761,SELL,2024-04-26 11:36:00,0.2214,OPEN,0.0,50,Short
0x453dd2d9eed5ff86eb409796ee5f1e1d285c33d4,BNB,220.7834,0.2219,SELL,2024-04-26 11:50:00,0.0205,CLOSE,2.88,1,Short
0x43daceb7e014b2c8f1e1dea64bf293277027181b,OP,1.5033,0.6386,SELL,2024-04-26 12:56:00,0.2599,OPEN,0.0,50,Short
0xaa624205b23ee2d620474b557ab013e55b55c926,ETH,1638.8948,0.4112,BUY,2024-04-26 15:47:00,-0.4008,OPEN,0.0,1,Long
0x78af6c0c766c104d1e512e617f991e02976ce472,OP,1.4422,0.6759,BUY,2024-04-26 17:58:00,0.006,CLOSE,-3.48,10,Long
0x5f3203e5a82554fb4ff75ee00ec09483e2ae0341,AVAX,14.2307,1.3273,BUY,2024-04-27 02:53:00,0.3101,CLOSE,5.28,2,Long
0xcfd86a92699b4e78a9d76f77c3658a5933d981e1,BNB,204.0342,0.3135,SELL,2024-04-27 03:39:00,-0.1327,CLOSE,-18.62,10,Short
0xbb4e5487f3cf95039e0674754240ffcd91dcb7b6,BNB,222.7802,0.2272,BUY,2024-04-27 04:01:00,0.1728,CLOSE,-2.12,20,Long
0x78af6c0c766c104d1e512e617f991e02976ce472,MATIC,0.9452,0.4323,BUY,2024-04-27 07:15:00,-0.1206,CLOSE,-7.24,10,Long
0xe921971dbc1ec5636c7872b4ccfded69e5a45abe,DOGE,0.0713,0.1903,SELL,2024-04-27 09:39:00,0.2364,CLOSE,13.03,5,Short
0xb973994ea6148c341bff47f5e9721ff9029420df,BNB,200.0819,1.1355,SELL,2024-04-27 11:14:00,0.3724,OPEN,0.0,3,Short
0xdb5102ee19e81b7181b47ffb28758462bdc6a2f6,ETH,1558.8929,0.2719,SELL,2024-04-27 11:45:00,0.0617,CLOSE,-5.59,3,Short
0x0e414a03aedcefa5c05276b7aa873350baf6378b,LINK,5.86,0.1546,SELL,2024-04-27 12:26:00,-0.1146,OPEN,0.0,2,Short
0x925c717311ca9170b4ac3e9b636d21179e3359dd,SOL,19.4146,0.5288,SELL,2024-04-27 12:30:00,-0.1395,CLOSE,-2.06,2,Short
0xe2f5ee794b96897c7d576413e0148b2e8f9fa655,BTC,25575.3395,0.4386,BUY,2024-04-27 18:27:00,0.0427,CLOSE,1.62,3,Long
0x6772ce2c78ad77d185e724baf3c73fc855e0c397,AVAX,13.5538,0.0398,SELL,2024-04-28 00:04:00,0.0237,OPEN,0.0,20,Short
0x4939835272851ed4624ebeef2cd55b020d083576,AVAX,14.4694,0.1361,SELL,2024-04-28 11:21:00,-0.0939,CLOSE,1.35,1,Short
0xe2c1562bb67f7a529b76e91f7196d63f54ccddaf,DOGE,0.0699,0.6514,SELL,2024-04-28 13:54:00,0.2551,OPEN,0.0,2,Short
0xe2c1562bb67f7a529b76e91f7196d63f54ccddaf,OP,1.4283,0.1471,BUY,2024-04-28 17:44:00,-0.0625,CLOSE,-2.29,5,Long
0xe2c1562bb67f7a529b76e91f7196d63f54ccddaf,LINK,6.2935,0.2629,BUY,2024-04-28 20:58:00,0.0686,CLOSE,53.18,50,Long
0x1d186cb24f764ddad17b04d51d4a66b0c92ad716,MATIC,0.86,1.1665,SELL,2024-04-28 21:01:00,-0.3061,OPEN,0.0,20,Short
0x7d320effc2b28f577dcd364c61661834374cb1ee,ARB,1.1322,1.0039,BUY,2024-04-28 21:44:00,0.3126,OPEN,0.0,50,Long
0xd070b332429151e576014d456b91028526f824b6,LINK,6.0471,0.0762,BUY,2024-04-29 02:55:00,-0.0807,OPEN,0.0,5,Long
0x9f46469dacc43d56c35b79bae4905b54b673b96f,OP,1.5036,0.2742,SELL,2024-04-29 03:51:00,-0.1139,OPEN,0.0,3,Short
0x14fb2d0de7f331f4ab61b71a9d5c4c8e4ef8c0e5,ETH,1671.1633,0.4568,BUY,2024-04-29 12:36:00,0.0459,CLOSE,0.3,1,Long
0x47484e135be5cc29287e7165fb9c975996f6a214,BNB,215.0295,0.0589,BUY,2024-04-29 14:48:00,-0.0251,OPEN,0.0,1,Long
0x0328d5d04ef6b199bde888fc75394a7e49cbb2e3,OP,1.5453,0.0933,BUY,2024-04-29 16:10:00,-0.0642,CLOSE,-56.02,20,Long
0xb2ad781ab883a8f93650bcd708f6c9529a07f690,BTC,25469.0212,0.5035,SELL,2024-04-29 16:57:00,-0.1604,OPEN,0.0,1,Short
0x47484e135be5cc29287e7165fb9c975996f6a214,LINK,5.7168,0.7879,BUY,2024-04-30 00:59:00,-0.4312,CLOSE,2.88,1,Long
0x744cb7ef9bc0528b331a9c8cbdd555eeda37cf0e,MATIC,0.954,0.1809,SELL,2024-04-30 05:44:00,-0.0746,OPEN,0.0,10,Short
0x0285eb8e3dcc5302124dd67b15b3a223cf2bd3b2,SOL,18.919,0.0548,SELL,2024-04-30 08:59:00,-0.0027,CLOSE,26.49,50,Short
0x4aed548b0ad2ad42d36a65fc9fbb736529027373,AVAX,14.0756,0.6166,BUY,2024-04-30 15:31:00,-0.2795,CLOSE,11.79,10,Long
0x5a1966353c437c4a9bafc506875acdf42fc8ff65,AVAX,12.4709,0.1433,SELL,2024-04-30 15:32:00,0.0196,CLOSE,50.73,50,Short
0xdaae4227dfe85b6068adba35a50dd7a2e75f34fe,ETH,1555.0754,0.8709,BUY,2024-04-30 22:37:00,-0.2031,OPEN,0.0,3,Long
0x47484e135be5cc29287e7165fb9c975996f6a214,ETH,1461.579,0.3585,SELL,2024-05-01 03:27:00,0.2391,OPEN,0.0,5,Short
0x744c9dcc29d0c40a3d305d66bb7cf1e724333f73,BTC,25471.2296,0.1712,SELL,2024-05-01 07:41:00,-0.1545,OPEN,0.0,5,Short
0x0328d5d04ef6b199bde888fc75394a7e49cbb2e3,ARB,1.1412,0.1303,SELL,2024-05-01 08:08:00,0.0251,CLOSE,5.09,3,Short
0xcfd86a92699b4e78a9d76f77c3658a5933d981e1,LINK,6.3261,0.1036,SELL,2024-05-01 08:28:00,-0.0889,OPEN,0.0,50,Short
0x79734a87ec5efa730c4a5d0ff563bac34e411e6b,LINK,5.7006,0.6472,SELL,2024-05-01 09:41:00,-0.5677,CLOSE,29.64,20,Short
0x79734a87ec5efa730c4a5d0ff563bac34e411e6b,BTC,25311.7296,1.6583,BUY,2024-05-01 13:14:00,1.3079,CLOSE,7.55,3,Long
0x14fb2d0de7f331f4ab61b71a9d5c4c8e4ef8c0e5,ETH,1511.3614,0.5148,SELL,2024-05-01 13:38:00,-0.2497,OPEN,0.0,1,Short
0x5adebdbe4ffde843c5c0942476dafed98f4081ed,DOGE,0.0584,0.9208,BUY,2024-05-01 13:43:00,-0.6763,OPEN,0.0,5,Long
0x26e94b906f96d22acf1132f3c95ef725e7f49365,DOGE,0.0707,0.0234,SELL,2024-05-01 19:33:00,-0.007,CLOSE,2.79,2,Short
0x9c453737aa43460414e9164eba11d3f5579cf2f1,OP,1.5156,0.1504,SELL,2024-05-01 19:59:00,-0.0034,OPEN,0.0,2,Short
0xdb5102ee19e81b7181b47ffb28758462bdc6a2f6,LINK,6.3489,0.1253,BUY,2024-05-01 23:16:00,-0.0545,CLOSE,-1.17,2,Long
0x3be2f0013aec35a8fd588a7ee15b7c917e04dd75,MATIC,0.902,0.3139,SELL,2024-05-01 23:51:00,0.15,OPEN,0.0,50,Short
0xc599099a389d38c5d9c8b5481edbeba0598102b1,ETH,1538.7164,0.1479,BUY,2024-05-02 03:28:00,-0.0341,OPEN,0.0,5,Long
0x5d4e187b0ea64e520ab88273cce8678ddb6803c8,ARB,1.2879,0.058,SELL,2024-05-02 08:22:00,-0.0201,OPEN,0.0,20,Short
0xc87fa1c370a4cdce8a3de02aecd8246696f21820,OP,1.4535,0.0713,SELL,2024-05-02 14:33:00,0.0105,OPEN,0.0,3,Short
0x453dd2d9eed5ff86eb409796ee5f1e1d285c33d4,OP,1.4018,0.0595,BUY,2024-05-02 16:46:00,0.0089,OPEN,0.0,2,Long
0xc61546b61eada8292e6df67fbf85809118265b37,DOGE,0.0699,0.3403,BUY,2024-05-02 19:24:00,0.0434,OPEN,0.0,10,Long
0xc87fa1c370a4cdce8a3de02aecd8246696f21820,LINK,6.2973,0.6544,SELL,2024-05-02 20:31:00,-0.0988,CLOSE,-2.6,1,Short
0x4379bda828db78e0c9e1b8c145905c0b109af197,ETH,1667.484,0.2216,SELL,2024-05-02 20:37:00,-0.2457,CLOSE,8.06,10,Short
0x2d1a95b8825f9bbc7b309def655febd63cc1029d,ETH,1434.5633,0.5682,SELL,2024-05-02 23:27:00,-0.3196,OPEN,0.0,50,Short
0x925c717311ca9170b4ac3e9b636d21179e3359dd,AVAX,14.7621,0.0885,SELL,2024-05-03 02:22:00,-0.0167,CLOSE,-2.71,2,Short
0x6772ce2c78ad77d185e724baf3c73fc855e0c397,BNB,191.0842,0.2099,SELL,2024-05-03 05:01:00,0.1177,CLOSE,-0.27,1,Short
0x0af6790523dd0af40c1c3a03a4c1a0df6067eba2,SOL,20.6292,0.4625,SELL,2024-05-03 07:29:00,-0.3767,OPEN,0.0,5,Short
0x24a05b6a280881d9f48b32588c8c89018988a3b9,AVAX,13.9882,0.1718,SELL,2024-05-03 12:44:00,-0.0909,CLOSE,-14.87,5,Short
0xb2ad781ab883a8f93650bcd708f6c9529a07f690,OP,1.5167,0.2513,BUY,2024-05-03 15:01:00,-0.0602,CLOSE,56.08,50,Long
0x6121a1650753afb98b8a066940907804424fc225,DOGE,0.0748,0.76,BUY,2024-05-03 16:43:00,0.0215,CLOSE,1.46,1,Long
0x453dd2d9eed5ff86eb409796ee5f1e1d285c33d4,MATIC,0.9378,1.1783,BUY,2024-05-03 22:38:00,0.3003,OPEN,0.0,50,Long
0x7968a5f8676e6b77d71e6dadf79e40929b9c9eb0,OP,1.5291,1.2691,BUY,2024-05-03 22:52:00,1.5819,OPEN,0.0,5,Long
0xbdd2a8dc587fa386779f90becc9694c9586d3ce5,MATIC,0.9223,0.7733,BUY,2024-05-04 05:15:00,0.5733,OPEN,0.0,20,Long
0x0328d5d04ef6b199bde888fc75394a7e49cbb2e3,SOL,19.4358,0.4437,SELL,2024-05-04 05:39:00,0.0409,CLOSE,19.11,5,Short
0xebf28c699b1e7f2ad3e31316d86da0df789a475b,LINK,5.5947,0.8917,BUY,2024-05-04 06:08:00,-0.5896,CLOSE,-6.18,5,Long
0x26e94b906f96d22acf1132f3c95ef725e7f49365,OP,1.5873,0.0872,SELL,2024-05-04 10:55:00,-0.0188,CLOSE,1.71,1,Short
0xc87fa1c370a4cdce8a3de02aecd8246696f21820,ETH,1694.9624,0.1315,BUY,2024-05-04 12:04:00,-0.0716,CLOSE,10.09,3,Long
0x0e414a03aedcefa5c05276b7aa873350baf6378b,BTC,27387.3436,0.1618,BUY,2024-05-04 13:41:00,0.1076,OPEN,0.0,10,Long
0x30cf07144e7941c6c51824aa794607d5a2f34311,DOGE,0.0756,0.0193,SELL,2024-05-04 15:49:00,0.0087,OPEN,0.0,3,Short
0x0af6790523dd0af40c1c3a03a4c1a0df6067eba2,AVAX,14.8096,0.2187,SELL,2024-05-04 16:16:00,-0.046,OPEN,0.0,10,Short
0xc4dea9884019946f0c0617e568292cdd487b5de4,SOL,19.2039,0.2748,BUY,2024-05-04 16:30:00,-0.1305,OPEN,0.0,3,Long
0x5a1966353c437c4a9bafc506875acdf42fc8ff65,DOGE,0.0737,0.1283,SELL,2024-05-04 18:59:00,-0.0394,CLOSE,-125.71,50,Short
0x1df10b04fc8b7bb56232fbf467593f3d4db7f636,AVAX,14.8234,0.0763,SELL,2024-05-04 22:13:00,-0.049,OPEN,0.0,50,Short
0xc87fa1c370a4cdce8a3de02aecd8246696f21820,ARB,1.1546,0.0841,SELL,2024-05-04 23:00:00,-0.005,CLOSE,-0.8,1,Short
0x23be95267b9414f864c908abccf5f987e42ce22c,LINK,5.8967,0.1391,BUY,2024-05-05 03:15:00,0.0968,OPEN,0.0,10,Long
0xedbe03d7cf3f6121ea929dfa1841270856f03d2b,LINK,5.4767,1.4029,BUY,2024-05-05 03:50:00,0.4084,CLOSE,-3.72,1,Long
0x5d4e187b0ea64e520ab88273cce8678ddb6803c8,BNB,205.9029,0.2585,SELL,2024-05-05 12:06:00,0.0007,OPEN,0.0,5,Short
0x23be95267b9414f864c908abccf5f987e42ce22c,LINK,6.4599,2.7173,SELL,2024-05-05 13:37:00,1.7626,OPEN,0.0,1,Short
0x925c717311ca9170b4ac3e9b636d21179e3359dd,ETH,1579.1197,0.04,SELL,2024-05-05 17:10:00,0.0091,OPEN,0.0,50,Short
0xeebc475a7fbdf24e9a015d16ca79c7f443e7ab81,AVAX,13.7718,0.2592,SELL,2024-05-05 19:21:00,-0.0324,OPEN,0.0,5,Short
0x3be2f0013aec35a8fd588a7ee15b7c917e04dd75,AVAX,13.2083,0.0776,BUY,2024-05-05 19:58:00,0.0617,OPEN,0.0,3,Long
0xbb4e5487f3cf95039e0674754240ffcd91dcb7b6,OP,1.4799,0.3146,SELL,2024-05-05 22:23:00,-0.1402,CLOSE,-33.53,20,Short
0x5f3203e5a82554fb4ff75ee00ec09483e2ae0341,LINK,5.8152,0.5928,BUY,2024-05-06 03:36:00,-0.0944,OPEN,0.0,3,Long
0xea061b83a2dc03d04b9b22920149ea6f5465fa27,LINK,5.6594,1.1724,BUY,2024-05-06 04:14:00,0.7714,CLOSE,-1.96,2,Long
0xedbe03d7cf3f6121ea929dfa1841270856f03d2b,LINK,5.9623,0.2821,BUY,2024-05-06 04:14:00,0.008,OPEN,0.0,5,Long
0x09fceb2336574e225ea891b132998c73f4696abe,AVAX,13.6571,0.0825,BUY,2024-05-06 05:30:00,0.0295,OPEN,0.0,50,Long
0x744c9dcc29d0c40a3d305d66bb7cf1e724333f73,MATIC,0.8959,0.1222,SELL,2024-05-06 10:51:00,0.0983,OPEN,0.0,50,Short
0x09fceb2336574e225ea891b132998c73f4696abe,BNB,211.3857,0.0704,SELL,2024-05-06 11:07:00,-0.0301,CLOSE,-37.38,50,Short
0x5a1966353c437c4a9bafc506875acdf42fc8ff65,ARB,1.1805,0.0231,BUY,2024-05-06 15:12:00,-0.0108,CLOSE,2.96,2,Long
0x0285eb8e3dcc5302124dd67b15b3a223cf2bd3b2,OP,1.4138,0.4628,SELL,2024-05-06 18:27:00,0.117,CLOSE,6.16,2,Short
0x26e94b906f96d22acf1132f3c95ef725e7f49365,BTC,24878.6022,1.9804,BUY,2024-05-06 21:17:00,1.5015,OPEN,0.0,5,Long
0x0285eb8e3dcc5302124dd67b15b3a223cf2bd3b2,DOGE,0.0605,0.2638,SELL,2024-05-06 23:01:00,0.0448,OPEN,0.0,2,Short
0xdb5102ee19e81b7181b47ffb28758462bdc6a2f6,SOL,19.0739,0.4057,SELL,2024-05-06 23:52:00,-0.2499,CLOSE,1.31,2,Short
0x987c1d0a09e6109925ce9325a327c9bc34db8d33,SOL,17.0882,0.5278,BUY,2024-05-07 04:59:00,-0.3812,OPEN,0.0,50,Long
0x2fb4e305fa7f9e99b4f649c36ab6f03349f63204,AVAX,12.8026,0.2598,BUY,2024-05-07 05:55:00,-0.0511,CLOSE,-58.49,20,Long
0xd070b332429151e576014d456b91028526f824b6,MATIC,0.7776,1.4607,BUY,2024-05-07 12:09:00,0.4422,CLOSE,0.46,2,Long
0xea061b83a2dc03d04b9b22920149ea6f5465fa27,AVAX,13.2793,0.8203,SELL,2024-05-07 13:27:00,0.8038,CLOSE,7.26,10,Short
0x47484e135be5cc29287e7165fb9c975996f6a214,MATIC,0.9119,0.8742,BUY,2024-05-07 13:36:00,-0.3084,CLOSE,-3.18,2,Long
0x0af6790523dd0af40c1c3a03a4c1a0df6067eba2,DOGE,0.0724,0.4539,SELL,2024-05-07 17:54:00,-0.13,OPEN,0.0,10,Short
0xd070b332429151e576014d456b91028526f824b6,OP,1.4787,0.9155,BUY,2024-05-07 19:02:00,0.2324,CLOSE,2.3,1,Long
0x4939835272851ed4624ebeef2cd55b020d083576,AVAX,14.7778,0.3773,SELL,2024-05-07 19:23:00,0.0901,CLOSE,-34.69,20,Short
0x37d65217f9a89b91d3d82602fe21b9178f03dce8,MATIC,0.8923,0.1935,SELL,2024-05-07 23:40:00,-0.0865,OPEN,0.0,10,Short
0xbb4e5487f3cf95039e0674754240ffcd91dcb7b6,AVAX,13.9287,0.7846,BUY,2024-05-08 01:28:00,-0.3824,CLOSE,17.94,50,Long
0xbb4e5487f3cf95039e0674754240ffcd91dcb7b6,ETH,1681.1669,0.7305,SELL,2024-05-08 02:42:00,-0.3096,OPEN,0.0,2,Short
0x7d320effc2b28f577dcd364c61661834374cb1ee,SOL,19.4726,1.9779,SELL,2024-05-08 07:50:00,-0.2763,CLOSE,1.86,20,Short
0x43daceb7e014b2c8f1e1dea64bf293277027181b,SOL,19.3896,0.0441,SELL,2024-05-08 12:22:00,-0.0037,OPEN,0.0,50,Short
0x5f3203e5a82554fb4ff75ee00ec09483e2ae0341,AVAX,14.0851,0.4575,BUY,2024-05-08 13:01:00,-0.2186,OPEN,0.0,20,Long
0xea061b83a2dc03d04b9b22920149ea6f5465fa27,SOL,20.3518,0.7504,SELL,2024-05-08 13:36:00,-0.315,OPEN,0.0,10,Short
0x0328d5d04ef6b199bde888fc75394a7e49cbb2e3,AVAX,14.7406,0.9314,BUY,2024-05-08 17:03:00,0.4228,CLOSE,1.04,3,Long
0x1d186cb24f764ddad17b04d51d4a66b0c92ad716,OP,1.4342,0.1575,BUY,2024-05-08 17:58:00,0.0415,CLOSE,2.3,20,Long
0x5a1966353c437c4a9bafc506875acdf42fc8ff65,OP,1.584,0.0667,BUY,2024-05-08 20:00:00,0.0508,OPEN,0.0,5,Long
0xd45a1cd4a5790cb05bf8c66c9c2a4154c047bb63,MATIC,0.8871,0.0374,SELL,2024-05-08 22:16:00,0.0285,CLOSE,8.18,5,Short
0xdaae4227dfe85b6068adba35a50dd7a2e75f34fe,LINK,5.6005,0.2095,BUY,2024-05-08 22:59:00,-0.1535,CLOSE,-6.18,5,Long
0x2e380d92bab460b09297a542e4b0198e2c87e43c,BNB,217.0511,0.667,SELL,2024-05-09 11:30:00,0.5096,OPEN,0.0,1,Short
0xe2c1562bb67f7a529b76e91f7196d63f54ccddaf,ARB,1.2142,0.3621,SELL,2024-05-09 12:03:00,-0.1925,CLOSE,15.99,20,Short
0x4939835272851ed4624ebeef2cd55b020d083576,LINK,6.3138,0.2453,BUY,2024-05-09 12:05:00,-0.1111,CLOSE,-2.42,2,Long
0xf547770f567ab48950b47158a6efc236cb73d8c1,ETH,1602.6269,0.3661,BUY,2024-05-09 12:25:00,0.2811,CLOSE,1.56,20,Long
0x5a1966353c437c4a9bafc506875acdf42fc8ff65,OP,1.5078,1.0249,BUY,2024-05-09 16:42:00,0.4696,CLOSE,-0.19,1,Long
0xb4d87bd4dc83166db001549b0f7dd10ed8172a97,ETH,1575.3753,0.1536,SELL,2024-05-09 17:10:00,0.0227,OPEN,0.0,3,Short
0x6121a1650753afb98b8a066940907804424fc225,OP,1.4035,0.2475,BUY,2024-05-09 21:24:00,-0.1818,CLOSE,4.01,2,Long
0x24a05b6a280881d9f48b32588c8c89018988a3b9,ARB,1.2055,0.4736,SELL,2024-05-10 03:57:00,0.4278,CLOSE,13.25,5,Short
0x744cb7ef9bc0528b331a9c8cbdd555eeda37cf0e,AVAX,13.7463,0.8705,BUY,2024-05-10 07:27:00,0.0807,CLOSE,7.56,3,Long
0x23be95267b9414f864c908abccf5f987e42ce22c,LINK,6.3011,0.3643,BUY,2024-05-10 08:11:00,-0.2391,CLOSE,-8.55,2,Long
0xb2ad781ab883a8f93650bcd708f6c9529a07f690,AVAX,14.3568,1.0247,SELL,2024-05-10 13:58:00,-0.0622,CLOSE,-3.24,2,Short
0xebf28c699b1e7f2ad3e31316d86da0df789a475b,LINK,5.4803,1.4438,BUY,2024-05-10 14:22:00,-0.2839,OPEN,0.0,50,Long
0xa2a2e9a7468bbcd27e0f039d47476b02aac10637,AVAX,14.1344,0.045,SELL,2024-05-10 15:42:00,0.0358,OPEN,0.0,10,Short
0x4ccba13ed55148644802487bce53eb55921ba0fe,SOL,21.8879,0.2628,BUY,2024-05-10 16:24:00,0.0322,CLOSE,6.74,2,Long
0x0f2f77b9475059e62105e77b8d130a7cd6f85ea9,LINK,6.1643,0.5118,BUY,2024-05-10 16:30:00,0.1857,OPEN,0.0,5,Long
0x744cb7ef9bc0528b331a9c8cbdd555eeda37cf0e,LINK,5.7661,0.3586,SELL,2024-05-10 16:55:00,0.072,CLOSE,-25.13,20,Short
0x4aed548b0ad2ad42d36a65fc9fbb736529027373,BTC,25045.7749,0.5316,BUY,2024-05-10 17:29:00,0.4482,OPEN,0.0,5,Long
0x30cf07144e7941c6c51824aa794607d5a2f34311,AVAX,13.5824,0.0795,BUY,2024-05-10 18:50:00,0.0181,OPEN,0.0,10,Long
0xeebc475a7fbdf24e9a015d16ca79c7f443e7ab81,MATIC,0.936,0.6851,SELL,2024-05-10 19:41:00,0.1874,CLOSE,2.76,1,Short
0x09fceb2336574e225ea891b132998c73f4696abe,BNB,208.1236,0.8265,BUY,2024-05-10 20:52:00,0.1188,OPEN,0.0,1,Long
0xe2c1562bb67f7a529b76e91f7196d63f54ccddaf,BNB,214.9108,0.3911,BUY,2024-05-11 01:41:00,-0.0707,CLOSE,1.98,3,Long
0xa2e1a7b77321268164f1cab8f52cd112cfe0f364,BTC,26105.0567,0.2234,SELL,2024-05-11 02:38:00,0.0276,OPEN,0.0,5,Short
0x0af6790523dd0af40c1c3a03a4c1a0df6067eba2,SOL,22.4872,1.2308,BUY,2024-05-11 05:48:00,-0.7903,OPEN,0.0,10,Long
0x2fb4e305fa7f9e99b4f649c36ab6f03349f63204,ARB,1.229,0.1599,BUY,2024-05-11 11:12:00,0.0441,OPEN,0.0,2,Long
0xe921971dbc1ec5636c7872b4ccfded69e5a45abe,LINK,6.0447,0.2004,SELL,2024-05-11 12:29:00,0.1535,CLOSE,-139.39,50,Short
0x47484e135be5cc29287e7165fb9c975996f6a214,ARB,1.1975,0.5218,BUY,2024-05-11 13:25:00,-0.4121,CLOSE,-54.13,50,Long
0x7968a5f8676e6b77d71e6dadf79e40929b9c9eb0,BNB,212.5824,0.7565,BUY,2024-05-11 14:31:00,-0.0538,OPEN,0.0,20,Long
0xe921971dbc1ec5636c7872b4ccfded69e5a45abe,BNB,230.0266,0.057,SELL,2024-05-11 15:42:00,-0.0409,OPEN,0.0,1,Short
0xeebc475a7fbdf24e9a015d16ca79c7f443e7ab81,DOGE,0.0665,0.9859,SELL,2024-05-11 16:02:00,-0.4157,CLOSE,75.2,50,Short
0x26e94b906f96d22acf1132f3c95ef725e7f49365,ETH,1694.9169,0.7951,SELL,2024-05-11 16:17:00,-0.7519,OPEN,0.0,3,Short
0x8528643b6c996c090947e88b00fe1763200c3698,ETH,1710.9753,1.2496,SELL,2024-05-11 19:18:00,-0.4565,OPEN,0.0,20,Short
0x14fb2d0de7f331f4ab61b71a9d5c4c8e4ef8c0e5,LINK,5.9488,1.1428,BUY,2024-05-11 21:03:00,-1.3749,CLOSE,-7.21,5,Long
0x646d2815b93dc22b981b7152e79d208287e60827,ARB,1.2718,0.414,SELL,2024-05-11 21:34:00,-0.1262,OPEN,0.0,5,Short
0x75e3bcbec520c0c454921cf1afac79214071ba6e,BNB,210.5851,0.4574,SELL,2024-05-11 22:34:00,0.2502,CLOSE,-2.15,2,Short
0x4ccba13ed55148644802487bce53eb55921ba0fe,AVAX,13.1791,0.1241,SELL,2024-05-11 22:41:00,-0.0194,OPEN,0.0,10,Short
0x0285eb8e3dcc5302124dd67b15b3a223cf2bd3b2,BNB,197.0585,0.8535,SELL,2024-05-11 23:23:00,0.3041,CLOSE,8.1,5,Short
0x987c1d0a09e6109925ce9325a327c9bc34db8d33,AVAX,13.8936,0.3162,BUY,2024-05-12 02:19:00,0.1432,CLOSE,0.4,1,Long
0x1d186cb24f764ddad17b04d51d4a66b0c92ad716,MATIC,0.9204,0.5594,BUY,2024-05-12 03:58:00,0.0644,OPEN,0.0,5,Long
0xdaae4227dfe85b6068adba35a50dd7a2e75f34fe,LINK,6.0046,0.1716,SELL,2024-05-12 05:39:00,-0.0281,CLOSE,20.52,50,Short
0x4ccba13ed55148644802487bce53eb55921ba0fe,BNB,226.8589,0.426,SELL,2024-05-12 06:26:00,0.052,OPEN,0.0,20,Short
0x1d186cb24f764ddad17b04d51d4a66b0c92ad716,ARB,1.2499,0.1557,BUY,2024-05-12 08:13:00,0.1024,OPEN,0.0,3,Long
0xc4dea9884019946f0c0617e568292cdd487b5de4,DOGE,0.0716,0.2437,SELL,2024-05-12 12:18:00,-0.0358,OPEN,0.0,1,Short
0x5d4e187b0ea64e520ab88273cce8678ddb6803c8,LINK,5.3169,1.0096,SELL,2024-05-12 12:39:00,-1.0968,CLOSE,17.95,10,Short
0xb973994ea6148c341bff47f5e9721ff9029420df,BNB,203.7701,0.866,SELL,2024-05-12 14:44:00,-0.501,CLOSE,-7.7,3,Short
0xedbe03d7cf3f6121ea929dfa1841270856f03d2b,OP,1.4733,0.6066,BUY,2024-05-12 17:34:00,0.2728,OPEN,0.0,2,Long
0x5f3203e5a82554fb4ff75ee00ec09483e2ae0341,SOL,19.5536,1.5907,BUY,2024-05-12 18:14:00,0.768,OPEN,0.0,10,Long
0xb429f0db71443a6dc3b6dd7fc8a7ccec4aa6dfca,SOL,20.0754,0.3382,BUY,2024-05-12 20:03:00,0.057,OPEN,0.0,20,Long
0x4f4a940690ae223310632fab09b9ce1d1115fe6b,DOGE,0.0678,0.8614,BUY,2024-05-12 22:16:00,0.0007,CLOSE,18.59,20,Long
0x646d2815b93dc22b981b7152e79d208287e60827,DOGE,0.0748,0.5304,SELL,2024-05-13 01:07:00,-0.0321,CLOSE,77.72,50,Short
0x9f46469dacc43d56c35b79bae4905b54b673b96f,OP,1.4244,0.4856,SELL,2024-05-13 04:08:00,-0.3714,CLOSE,-1.77,3,Short
0x5a1966353c437c4a9bafc506875acdf42fc8ff65,ARB,1.2193,2.0027,SELL,2024-05-13 05:56:00,1.2656,OPEN,0.0,5,Short
0xcfd86a92699b4e78a9d76f77c3658a5933d981e1,LINK,5.6132,0.3639,SELL,2024-05-13 13:22:00,0.1337,OPEN,0.0,2,Short
0xb973994ea6148c341bff47f5e9721ff9029420df,OP,1.5244,0.1899,SELL,2024-05-13 14:26:00,0.0007,OPEN,0.0,2,Short
0xbb4e5487f3cf95039e0674754240ffcd91dcb7b6,SOL,19.724,0.1892,SELL,2024-05-13 14:42:00,0.0254,CLOSE,-25.48,20,Short
0xe2c1562bb67f7a529b76e91f7196d63f54ccddaf,BNB,214.5165,0.2104,SELL,2024-05-13 19:53:00,0.0535,OPEN,0.0,3,Short
0x6ae91f9044b365bc545fbaefecc120afb3f0e0b8,LINK,6.6498,0.6598,BUY,2024-05-13 22:56:00,-0.6056,CLOSE,-0.78,3,Long
0xe2c1562bb67f7a529b76e91f7196d63f54ccddaf,AVAX,13.589,0.2984,SELL,2024-05-13 23:25:00,-0.108,CLOSE,-4.62,5,Short
0x2d1a95b8825f9bbc7b309def655febd63cc1029d,ETH,1720.6598,0.139,BUY,2024-05-14 00:25:00,-0.0337,CLOSE,-18.32,10,Long
0x525162b29a67219a10418bb3be42f9213b57465d,AVAX,13.0308,0.1825,BUY,2024-05-14 01:52:00,0.0693,CLOSE,16.26,10,Long
0xa2e1a7b77321268164f1cab8f52cd112cfe0f364,ARB,1.1767,0.0202,SELL,2024-05-14 01:57:00,0.0022,OPEN,0.0,3,Short
0x4ccba13ed55148644802487bce53eb55921ba0fe,BTC,25254.1922,0.62,BUY,2024-05-14 05:42:00,-0.0439,CLOSE,9.28,5,Long
0x744cb7ef9bc0528b331a9c8cbdd555eeda37cf0e,ETH,1691.1903,0.3285,BUY,2024-05-14 06:21:00,-0.0272,OPEN,0.0,3,Long
0x987c1d0a09e6109925ce9325a327c9bc34db8d33,BNB,213.5341,0.8977,BUY,2024-05-14 07:23:00,-0.6019,CLOSE,-5.02,3,Long
0xdaae4227dfe85b6068adba35a50dd7a2e75f34fe,AVAX,14.69,0.0985,SELL,2024-05-14 14:14:00,0.0016,CLOSE,-8.68,20,Short
0x744c9dcc29d0c40a3d305d66bb7cf1e724333f73,LINK,5.3769,0.3081,BUY,2024-05-14 17:28:00,-0.0362,OPEN,0.0,20,Long
0xaa624205b23ee2d620474b557ab013e55b55c926,BTC,22865.7089,0.2786,BUY,2024-05-14 18:35:00,-0.0478,OPEN,0.0,5,Long
0x0328d5d04ef6b199bde888fc75394a7e49cbb2e3,LINK,6.4984,0.1052,SELL,2024-05-14 21:20:00,-0.025,CLOSE,-60.33,50,Short
